t_ms,ax,ay,az,gx,gy,gz,roll,pitch,alt_m
0,0.014,0.264,10.186,0.4976,1.6849,0.0901,-0.34,-0.50,111.91
11,-0.260,-0.127,10.185,0.5613,0.8221,0.0207,-0.05,0.46,112.00
20,-0.068,0.109,9.709,-0.2030,-0.2136,0.0414,0.32,0.44,112.04
31,-0.110,0.315,9.781,0.2228,-0.6101,0.0034,-0.28,0.24,111.92
41,-0.034,0.187,9.300,0.0231,0.2329,-0.0973,0.59,-0.25,112.17
50,-0.109,0.226,9.889,-0.2941,0.3512,0.0067,-0.27,0.54,111.90
61,-0.052,0.431,9.642,0.3627,-0.3021,0.0821,0.29,0.13,111.92
70,-0.521,-0.186,9.852,-0.3116,0.2778,0.0787,0.16,0.21,112.17
81,0.008,0.097,9.844,0.1582,-0.1361,-0.0838,-0.05,0.46,112.05
91,-0.093,-0.458,9.827,-0.3768,-0.2131,-0.0762,0.32,0.11,111.97
101,-0.409,-0.207,9.898,0.0811,-0.0117,0.0337,-0.45,0.23,112.03
110,-0.078,-0.088,9.173,0.3921,0.0398,-0.0899,0.41,0.07,112.04
120,0.193,0.156,9.687,-0.5003,-0.3635,0.0090,-0.02,0.24,111.85
131,0.121,-0.127,9.551,0.1888,-0.3655,-0.0070,-0.16,-0.37,112.02
141,0.081,-0.218,10.037,0.4364,0.6917,0.0067,0.22,-0.22,111.87
151,0.232,-0.564,9.941,0.0220,0.7243,0.0141,0.32,0.40,112.08
160,-0.628,0.015,9.635,0.2438,-0.5185,-0.0675,0.23,0.60,112.04
170,-0.025,-0.054,9.935,0.0645,-0.3898,0.0475,0.60,-0.18,112.03
180,-0.005,0.356,9.949,-0.1714,0.4083,-0.0266,0.32,0.19,112.07
191,-0.067,-0.138,9.923,-0.4332,-0.3927,-0.0106,0.39,0.32,111.90
200,-0.007,-0.212,9.601,-0.2889,-0.4563,0.0038,-0.16,-0.21,111.97
211,-0.402,0.271,10.003,0.2876,0.2606,0.0255,0.03,-0.20,111.98
220,0.190,-0.142,9.574,-0.0536,-0.1670,-0.0198,0.17,0.08,112.01
231,-0.213,-0.305,9.717,-0.0378,-0.5697,0.0118,-0.01,-0.40,111.96
241,-0.142,0.366,10.243,0.1067,0.3246,-0.0010,0.09,-0.56,112.03
250,0.148,-0.239,9.870,0.1365,0.7707,-0.0231,0.13,-0.01,112.00
260,0.137,-0.092,9.767,-0.1718,-0.2349,0.0182,0.25,0.32,111.97
271,0.604,-0.179,9.698,-0.3114,-0.3337,0.0477,-0.03,-0.28,111.86
281,0.169,-0.226,10.304,-0.1621,-0.5838,0.0930,-0.10,-0.07,111.99
291,0.269,-0.137,9.818,-0.1866,-0.2029,0.0070,-0.25,-0.94,112.03
301,-0.097,-0.019,10.184,0.5425,0.7505,0.0358,-0.27,-0.35,112.12
310,0.031,-0.157,10.008,0.2138,0.5698,-0.0079,0.35,-0.09,111.95
321,-0.312,-0.057,10.078,-0.1068,-0.4023,0.0296,-0.03,0.27,112.02
330,-0.015,-0.199,10.198,-0.2994,-0.0744,0.0294,0.24,-0.58,112.07
341,0.200,0.048,9.843,-0.7075,0.6890,0.0140,-0.39,0.19,111.90
351,0.035,0.098,9.801,0.0394,0.1106,0.0342,-0.58,0.20,112.13
360,-0.340,0.169,9.914,0.8144,-0.5988,0.0563,-0.31,0.32,111.99
370,-0.140,0.264,9.710,0.5422,-0.3174,-0.0599,0.34,-0.46,112.02
380,-0.003,-0.074,9.643,-0.1936,0.6426,0.1037,0.32,-0.04,111.96
390,-0.221,0.398,9.675,-0.5118,0.1127,0.0473,0.10,0.30,112.02
401,0.553,-0.065,9.947,-0.1242,-0.2888,-0.0339,-0.24,0.06,112.04
411,-0.235,-0.191,9.835,0.1511,0.0047,0.0144,-0.04,0.01,111.99
420,-0.206,-0.266,10.024,-0.0090,0.0280,0.0622,-0.09,0.04,112.06
430,-0.322,-0.014,10.090,-0.5803,-0.1679,0.0595,-0.10,0.03,111.94
440,-0.289,-0.140,9.583,-0.0974,-0.4595,-0.0176,-0.75,-0.15,112.18
450,0.376,-0.074,9.639,0.6191,-0.1816,-0.0165,-0.26,-0.52,112.04
460,-0.009,0.055,10.032,0.6358,0.5006,0.0122,-0.06,-0.31,111.84
470,0.321,0.388,9.867,0.1052,0.0983,-0.0137,0.45,0.05,112.03
480,0.491,-0.069,9.708,-0.0492,-0.6648,0.0703,0.05,-0.23,111.95
491,-0.289,0.449,9.447,-0.1538,0.4005,0.0705,0.42,-0.68,111.90
501,-0.279,0.327,9.635,-0.4184,0.3608,-0.0244,-0.12,0.27,112.02
511,0.438,-0.195,9.749,-0.9058,0.1691,0.0146,-0.08,-0.25,112.02
520,-0.276,-0.014,9.887,0.2104,0.4871,0.0566,-1.17,0.47,111.95
530,-0.494,-0.071,9.937,1.1600,-0.5141,0.0207,0.14,0.29,111.98
540,0.298,0.052,10.011,0.3405,-0.5437,-0.0002,0.16,-0.11,112.11
550,-0.146,-0.165,9.358,-0.2760,-0.1911,-0.0531,0.53,-0.32,112.03
561,0.251,-0.297,9.750,-0.4325,0.5646,0.0747,-0.15,-0.35,112.10
570,-0.069,0.240,10.017,-0.0573,0.4088,-0.0399,0.03,0.35,111.95
581,0.475,0.185,9.699,-0.3432,-0.4445,0.0441,-0.21,0.10,112.06
591,-0.001,-0.264,10.024,-0.0081,0.4915,-0.0064,-0.35,-0.12,111.99
601,-0.070,-0.331,10.183,0.2317,-0.1741,-0.0460,-0.21,0.69,111.95
611,-0.123,0.058,9.926,0.5246,-1.1123,-0.0237,-0.10,-0.29,112.09
621,0.133,0.241,9.828,0.0852,0.5004,-0.0638,0.41,-0.55,111.94
630,0.278,-0.060,9.871,-0.5382,0.4199,-0.0343,0.00,0.29,111.98
640,0.015,-0.147,9.588,0.0384,0.0696,-0.0328,-0.24,-0.07,111.92
651,0.057,-0.112,9.585,0.2751,-0.0016,-0.0743,0.04,0.36,111.89
660,-0.028,-0.332,9.213,-0.2065,0.3030,-0.0255,0.07,-0.05,112.00
671,-0.366,-0.560,9.482,0.2835,-0.0371,-0.0734,-0.20,0.69,111.92
680,0.341,0.165,9.444,-0.3412,-0.5545,0.0135,0.34,-0.09,112.04
691,-0.219,-0.484,9.907,-0.3740,0.2620,-0.0546,-0.57,0.06,111.98
700,0.408,-0.281,9.913,0.6497,0.2065,0.0378,-0.06,0.26,111.92
710,0.250,0.198,9.871,-0.3039,-0.0963,0.0447,0.20,0.29,112.10
720,-0.076,0.154,10.000,-0.1071,-0.5733,-0.0616,-0.40,0.16,112.00
731,-0.520,-0.367,9.967,0.7292,0.0259,-0.0383,0.11,-0.34,111.96
741,0.004,0.140,10.152,0.0313,0.0601,-0.0272,0.39,0.21,111.96
750,-0.004,0.321,9.839,-0.7968,-0.0174,-0.0463,0.14,-0.29,112.11
761,0.439,-0.307,10.059,-0.3066,0.0050,0.0030,-0.51,0.21,111.90
770,0.084,-0.205,9.458,0.7651,-0.2516,0.1105,-0.22,-0.24,112.14
781,0.914,-0.003,9.876,0.2972,-0.0398,-0.0362,0.37,-0.03,112.11
790,0.067,0.285,9.776,-0.3293,-0.3040,0.0069,0.09,-0.29,112.03
800,0.250,-0.088,9.725,0.0390,0.5514,-0.0112,-0.00,-0.34,111.94
811,-0.448,-0.128,9.730,0.1829,0.0924,0.0382,0.13,0.38,111.88
820,0.349,0.010,9.871,-0.2799,-0.2972,0.0739,0.22,-0.27,111.94
830,0.504,-0.401,10.019,-0.2438,-0.1719,0.0368,-0.21,0.08,112.01
840,-0.204,-0.127,10.113,0.2076,0.0160,0.0412,-0.09,-0.48,112.03
851,0.558,-0.104,9.807,-0.0883,0.6238,-0.0068,0.04,0.08,111.95
860,-0.152,-0.637,10.313,-0.0606,-0.1942,-0.0118,-0.16,0.23,111.96
870,0.126,0.363,9.760,0.4938,-0.3078,0.0453,-0.04,-0.12,111.98
880,0.046,-0.070,9.843,-0.2104,0.2826,0.0402,0.39,-0.11,112.01
890,-0.213,-0.590,9.704,0.1796,0.0952,0.0394,-0.29,0.22,111.94
900,-0.329,-0.251,9.589,0.7636,-0.0163,0.0180,0.58,-0.00,112.03
911,-0.198,0.466,9.545,-0.9524,-0.2748,-0.0179,0.56,0.20,111.82
920,0.209,-0.150,9.881,-0.5172,0.0847,0.0513,-0.51,-0.27,111.96
931,0.140,-0.248,9.908,0.5747,0.1583,0.0587,-0.04,0.31,111.93
940,0.307,-0.020,10.020,-0.1721,-0.2787,0.0037,0.10,-0.10,112.01
950,0.087,-0.105,9.980,-0.2472,0.1098,-0.0038,-0.23,-0.00,112.03
961,-0.644,-0.234,9.669,0.1520,-0.0917,0.0270,-0.22,0.03,111.92
971,-0.302,-0.247,9.713,0.3931,-0.1201,-0.0045,-0.07,-0.10,111.81
981,-0.072,0.047,9.938,-0.0662,0.2442,0.0472,0.22,-0.08,111.88
990,-0.039,-0.170,10.228,0.2857,-0.3340,-0.0657,-0.15,0.18,111.88
1000,0.429,0.179,9.679,0.1872,-0.0445,-0.0171,0.55,-0.49,111.88
1011,-0.102,0.274,10.360,-0.5129,0.0955,0.0058,0.09,0.14,111.94
1021,0.372,-0.012,9.756,0.3019,-0.0395,-0.0099,-0.03,-0.37,111.88
1030,0.065,-0.206,9.756,0.2194,0.6075,-0.1128,0.43,0.12,111.95
1040,-0.203,0.123,9.713,-0.2745,0.0208,-0.0210,0.19,0.32,111.96
1051,0.069,0.099,9.642,-0.2130,-0.3774,0.0743,0.11,0.13,112.12
1061,0.223,0.039,9.837,0.3726,-0.2199,0.0098,-0.10,-0.11,111.70
1071,-0.592,0.185,10.135,0.2676,-0.0466,0.0192,0.54,-0.10,111.90
1081,0.167,0.003,9.845,-0.5192,0.0232,0.0291,0.24,-0.16,111.95
1090,0.272,0.003,9.693,-0.6634,-0.0154,-0.0218,-0.06,-0.06,111.90
1100,0.199,-0.372,9.955,0.1586,-0.1552,0.0665,-0.47,-0.19,111.97
1111,0.083,-0.063,9.926,0.1330,0.3129,0.0048,0.11,-0.22,112.02
1121,0.330,-0.231,9.697,-0.5736,0.0557,0.0487,-0.34,0.17,112.02
1130,0.200,0.538,9.840,0.2226,-0.6475,0.1305,-0.51,-0.19,111.88
1140,0.237,0.444,9.618,0.5361,0.5701,0.1186,-0.08,-0.60,111.99
1151,-0.516,-0.002,9.693,0.4453,0.7180,0.0073,0.08,0.49,112.03
1161,-0.400,-0.473,9.721,-0.0359,-0.0533,-0.0395,0.38,0.26,112.00
1171,0.054,-0.361,9.841,-0.1308,-0.1267,-0.0582,0.08,0.40,111.95
1180,0.122,-0.261,9.612,-0.3960,-0.5371,-0.0662,0.24,0.14,112.11
1190,0.240,-0.187,9.511,-0.2381,-0.2472,-0.0218,-0.37,-0.17,111.95
1201,0.010,-0.046,9.938,0.3671,0.0185,0.0230,-0.01,-0.13,111.86
1210,-0.157,0.111,9.548,0.2369,0.1338,0.0577,0.04,-0.14,111.93
1221,0.465,-0.105,9.227,-0.0073,0.1889,0.1401,0.26,0.04,111.91
1230,-0.116,-0.205,9.940,0.0203,0.0880,0.1061,0.03,0.12,111.80
1241,-0.113,-0.109,9.777,-0.1812,0.0743,-0.0799,0.24,0.14,111.89
1250,0.155,-0.060,9.645,-0.1083,-0.4209,0.0906,-0.15,0.20,112.04
1261,0.204,-0.243,9.510,0.2305,-0.1076,-0.0287,0.11,-0.33,111.95
1270,-0.314,0.231,9.650,-0.4234,0.2200,0.0477,0.12,0.10,111.97
1281,-0.245,0.160,9.973,-0.0421,0.1122,0.0201,-0.37,-0.05,111.74
1291,-0.160,0.156,9.907,0.2441,-0.6100,0.0701,0.05,0.21,111.98
1300,0.261,-0.181,10.076,-0.5247,0.0823,-0.0675,-0.10,-0.77,111.90
1310,-0.038,-0.361,9.766,0.3314,0.4662,-0.0307,-0.57,0.31,112.01
1320,-0.107,0.233,9.766,0.4219,-0.1307,-0.0075,0.29,-0.22,112.15
1330,-0.098,-0.168,10.105,-0.4799,-0.1211,-0.0357,-0.11,0.12,111.93
1340,-0.023,-0.027,9.581,-0.0204,0.1109,-0.0335,-0.26,-0.39,111.99
1351,-0.038,0.017,9.961,0.2862,0.8381,-0.0397,-0.11,0.27,111.89
1361,0.090,-0.490,9.677,0.4787,-0.1990,-0.0670,0.04,0.56,111.96
1370,-0.191,0.140,9.876,-0.0684,-0.3043,-0.0111,0.45,0.07,111.95
1381,0.035,-0.475,9.898,-0.2902,-0.3141,-0.0125,-0.05,0.21,112.07
1390,-0.037,-0.070,9.954,0.4219,-0.0860,0.0329,0.14,-0.30,112.00
1400,-0.283,-0.151,9.299,0.0145,0.4688,-0.0440,0.41,0.12,111.86
1411,0.457,-0.162,9.879,-0.1019,-0.0372,0.0201,0.16,0.26,112.07
1421,-0.173,-0.302,9.881,-0.2638,-0.2826,-0.0318,0.32,0.06,111.94
1430,-0.254,-0.380,9.539,-0.0889,-0.3135,0.0031,-0.14,-0.04,111.95
1440,-0.160,-0.313,9.874,0.0892,0.0555,0.0209,0.23,-0.28,111.87
1450,-0.294,0.071,9.651,0.0916,0.3923,0.0816,-0.02,0.02,112.05
1460,0.185,0.646,9.688,-0.2451,0.2052,-0.0167,0.32,0.15,112.00
1470,0.064,-0.302,10.074,-0.4810,-0.5072,0.0500,-0.30,0.28,111.84
1480,-0.411,-0.231,9.702,0.6162,-0.3524,0.0237,-0.23,-0.42,112.13
1491,0.228,0.277,9.892,0.1486,0.4336,-0.0002,0.38,-0.16,111.94
1501,-0.438,-0.140,9.426,-0.4362,0.2069,-0.0295,-0.06,0.07,112.00
1510,-0.360,0.162,9.477,0.0222,0.4584,-0.0518,-0.11,0.07,112.16
1521,-0.344,-0.035,10.063,-0.0893,0.1491,0.0155,0.02,0.61,111.97
1530,0.205,0.135,9.798,0.3172,-0.2763,-0.0980,-0.21,0.22,111.98
1541,-0.042,0.763,10.280,-0.1095,0.4658,-0.0074,0.40,0.32,111.95
1550,0.323,-0.232,10.001,-0.3968,-0.4859,0.0206,-0.37,0.73,111.93
1561,0.759,0.033,9.887,0.3782,-0.6854,0.0128,-0.05,-0.24,111.93
1571,0.062,-0.005,9.432,0.0451,0.1183,0.0376,0.10,-0.04,111.98
1581,-0.387,0.382,9.801,-0.2823,0.3529,0.0194,-0.03,-0.09,112.00
1590,-0.525,-0.160,9.759,-0.1874,-0.0393,0.0364,-0.24,0.37,111.95
1601,0.125,-0.158,10.073,0.3147,0.0913,0.0382,-0.26,-0.12,111.99
1611,-0.235,-0.109,9.873,-0.0518,-0.0298,0.0006,0.13,0.45,111.84
1620,-0.122,-0.108,9.703,0.0344,-0.5023,-0.0100,-0.31,-0.13,112.02
1630,-0.696,-0.247,9.998,-0.1686,-0.0089,-0.0371,0.19,-0.13,111.89
1640,-0.569,-0.286,10.329,-0.3210,0.2876,-0.0554,-0.46,-0.15,111.98
1650,0.084,-0.028,9.826,0.4425,0.4852,-0.0457,-0.17,0.17,111.99
1661,-0.316,-0.027,9.857,-0.1744,-0.2835,0.0433,0.01,0.41,112.03
1671,0.069,0.087,9.649,0.1538,-0.1055,0.0750,-0.38,-0.15,112.08
1681,0.106,0.196,9.414,0.2999,0.2361,-0.0530,0.20,0.31,111.98
1690,0.278,0.560,9.904,-0.4548,-0.2097,0.0504,-0.01,0.09,112.07
1701,0.056,-0.207,10.103,-0.4089,0.2254,-0.0585,-0.31,0.11,111.96
1711,0.041,-0.410,9.632,-0.1231,-0.5545,-0.0591,-0.46,0.36,112.06
1720,0.111,0.119,9.825,0.3826,-0.2549,0.0525,-0.47,-0.49,111.98
1731,0.345,0.371,9.877,0.1090,-0.0796,0.0108,0.02,0.05,112.03
1740,0.106,-0.257,9.893,-0.3933,0.1789,-0.0660,-0.35,-0.57,112.07
1750,-0.413,-0.305,9.922,0.2609,0.1127,-0.0016,-0.41,0.28,111.96
1761,0.308,-0.250,9.676,0.9665,-0.3127,0.0546,-0.07,-0.45,111.86
1771,-0.273,-0.042,10.042,0.1041,0.0594,0.0050,0.68,-0.10,111.97
1781,-0.093,0.095,9.638,-0.4306,0.3103,-0.1021,0.08,-0.38,112.08
1791,-0.535,0.287,9.506,-0.0174,0.6136,-0.0117,0.23,0.26,112.07
1801,-0.186,0.088,9.628,0.0179,-0.7386,-0.0279,0.06,0.32,111.94
1810,0.285,0.154,9.679,-0.4241,-0.1366,0.0256,0.23,-0.57,111.96
1820,-0.063,-0.237,9.894,-0.3202,0.1775,-0.0145,-0.40,0.19,112.06
1831,-0.177,0.537,10.440,0.4466,-0.5183,-0.0131,-0.13,-0.38,111.95
1840,0.583,-0.344,9.831,0.1016,0.5442,-0.0511,0.08,-0.39,111.87
1851,-0.022,0.254,9.839,-0.1125,0.3237,0.0037,-0.01,0.24,112.13
1860,0.472,-0.040,9.964,-0.1676,-0.1522,0.0472,-0.06,-0.01,112.00
1871,0.117,0.023,9.412,-0.0237,0.5309,-0.0613,-0.20,0.09,111.95
1881,0.086,-0.106,9.539,-0.0159,-0.1472,0.0180,-0.08,0.61,111.96
1890,0.297,-0.016,10.417,-0.5459,-0.3356,-0.0173,-0.23,-0.07,112.05
1900,-0.004,-0.118,9.812,-0.1143,-0.3801,0.0492,-0.73,0.23,112.01
1911,0.502,-0.465,9.572,0.7097,-0.4103,0.0031,-0.36,-0.52,111.82
1921,-0.586,0.008,9.551,0.7021,0.6019,0.0404,0.14,-0.21,112.02
1930,-0.092,0.208,9.606,0.3396,-0.2937,-0.0490,0.47,0.15,111.96
1941,0.026,-0.073,9.848,-0.3773,-0.0942,-0.0241,0.54,-0.57,111.99
1950,-0.170,0.464,9.645,-0.2150,0.5044,-0.0164,0.03,0.07,112.01
1960,-0.046,0.105,9.705,0.1864,-0.2480,0.0065,0.27,-0.04,112.12
1970,-0.014,0.371,9.568,-0.4368,-0.2331,0.0343,0.27,-0.20,111.84
1981,-0.099,0.630,9.938,-0.6653,0.3040,0.0427,-0.21,-0.32,111.87
1991,-0.258,0.062,9.424,0.2065,0.3902,-0.0129,-0.51,0.14,112.05
2001,-0.346,0.104,9.686,-0.0312,0.2277,0.0648,0.01,0.13,111.94
2011,0.154,-0.090,9.965,-0.0616,-0.3662,-0.0098,-0.53,0.39,111.98
2020,0.279,-0.044,9.847,0.6264,0.1697,0.0036,-0.10,-0.29,112.04
2030,-0.229,0.217,9.797,-0.2479,0.5307,-0.0812,0.18,0.57,111.88
2041,-0.046,-0.021,10.163,-0.1848,-0.5853,-0.0416,-0.43,0.33,111.97
2051,0.105,0.436,9.378,0.6681,-0.4257,-0.0151,0.01,-0.09,111.94
2060,0.505,-0.178,9.659,0.0916,-0.3840,0.0650,0.37,-0.19,111.95
2070,-0.067,-0.195,9.646,-0.1657,0.3525,-0.0851,0.11,-0.50,112.15
2081,-0.341,-0.331,9.816,0.1262,0.7648,-0.0230,0.16,0.23,111.93
2091,-0.157,0.061,9.819,0.3227,-0.4235,0.0283,0.27,0.35,112.12
2101,0.290,-0.156,9.502,-0.2061,-0.3241,-0.0211,0.52,-0.24,111.81
2111,-0.610,-0.178,9.711,-0.1328,-0.1007,-0.0598,0.05,-0.03,111.97
2121,0.498,0.003,9.928,-0.0572,0.0642,0.0385,0.37,-0.36,112.00
2130,0.325,0.252,9.894,-0.4680,0.2743,-0.1254,-0.02,0.07,111.92
2141,0.394,0.002,10.354,0.1083,-0.1076,0.0232,-0.16,-0.04,112.13
2150,0.019,-0.243,9.987,0.0059,0.3667,-0.0118,0.09,-0.04,111.99
2160,-0.310,-0.186,9.725,-0.2466,-0.4114,0.0540,-0.18,0.38,112.19
2170,0.211,0.432,9.659,-0.0130,-0.2503,0.0236,-0.17,-0.52,111.88
2180,0.193,-0.019,10.154,-0.4699,-0.0700,-0.0707,-0.18,0.09,112.08
2190,-0.047,0.021,10.189,0.1992,-0.1931,-0.0942,-0.69,-0.58,112.07
2200,-0.127,-0.295,9.470,0.2780,0.0884,-0.0250,0.03,-0.15,112.07
2210,-0.040,-0.475,9.667,-0.0736,0.1573,0.0638,-0.38,-0.49,111.95
2220,0.115,-0.064,10.055,0.6886,0.0842,-0.0815,-0.03,0.05,111.91
2230,-0.321,0.254,9.381,-0.0768,-0.3215,-0.0429,0.43,-0.38,112.07
2240,-0.227,0.252,9.928,-0.4976,0.9613,0.0388,-0.16,-0.32,111.84
2251,-0.513,-0.371,9.767,0.4778,0.5330,0.0238,-0.16,0.72,111.92
2261,0.030,0.550,9.743,0.2854,-0.9845,0.0100,0.41,0.31,112.23
2271,-0.516,0.020,9.725,-0.0710,-0.7208,0.0880,0.16,-0.42,111.84
2280,-0.172,-0.170,9.797,-0.2710,0.2136,-0.0746,0.29,-0.53,112.04
2290,0.210,-0.021,9.860,-0.0488,0.2608,-0.0974,-0.11,-0.15,112.06
2301,0.081,-0.226,9.863,-0.0971,0.5746,-0.0009,0.22,-0.24,111.93
2311,-0.292,0.666,10.179,-0.3842,0.0408,-0.0530,-0.21,0.53,112.02
2320,0.132,-0.092,10.321,0.3525,-0.1164,0.0112,-0.20,-0.14,112.01
2330,0.076,0.402,9.940,0.0245,-0.0324,0.0555,0.18,0.41,111.84
2341,0.158,0.070,9.605,0.0634,-0.4300,-0.0242,-0.18,-0.14,112.15
2351,-0.239,-0.046,10.225,0.7557,0.2055,-0.0444,0.23,-0.08,112.00
2361,-0.327,0.312,9.921,-0.6431,-0.2681,0.0609,0.72,0.06,112.02
2370,-0.061,0.216,10.094,-0.8213,-0.1266,0.0031,-0.51,-0.35,112.07
2381,0.057,-0.296,9.806,0.7380,0.4020,0.0876,-0.23,-0.10,111.90
2391,0.032,-0.151,9.672,0.1724,-0.1774,0.0495,0.34,0.06,112.17
2401,-0.165,0.181,9.655,-0.0025,-0.2780,-0.0031,-0.04,-0.29,111.88
2410,0.013,-0.289,9.706,-0.2386,0.2974,-0.0561,0.35,-0.23,112.06
2420,0.686,-0.321,10.250,-0.2145,0.2098,-0.0144,-0.30,0.04,111.99
2430,0.006,0.359,10.119,0.2333,-0.1178,-0.0255,0.10,0.01,111.92
2440,-0.084,-0.152,9.973,-0.0562,0.0238,-0.0196,-0.05,-0.11,112.06
2450,0.308,-0.195,9.975,0.1211,-0.1457,-0.0286,0.04,0.01,112.08
2461,0.018,0.364,9.835,-0.3866,-0.3191,-0.0127,0.10,-0.28,111.91
2470,0.342,-0.090,9.549,-0.3679,-0.1292,-0.0544,-0.37,-0.35,111.95
2481,0.237,-0.090,9.545,0.6994,-0.0237,-0.0168,-0.32,-0.42,111.88
2490,0.002,-0.343,10.323,0.3643,0.1123,-0.1511,0.42,-0.40,112.06
2501,-0.388,-0.202,10.079,-0.3664,0.1369,-0.0318,0.09,-0.29,112.08
2510,-0.023,0.109,9.464,-0.0621,0.1939,0.0214,0.03,-0.25,111.95
2521,0.429,0.265,10.263,0.0954,0.2398,0.0980,-0.01,-0.05,112.18
2530,0.078,-0.243,9.630,-0.3227,-0.0689,0.0039,0.11,0.04,112.05
2540,-0.135,0.084,9.714,-0.3269,0.2431,0.0557,-0.35,-0.13,112.07
2550,-0.207,0.159,9.535,0.6668,0.1856,-0.0857,-0.30,0.34,112.13
2561,-0.096,-0.028,9.655,0.3407,-0.0655,0.0410,0.39,0.07,111.94
2571,-0.298,-0.040,9.837,-0.1002,0.2485,0.0485,0.05,0.27,112.06
2581,-0.115,0.019,9.791,-0.1956,-0.2789,-0.0428,0.26,0.36,111.99
2591,0.047,-0.208,9.674,0.1318,-0.4514,0.1349,-0.18,-0.08,111.94
2600,0.287,0.249,9.732,0.2092,0.0437,0.0074,0.41,-0.15,111.90
2610,-0.394,0.182,9.831,-0.1984,-0.1305,-0.0360,0.10,-0.01,111.96
2620,-0.523,-0.016,10.026,0.0593,0.2219,0.0204,0.14,-0.32,112.09
2631,0.468,-0.005,9.805,-0.3652,0.1571,0.0397,0.16,0.23,111.98
2640,-0.138,0.111,9.954,-0.6449,-0.4893,0.0220,-0.24,-0.11,112.00
2650,-0.281,-0.201,9.676,-0.0755,-0.2206,0.0336,-0.56,-0.38,112.06
2660,0.390,0.138,9.722,0.9215,0.3931,0.0322,-0.32,-0.36,112.08
2670,0.094,0.349,9.636,0.5997,0.2683,-0.0234,0.49,0.07,112.21
2681,-0.116,0.295,10.011,-0.4781,0.1679,-0.0034,0.39,-0.07,112.00
2690,-0.135,0.013,9.733,-0.4449,0.3073,-0.0273,-0.10,0.26,111.97
2700,-0.193,0.210,9.556,0.3558,0.1537,-0.0573,-0.09,0.22,112.00
2710,0.297,0.109,9.878,0.0393,-0.2742,0.0358,0.31,0.45,112.20
2720,-0.120,-0.049,9.483,-0.6094,-0.1228,0.0584,-0.05,-0.08,111.93
2731,-0.274,0.026,10.118,0.3882,-0.1004,0.0216,-0.39,0.27,112.12
2740,0.000,-0.094,9.747,0.4929,-0.0912,0.0879,0.38,-0.20,112.05
2751,0.093,-0.109,10.013,-0.9938,-0.0467,-0.0050,0.14,0.15,112.02
2760,0.193,-0.151,10.039,-0.2079,0.1463,0.0519,-0.75,-0.25,111.91
2770,-0.221,-0.640,9.665,0.6883,0.1749,-0.0278,-0.09,0.32,112.02
2780,0.093,-0.175,9.486,0.1926,-0.2027,-0.0165,0.04,-0.06,112.00
2791,0.056,-0.306,9.896,0.0114,-0.1055,0.0519,0.14,0.11,111.93
2801,0.188,0.141,9.736,-0.2597,0.2202,0.0354,0.05,-0.19,112.17
2811,-0.141,-0.256,9.642,-0.0584,0.1156,0.0990,-0.19,0.35,112.11
2821,-0.077,0.061,9.543,0.2738,-0.3037,0.0435,-0.03,-0.08,111.99
2831,0.193,0.425,9.694,-0.0141,-0.2319,-0.0034,0.09,-0.02,112.05
2840,0.338,-0.034,9.967,-0.1894,-0.2485,-0.0163,-0.08,-0.33,112.00
2851,0.400,-0.189,9.641,0.4043,-0.0931,0.0418,-0.11,-0.27,112.09
2861,0.365,-0.205,9.777,-0.1522,0.3948,0.0806,0.38,-0.40,112.04
2870,-0.287,-0.678,9.764,-0.4539,0.1207,-0.0150,-0.28,0.19,111.97
2880,0.248,0.109,9.692,-0.2881,-0.3031,0.1887,-0.10,-0.25,112.05
2891,0.112,-0.105,9.428,0.2375,0.4224,-0.0110,-0.61,-0.15,112.09
2900,-0.457,0.397,9.544,0.7422,-0.1627,0.0132,0.16,0.24,112.06
2911,0.194,0.145,9.173,0.0199,-0.4007,0.0070,0.25,-0.30,112.09
2920,0.119,0.118,9.801,-0.0037,0.1904,-0.0519,0.16,-0.23,111.88
2931,0.269,-0.225,10.029,-0.0104,0.5959,-0.0108,0.28,-0.08,112.05
2940,0.033,0.048,9.849,-0.1531,0.0949,0.0200,0.13,0.44,112.04
2951,0.268,-0.428,9.830,0.0644,-0.2274,0.0656,0.10,0.02,112.15
2960,-0.350,0.056,9.878,-0.1636,-0.1014,0.0752,0.14,0.12,112.04
2970,0.204,-0.003,9.550,0.1883,0.1304,-0.0505,-0.08,-0.12,111.96
2980,-0.142,0.262,9.914,-0.0247,-0.1317,-0.0093,0.36,0.27,112.05
2990,0.015,-0.435,9.579,-0.6755,12.9019,-0.0202,-0.10,-0.29,112.05
3000,-2.444,-0.309,23.864,0.7065,12.3235,0.0202,-0.44,15.03,111.97
3011,-2.048,0.260,22.230,1.6113,-2.4215,0.0209,0.68,13.82,112.10
3020,-1.812,-0.076,18.081,0.2404,-2.2622,0.0163,1.40,12.27,112.07
3031,-2.180,-0.030,14.747,0.2112,-2.2292,0.0213,0.98,11.26,111.86
3040,-1.655,0.384,12.690,0.7772,-2.3851,-0.0287,1.66,9.71,111.90
3051,-0.581,0.240,13.543,0.6313,-2.4843,0.0758,1.90,8.55,112.17
3061,-0.305,0.471,16.968,0.9183,-2.3184,0.0015,2.40,6.87,111.99
3071,-0.477,0.249,18.635,0.4930,-2.1929,-0.0133,2.93,5.92,112.08
3081,-0.382,0.782,16.732,0.6202,-2.2756,0.1036,2.94,4.41,112.09
3090,0.609,0.564,13.132,0.5987,-2.1838,0.1016,3.62,3.28,111.89
3100,0.308,0.463,10.978,0.5847,-2.7636,-0.0258,3.65,1.88,112.06
3121,0.971,0.438,9.468,0.5145,0.1321,0.0018,4.47,-0.28,111.90
3131,1.045,0.650,9.782,0.4538,0.1469,0.0626,4.87,0.26,112.07
3141,0.909,0.885,9.151,1.1676,0.1475,-0.0232,5.01,-0.12,111.90
3151,0.909,1.278,10.027,1.1228,0.0989,-0.0360,6.22,0.34,112.14
3160,1.164,0.965,9.699,-0.2944,-0.1396,0.0234,6.33,0.01,111.93
3171,1.349,0.567,9.747,0.2027,-0.1853,-0.0031,5.91,0.22,112.09
3181,1.693,0.684,9.629,0.8121,-0.8779,-0.0310,6.59,-0.18,112.09
3190,1.402,1.064,9.879,0.4054,0.1345,0.0568,6.85,-0.79,112.04
3200,1.056,1.323,9.706,0.2353,0.4518,0.0146,7.10,-0.03,112.16
3210,1.363,0.953,9.728,0.7785,-0.2778,0.0095,7.12,-0.26,111.99
3220,1.442,1.503,9.627,0.6691,-0.0462,-0.0373,8.01,-0.36,111.99
3231,1.159,0.752,10.373,0.2762,0.2531,-0.0100,7.88,-0.33,112.00
3240,1.540,1.424,9.454,0.5934,0.8273,0.0246,8.33,-0.07,111.92
3251,1.449,1.333,9.810,0.5429,-0.7771,-0.0319,8.52,0.62,112.04
3260,1.880,1.631,9.676,-0.3630,-0.6240,-0.0554,8.94,-0.93,112.13
3271,1.231,0.982,9.968,0.3420,1.4255,-0.0736,8.12,-0.09,112.12
3280,1.098,0.982,10.043,1.0457,-0.1945,0.0724,9.31,0.67,112.10
3290,1.593,1.638,9.878,-0.1266,-0.3184,0.0055,9.27,-0.30,112.17
3300,1.715,1.894,9.191,0.4080,-0.2348,-0.0337,9.14,0.27,112.06
3310,2.110,1.491,9.559,-0.0341,-0.2506,-0.0368,9.75,-0.57,111.99
3320,1.854,1.660,9.811,-0.3348,0.3383,0.1163,9.14,-0.02,111.93
3331,1.868,1.441,9.802,-0.2217,0.1077,-0.0784,9.35,-0.17,112.06
3340,1.547,1.899,9.896,0.0706,0.2793,-0.0232,8.88,0.08,112.06
3351,1.414,1.713,9.706,0.2170,0.5030,0.0061,9.43,0.16,112.12
3361,1.164,1.755,9.383,-0.4886,-0.1452,-0.0421,9.10,0.64,112.01
3371,1.295,1.328,9.548,0.3755,-0.7571,0.0033,8.86,-0.00,112.02
3380,1.290,1.910,9.703,-0.1159,0.0820,0.0095,9.56,-0.21,111.90
3391,1.086,1.850,9.463,-0.7399,0.1561,0.0059,8.74,0.09,112.13
3400,1.295,1.991,10.115,-0.1596,0.0991,0.0414,8.72,-0.00,111.95
3410,1.318,1.511,9.758,-0.4467,-0.2802,0.0408,8.53,0.16,111.89
3421,0.850,1.680,9.414,-0.1156,-0.2136,0.0311,8.21,-0.32,112.01
3431,0.789,1.710,9.619,0.0794,0.3045,-0.0441,8.43,-0.06,111.93
3441,0.823,1.172,9.703,-0.3886,-0.1228,-0.0178,8.30,0.05,112.06
3451,1.147,1.584,9.986,-1.2146,-0.1052,0.0346,7.98,-0.22,112.07
3461,0.766,1.217,9.140,-0.2235,0.3520,-0.0190,6.95,-0.06,112.00
3471,0.844,1.555,9.454,0.1095,-0.2730,-0.0579,7.72,0.20,112.02
3480,0.750,1.439,10.131,-1.0122,-0.0980,0.0487,7.06,-0.40,112.10
3490,0.125,1.490,9.938,-0.2316,0.7337,0.0407,6.53,0.09,111.98
3500,0.401,1.367,10.106,-0.0200,-0.1483,0.0308,6.79,0.45,112.11
3510,0.820,0.930,10.059,-0.9236,-2.3760,0.0051,6.48,-0.10,112.05
3520,0.367,0.844,10.297,-0.0392,-3.2629,0.0024,5.68,-2.33,112.08
3530,1.216,1.445,10.704,-0.6208,-2.8956,0.0082,6.41,-3.85,112.15
3541,1.205,0.980,11.050,-1.6959,-2.4915,-0.0570,4.97,-5.66,112.01
3551,0.820,0.593,11.657,-0.5730,-2.2677,0.0395,4.46,-6.68,112.04
3561,1.250,0.773,11.988,0.1937,-2.7728,0.0859,4.28,-8.24,112.10
3571,1.632,0.401,12.391,-0.3813,-2.8915,-0.0060,4.68,-9.90,112.01
3580,1.778,0.859,12.520,-1.1608,-2.8714,-0.0139,3.82,-11.55,112.01
3590,1.741,0.463,13.312,-0.6713,-2.2248,-0.0547,3.37,-13.17,111.91
3601,2.080,0.441,13.949,-0.7355,-2.4025,0.0448,3.07,-14.09,111.99
3610,2.217,0.460,13.479,-0.8795,-3.2855,-0.0740,2.51,-15.97,112.00
3620,2.193,-0.317,13.593,-0.7314,-3.0483,0.0112,2.07,-17.84,112.15
3631,2.842,-0.097,13.420,-0.3398,-2.4315,-0.0171,1.67,-19.49,112.04
3641,2.730,0.480,13.331,-0.2749,-2.8106,0.0887,1.66,-20.65,112.01
3650,2.841,0.075,12.842,-1.1706,-2.8508,0.0060,1.33,-22.75,112.05
3661,3.215,-0.128,11.566,-0.9449,-2.3734,-0.0605,0.29,-23.94,112.16
3670,3.218,-0.340,11.667,-0.0275,-3.2657,0.0038,0.25,-25.51,112.14
3681,3.983,0.122,10.168,-0.5179,-3.0428,-0.0117,0.24,-27.63,112.11
3690,3.429,-0.415,10.202,-0.3063,-2.2235,0.0196,-0.32,-29.01,111.97
3700,3.969,-0.044,9.716,0.0057,0.8561,-0.0211,-0.15,-30.15,112.08
3710,3.455,0.002,9.865,-0.2431,2.6054,0.0480,-0.31,-28.03,111.94
3720,3.477,0.309,10.362,0.3153,1.8845,-0.0458,-0.39,-27.17,112.03
3731,3.325,0.033,9.906,0.1531,2.2530,-0.0175,0.03,-25.88,111.95
3741,3.071,0.060,10.315,0.1364,2.2119,-0.0242,-0.22,-24.57,112.05
3750,2.481,0.027,10.502,0.1565,2.0975,0.0136,0.19,-23.35,112.05
3761,1.840,-0.030,10.408,-0.0713,2.4042,-0.0206,-0.01,-22.16,112.06
3770,2.346,-0.277,10.984,-0.0966,2.5498,-0.0040,0.12,-20.62,112.02
3781,1.783,-0.236,10.679,-0.2436,1.7241,0.0424,-0.09,-19.21,112.05
3791,1.865,-0.036,11.232,0.0735,1.7716,-0.0022,-0.19,-18.62,112.06
3801,1.529,-0.357,11.817,0.1344,2.4690,-0.0978,-0.03,-17.20,112.06
3811,1.239,0.135,11.157,-0.1533,2.4344,0.0352,-0.00,-15.80,111.99
3820,0.775,0.030,11.224,0.1542,1.9404,0.0263,-0.21,-14.46,112.00
3830,0.966,0.260,10.752,0.3977,1.7381,0.0757,0.13,-13.56,112.22
3841,0.671,-0.262,11.530,-0.1197,2.2583,-0.0416,0.22,-12.48,112.06
3851,0.238,-0.021,11.441,0.2874,1.9525,-0.0413,0.05,-10.95,112.14
3860,0.732,-0.136,11.188,-0.2111,1.9029,0.0116,0.51,-10.23,112.02
3871,-0.216,-0.083,10.577,-0.2705,2.4807,0.0242,-0.19,-8.77,112.06
3880,-0.235,-0.428,10.420,0.0834,2.5566,0.0702,0.16,-7.39,112.03
3891,-0.354,-0.013,10.099,-0.0729,2.5617,-0.0799,-0.12,-5.83,111.99
3901,-0.397,-0.159,9.802,-0.1093,1.7064,-0.0185,0.07,-4.46,112.08
3910,-0.756,-0.411,10.003,0.2104,1.3813,0.0729,-0.25,-3.89,112.09
3921,-0.757,-0.580,9.338,0.2798,1.1525,0.0890,0.33,-2.84,112.04
3930,-1.309,-0.010,8.842,0.0161,1.1472,0.0283,0.05,-2.58,112.00
3940,-0.927,0.268,8.510,-0.3712,1.7276,-0.0250,0.36,-1.57,112.02
3950,-1.895,0.131,8.147,-0.4281,1.7895,0.0159,-0.38,-0.64,112.02
3961,-1.603,-0.103,8.237,0.0959,1.5609,-0.0370,-0.15,0.46,111.96
3970,-1.099,0.410,8.563,-0.0082,1.2306,0.0392,-0.27,1.21,111.99
3981,-0.929,0.126,7.938,0.0468,0.6334,0.0746,-0.16,1.90,111.99
3991,-1.566,0.053,8.041,0.1011,1.7867,0.0897,-0.21,1.92,112.08
4001,-1.456,-0.446,7.781,0.2211,2.3425,-0.0184,-0.04,3.97,112.00
4010,-1.508,0.288,7.389,0.0121,1.8900,-0.0285,-0.01,4.64,111.98
4021,-2.098,-0.120,7.393,-0.1461,1.9634,0.0447,-0.01,6.14,112.07
4031,-1.840,-0.085,7.949,0.0401,1.5842,-0.0667,-0.17,6.88,111.93
4041,-2.045,0.096,7.324,0.3649,0.7135,-0.0120,0.06,7.94,111.97
4051,-1.878,0.206,8.030,-0.2901,1.3032,0.0233,0.26,7.69,112.17
4061,-2.277,-0.831,8.223,-0.2217,2.2137,-0.0354,-0.27,9.45,112.04
4070,-2.165,0.187,8.574,0.2476,1.4079,-0.0217,0.00,10.23,112.09
4081,-2.212,0.034,8.116,0.1173,1.6237,0.0450,-0.02,11.09,112.18
4090,-2.605,-0.153,8.766,-0.0072,1.6221,-0.0171,0.14,12.10,111.94
4100,-2.613,0.198,8.988,-0.1233,1.3047,0.0320,-0.02,12.97,112.11
4111,-2.411,-0.033,9.207,-0.2473,1.3493,-0.0281,-0.00,13.56,111.98
4120,-2.464,0.000,9.459,0.2579,0.1264,0.0790,-0.30,14.52,112.06
4131,-2.397,0.157,24.850,0.7064,-1.4582,-0.0294,0.30,13.71,112.01
4140,-2.044,-0.129,21.378,0.9090,-2.1025,-0.0663,0.49,12.84,112.08
4150,-2.153,0.026,16.621,1.0076,-2.4031,-0.0072,1.39,11.29,112.14
4161,-1.277,0.437,12.633,0.7052,-2.1116,-0.0271,1.67,10.08,111.96
4170,-1.340,0.240,11.115,0.5829,-2.9104,-0.0055,2.18,8.83,111.93
4181,-0.590,0.843,10.180,1.0249,-2.5005,0.0192,2.35,6.73,112.07
4191,-0.205,0.652,10.069,1.1745,-1.9912,0.0655,3.31,5.95,112.15
4200,-0.437,0.335,9.504,0.8326,-2.6851,-0.0287,3.73,4.48,112.02
4211,0.031,0.853,9.736,1.1348,-2.4640,0.0269,4.21,2.88,111.92
4220,0.519,0.572,9.399,0.5100,-1.6822,-0.0288,5.05,1.68,112.02
4231,0.866,0.994,9.594,0.4363,-1.8569,-0.0901,4.79,0.96,111.94
4240,1.226,1.000,9.720,0.6724,-1.2236,-0.0264,5.57,-0.45,111.98
4250,1.188,0.899,10.117,0.4846,0.2144,0.0663,5.57,-0.44,112.04
4260,0.780,1.345,9.584,0.8105,0.1724,0.0708,6.11,-0.15,112.19
4270,1.436,0.658,9.580,0.5744,0.0001,0.0689,6.47,-0.23,112.00
4280,1.240,1.044,9.251,0.6753,0.2922,0.0355,6.79,-0.20,112.15
4291,1.208,1.156,10.164,0.4336,0.3244,-0.0791,7.25,0.07,112.10
4300,0.890,1.131,9.665,0.4004,-0.4205,0.0363,7.29,0.15,111.99
4311,1.365,1.444,9.568,0.7503,-0.7272,0.0910,7.70,-0.41,112.20
4320,1.360,1.158,9.719,0.9402,0.0403,-0.0059,8.14,-0.67,112.16
4331,1.835,1.431,9.623,0.0898,0.8409,-0.0359,8.78,-0.32,111.92
4341,1.519,1.166,10.122,-0.5029,0.3831,-0.0046,8.25,0.29,112.00
4351,1.697,1.716,9.816,0.5056,0.1710,0.0123,8.20,0.11,112.01
4361,1.767,1.638,9.929,0.8655,0.2119,0.0149,8.81,0.44,112.12
4371,1.414,1.124,9.848,0.5104,-0.5438,0.0751,9.18,0.33,112.05
4380,1.523,1.638,9.841,0.2853,-0.0666,0.0316,9.38,-0.21,112.16
4390,1.412,1.964,9.612,0.5453,-0.2134,-0.0078,9.51,0.25,112.20
4401,1.382,1.581,9.417,0.4334,-0.1409,-0.0767,9.97,-0.43,111.96
4410,1.498,2.225,9.667,-0.1156,0.0548,-0.0819,10.01,0.10,112.12
4420,1.642,1.829,9.838,-0.2383,0.0972,0.0392,9.80,-0.33,111.95
4431,1.370,2.188,9.843,0.0362,0.1845,-0.0216,9.74,0.23,112.06
4441,1.070,1.827,9.694,0.0640,-0.5989,-0.0002,9.82,-0.12,112.03
4451,1.681,1.861,9.505,0.0320,-0.2426,-0.0295,9.84,-0.43,111.95
4460,1.667,1.902,9.575,-0.3741,0.5319,-0.0300,9.88,-0.39,112.09
4471,1.320,1.422,9.469,-0.1191,0.4231,0.0335,9.45,0.17,112.03
4480,1.526,1.665,9.710,0.2191,-0.1710,0.0894,9.74,0.11,111.89
4491,1.105,1.907,9.639,-0.0963,0.0752,-0.0403,9.68,-0.03,112.03
4500,1.412,1.100,9.260,-0.1353,0.4050,-0.0343,9.66,0.21,112.09
4511,1.394,1.719,9.548,0.0026,-0.3311,0.0089,9.53,0.39,112.10
4521,0.922,2.172,9.466,-0.3155,-0.8297,0.0115,9.68,-0.17,111.99
4531,1.283,1.277,9.347,-0.5622,0.3908,0.0047,9.16,-0.54,112.11
4541,0.570,1.559,10.000,-0.0460,0.3160,-0.0119,9.02,0.26,112.08
4550,0.884,1.683,9.905,-0.3110,-0.5407,-0.1076,9.12,-0.18,111.90
4561,1.223,1.554,9.370,-0.4840,0.1129,-0.0577,8.67,-0.32,112.09
4571,0.627,1.108,9.328,-0.1946,0.5585,-0.0407,8.57,-0.03,112.03
4580,0.681,1.512,10.000,-0.3923,-0.4711,0.0638,8.45,0.31,112.03
4590,0.332,2.188,9.717,-0.5996,0.0758,0.0452,8.10,-0.55,111.91
4601,0.622,1.550,9.861,-0.7031,0.7257,0.0013,7.76,0.39,111.95
4611,0.151,1.158,9.748,-0.4585,-0.2746,0.0081,7.32,0.31,112.06
4621,0.546,1.180,10.424,-0.4790,-1.6192,-0.0662,7.26,0.05,112.10
4631,0.252,1.203,9.972,-0.9133,-2.9849,-0.0133,6.76,-1.59,112.05
4641,0.427,1.410,10.928,-0.7202,-2.5667,-0.0548,6.20,-3.36,111.98
4650,0.973,0.803,10.799,-0.8308,-2.9474,0.1094,5.94,-4.52,112.02
4661,1.029,0.557,10.933,-0.8920,-3.4780,0.0955,5.24,-6.71,111.95
4670,1.228,1.156,11.982,-0.8977,-2.3172,0.0472,4.92,-8.53,112.05
4681,1.381,0.950,12.662,-0.6417,-1.9773,-0.0457,4.23,-9.35,112.15
4691,1.414,0.521,12.827,0.1155,-3.2058,0.0948,4.18,-10.79,112.08
4700,1.827,0.725,13.823,-0.7333,-3.2136,0.0429,4.35,-13.02,112.04
4710,2.541,0.597,13.675,-0.9183,-2.3717,-0.0175,3.35,-14.43,112.16
4720,2.087,0.580,14.051,-0.6368,-2.4674,-0.0749,3.31,-15.74,112.00
4730,2.442,0.276,14.647,-1.1480,-3.0593,0.0497,2.62,-17.23,111.89
4741,2.988,0.230,13.638,-0.4511,-2.9566,-0.0045,1.95,-19.25,111.87
4750,2.855,0.379,13.562,-0.4693,-2.3297,-0.0080,2.10,-20.63,112.19
4761,2.834,0.456,12.747,-1.6297,-3.3190,-0.0382,1.40,-21.95,112.00
4771,3.359,0.111,12.389,-0.7296,-2.9207,-0.0234,0.23,-24.44,112.04
4781,3.656,-0.150,11.886,-0.5164,-2.4738,-0.0360,0.60,-25.30,111.98
4791,3.458,-0.421,11.493,-0.6083,-2.9932,0.0328,-0.32,-27.27,112.03
4801,3.912,0.103,10.356,0.4124,-2.0465,0.0128,-0.05,-28.70,112.07
4811,3.745,-0.219,9.688,0.0077,0.0131,-0.0138,0.20,-29.61,111.96
4821,3.395,-0.251,10.142,0.1617,1.6795,0.0303,-0.09,-28.66,112.14
4830,3.554,-0.114,9.909,0.2975,2.2401,0.0588,0.34,-27.68,111.96
4841,2.874,0.081,10.163,-0.6896,2.8057,0.0811,0.23,-26.09,111.93
4851,2.869,-0.398,10.258,-0.2930,2.3224,-0.0882,-0.47,-24.49,111.97
4861,2.654,-0.314,10.442,0.5228,1.9061,0.0636,-0.14,-23.44,112.05
4870,2.651,-0.101,10.411,-0.0307,1.8677,0.0215,0.08,-22.34,112.14
4881,2.676,-0.146,10.951,-0.1332,2.3898,0.0781,-0.17,-21.28,112.01
4891,1.579,-0.519,11.146,0.3728,2.4148,0.0717,-0.06,-19.60,112.03
4901,1.903,0.204,11.205,0.1464,2.2608,-0.0129,0.24,-18.51,112.20
4911,1.709,0.416,11.317,-0.4579,2.1270,-0.0161,0.10,-17.03,112.26
4920,1.286,-0.118,11.580,-0.0225,2.1754,-0.0830,-0.28,-16.06,111.90
4930,0.816,0.215,11.471,0.0833,2.5895,0.0164,0.05,-14.52,112.11
4940,0.600,-0.488,11.776,-0.3544,1.8289,-0.0559,-0.18,-13.06,112.00
4950,0.774,-0.598,11.426,-0.0924,2.1128,-0.0043,-0.36,-12.44,112.01
4961,-0.351,-0.207,11.107,0.3868,2.1706,0.0708,-0.34,-10.62,112.06
4970,0.474,0.427,10.592,0.3027,2.1354,0.0008,0.09,-9.95,112.03
4980,0.149,-0.068,10.836,-0.0638,2.0350,0.0091,-0.01,-8.19,112.14
4990,0.212,0.167,10.668,-0.2816,1.7669,-0.0193,0.00,-7.61,111.89
5001,-0.634,-0.353,10.189,-0.0242,2.0809,0.1003,-0.34,-6.14,112.08
5010,-0.326,0.328,9.747,0.0427,2.1257,-0.0631,-0.06,-5.23,112.05
5020,-0.464,-0.103,9.778,-0.2096,1.9511,0.0473,-0.31,-3.70,111.89
5030,-1.002,-0.049,9.236,0.2060,1.0104,0.0364,-0.28,-3.00,112.07
5040,-0.692,-0.171,9.031,-0.1046,1.6713,-0.0280,-0.05,-2.59,112.14
5050,-1.003,0.204,8.649,0.2178,1.9309,-0.0032,-0.42,-1.08,112.07
5060,-0.892,0.279,8.909,0.9997,1.8634,0.0585,0.20,-0.40,112.03
5071,-1.326,0.048,8.419,-0.0395,1.5874,0.0440,0.75,1.06,112.09
5080,-1.430,0.496,7.668,-0.9247,1.0991,-0.0026,0.14,1.43,112.07
5091,-1.307,0.580,7.969,-0.2062,1.7682,0.0293,-0.31,2.30,111.94
5101,-1.654,0.178,8.022,-0.1157,1.5361,-0.0052,-0.08,3.45,111.95
5111,-1.624,-0.363,8.049,-0.0127,1.8113,0.1798,-0.47,4.08,112.00
5121,-1.822,0.102,7.923,0.5879,1.2593,0.0820,-0.11,5.51,112.03
5130,-1.968,0.279,7.726,0.2413,1.9825,-0.0444,0.15,5.55,112.05
5141,-2.285,0.045,7.504,-0.3658,1.8206,-0.0864,0.18,7.77,112.03
5151,-1.795,-0.242,7.988,-0.0553,0.8943,0.0503,-0.31,7.62,112.07
5161,-2.056,0.107,7.994,0.5551,2.3003,0.0507,0.09,8.81,111.99
5171,-2.470,0.448,7.924,0.3971,1.7294,0.0445,0.35,10.19,112.12
5180,-1.946,0.522,8.482,-0.4822,1.6978,0.0374,0.53,10.79,112.02
5191,-2.116,0.365,8.842,-0.6670,1.6846,0.0680,-0.21,12.18,112.07
5200,-2.645,-0.344,8.829,0.2145,0.6965,0.0401,-0.26,12.75,112.11
5210,-2.308,0.103,8.993,-0.5416,1.4091,0.0331,0.02,12.96,112.06
5220,-2.402,-0.333,9.334,-0.0610,1.9578,0.0156,-0.88,14.37,111.94
5231,-2.477,0.135,25.675,1.1291,-0.5413,0.0305,-0.06,15.18,111.95
5241,-1.946,0.069,23.230,0.7680,-2.2036,-0.0557,0.45,13.73,111.88
5251,-2.331,0.322,18.438,0.3685,-2.6017,0.0367,0.82,12.66,111.88
5260,-1.548,0.267,14.059,0.8135,-3.5309,0.0111,0.91,10.72,112.00
5271,-0.976,0.187,11.377,0.9402,-2.5956,0.0377,1.74,8.61,112.05
5281,-1.001,0.094,10.468,0.9882,-1.8848,0.0258,2.00,7.73,112.04
5291,-0.647,0.423,10.200,0.6964,-2.5077,-0.0698,2.87,6.42,111.89
5301,-0.176,0.603,9.723,0.4328,-2.1194,-0.0157,2.78,4.83,111.89
5310,0.102,1.036,9.890,0.8500,-2.2726,0.0736,3.37,3.99,112.08
5320,0.847,0.775,9.995,0.9118,-2.5788,0.0080,3.78,2.24,112.12
5331,0.408,0.871,9.907,0.0727,-1.7772,0.0211,4.40,1.04,112.00
5340,1.092,0.152,9.515,0.4080,-0.8529,-0.0913,3.85,0.21,112.05
5351,1.035,1.051,9.852,1.5225,-0.4010,0.0037,4.87,0.08,111.85
5360,0.316,0.845,9.852,0.6337,0.0584,-0.0287,5.56,-0.23,112.09
5370,1.321,0.954,9.836,0.0427,0.4114,0.0113,5.56,0.14,112.01
5381,0.921,0.837,9.925,0.7442,-0.3209,0.0163,5.54,0.22,112.10
5390,1.329,1.255,9.868,1.0317,-0.0937,-0.0235,6.41,-0.23,112.07
5401,1.094,1.376,9.686,0.3334,0.0927,-0.0470,6.72,0.14,111.95
5411,1.439,1.048,10.058,0.0883,-0.4133,-0.0617,6.82,-0.14,112.05
5420,1.223,1.185,9.954,0.3557,0.2282,-0.0531,6.82,-0.33,111.96
5431,1.664,1.372,10.028,0.6466,0.4364,0.0020,7.20,0.13,112.30
5441,1.571,1.209,9.924,0.3786,-0.1217,-0.0836,7.57,0.14,112.05
5451,1.459,1.018,9.558,-0.0323,-0.5346,-0.0360,7.62,0.00,112.07
5461,1.643,1.082,10.104,0.4078,0.0133,0.0547,7.51,-0.47,111.99
5471,1.278,1.084,9.867,0.7821,-0.2268,0.0136,8.04,0.04,112.01
5481,1.463,2.116,9.621,0.3393,0.2476,0.0483,8.42,-0.74,111.93
5490,1.734,1.638,9.630,0.2312,1.1363,-0.0660,8.43,0.34,111.95
5501,1.182,1.544,9.495,0.3885,0.4036,-0.0859,8.68,0.55,111.83
5511,1.366,1.332,9.705,0.4066,-0.5076,-0.0715,8.84,0.74,111.98
5521,1.410,2.285,9.586,0.6974,-0.6939,0.0266,9.17,-0.02,112.03
5530,1.422,1.686,9.636,0.0729,-0.1196,-0.0801,9.63,-0.02,112.16
5541,1.355,1.197,9.670,-0.8657,0.2900,0.0336,9.23,-0.16,111.93
5551,1.325,1.399,9.518,-0.8333,0.2132,0.0256,8.61,0.29,111.97
5560,1.575,1.117,10.174,0.3373,-0.2013,-0.0088,8.24,0.13,112.07
5571,1.403,2.119,10.093,0.6878,0.2172,0.0329,9.00,0.05,111.88
5580,1.864,1.390,9.658,-0.4051,0.1096,-0.1218,9.01,0.36,112.01
5590,1.450,1.559,9.329,-0.0636,-0.2049,0.0067,8.58,0.20,112.01
5600,1.414,1.741,9.541,-0.0602,-0.7426,-0.0286,8.94,0.11,112.00
5611,1.154,1.509,9.602,-0.1060,0.3079,0.0510,8.53,-0.63,112.02
5621,1.028,1.365,9.548,-0.1315,0.5668,-0.0512,8.76,0.46,112.04
5631,0.636,1.028,9.889,-0.2491,-0.3411,-0.0633,8.41,0.06,112.03
5640,1.501,1.422,9.129,-0.6760,-0.3868,0.1425,8.47,0.08,111.94
5651,0.965,1.411,9.469,-0.5156,-0.1751,0.0996,7.65,-0.37,112.17
5661,1.021,1.716,9.608,0.0889,0.1316,0.0143,7.85,-0.11,111.91
5670,0.497,0.862,9.753,-0.6549,0.0693,0.0269,7.73,-0.21,111.98
5680,0.847,0.865,9.716,0.1081,-0.1486,-0.0134,7.11,-0.04,111.98
5690,0.940,1.501,9.922,-0.2245,-0.4120,0.0219,7.86,-0.40,112.10
5701,0.796,1.076,10.476,-0.5789,0.3144,0.1006,6.87,-0.53,111.84
5711,0.399,1.311,10.083,-0.5109,0.7869,0.0142,7.17,-0.11,111.95
5721,0.142,0.974,10.289,-0.9189,-0.5557,-0.0027,6.26,0.35,111.95
5730,0.255,0.886,10.087,-0.0765,-2.8821,0.1170,6.08,-0.78,112.01
5740,0.732,1.089,11.122,-0.3985,-2.8864,0.0141,6.18,-2.95,112.10
5750,0.457,0.974,11.142,-0.8749,-2.8950,-0.0620,5.58,-4.08,112.12
5761,0.827,0.867,11.162,-0.6151,-3.2506,0.0188,5.20,-6.28,112.27
5771,1.565,0.627,12.357,-1.0640,-2.7005,-0.0220,4.86,-7.84,111.96
5780,1.872,0.577,12.761,-0.8363,-2.8794,0.0293,4.00,-9.37,111.94
5790,2.163,0.533,13.063,-0.5645,-2.8158,0.0210,3.92,-11.16,112.14
5801,1.984,0.382,14.046,-0.5677,-2.7871,0.0194,3.36,-12.57,112.00
5810,1.968,0.320,14.283,-0.5871,-3.2128,0.0041,3.30,-14.34,112.02
5821,2.270,0.260,14.137,-0.7867,-2.8319,0.0257,2.68,-16.23,112.04
5831,2.614,0.353,14.617,-0.5814,-2.3718,-0.0212,2.41,-17.57,111.97
5840,2.981,0.334,14.075,-0.7253,-2.8246,0.0882,1.99,-18.94,112.22
5851,2.446,0.025,13.433,-0.7025,-2.7243,0.0594,1.58,-20.81,112.01
5861,3.190,-0.092,12.664,-0.9225,-2.1380,-0.0272,1.15,-22.09,111.96
5871,3.242,0.517,12.947,-1.0153,-3.0051,-0.0411,0.54,-23.27,112.03
5880,3.691,0.112,11.695,-0.6442,-3.2917,-0.0397,-0.01,-25.58,111.90
5890,3.363,0.237,11.026,0.2701,-2.9310,-0.0070,-0.20,-27.06,112.12
5901,3.726,0.304,10.407,0.2564,-2.3002,-0.0151,0.32,-28.99,112.04
5911,3.498,-0.155,9.730,-0.1282,0.5997,0.0116,0.11,-29.71,112.01
5920,4.150,0.135,10.366,0.2469,1.7482,0.0174,0.18,-28.35,112.06
5931,3.690,0.307,10.059,-0.4440,2.4546,0.0136,0.41,-27.69,111.95
5941,2.759,-0.025,10.211,-0.2000,2.3025,-0.0107,-0.35,-25.55,112.01
5950,3.248,0.167,10.468,0.0536,1.3473,-0.0723,0.15,-25.02,112.11
5961,2.663,0.384,10.587,-0.2002,1.9095,-0.0224,-0.32,-24.03,111.97
5971,2.050,0.111,10.778,0.4388,2.4137,0.0102,-0.10,-22.85,112.02
5981,1.930,-0.114,10.846,0.5116,2.5804,-0.0426,0.15,-21.25,112.00
5990,1.939,0.459,11.522,-0.3222,2.1151,0.0192,0.48,-19.88,112.01
6000,1.862,-0.349,11.152,-0.4155,2.3188,0.0268,-0.23,-18.78,112.04
6011,1.438,-0.511,11.327,0.5333,2.9559,-0.0419,-0.03,-17.25,112.06
6020,0.873,0.227,11.673,-0.3951,2.3088,-0.0080,0.35,-15.42,112.07
6031,1.242,0.269,11.998,-0.1867,1.7583,0.0263,-0.45,-14.62,112.03
6041,0.739,-0.096,11.339,0.3385,2.1309,-0.0469,0.11,-13.37,112.02
6050,0.606,-0.248,11.305,-0.2991,1.9093,-0.0461,-0.09,-12.14,112.05
6061,0.233,-0.252,11.343,0.1312,1.8865,-0.0255,-0.26,-11.23,112.02
6071,0.435,-0.087,11.186,0.3736,2.2592,0.0567,0.04,-10.00,111.96
6080,-0.137,0.456,10.869,-0.2456,2.1522,-0.0390,0.18,-8.63,111.97
6091,-0.385,0.184,10.756,-0.0426,2.7579,0.0505,-0.27,-7.50,112.07
6101,-0.718,0.134,10.318,0.2989,2.5582,-0.0416,0.11,-5.42,112.06
6110,-0.291,-0.193,10.365,-0.4409,1.4624,-0.0200,0.05,-4.57,112.08
6120,-0.600,-0.239,9.546,0.3390,1.5171,0.1061,-0.37,-3.71,112.07
6130,-0.796,0.073,9.394,0.6228,0.9160,0.0019,0.47,-2.86,112.03
6140,-0.383,0.108,9.112,-0.6420,1.4322,-0.0551,0.33,-2.65,112.09
6150,-1.700,0.151,9.257,-0.4311,1.7651,-0.0289,-0.26,-1.21,112.03
6160,-1.184,-0.269,9.024,0.4372,1.3424,-0.0735,-0.18,-0.60,112.01
6171,-0.895,0.174,7.865,0.0089,2.3434,-0.0152,0.23,0.31,111.95
6180,-1.588,-0.351,8.367,-0.6981,1.8818,0.0559,-0.15,2.10,111.99
6190,-1.748,-0.034,8.276,0.3906,1.1587,0.0026,-0.55,2.51,111.99
6201,-1.633,0.276,7.780,0.5221,1.5480,0.0644,0.31,3.41,111.96
6210,-1.987,0.380,8.261,0.2180,1.9631,0.0291,0.00,4.30,111.92
6221,-1.729,-0.303,7.367,0.0993,1.3734,0.0104,0.57,5.65,111.99
6230,-1.440,0.151,7.730,-0.4555,1.2623,-0.0206,0.11,5.85,112.03
6240,-1.828,0.519,7.651,0.6746,1.9592,-0.0078,0.06,7.08,111.94
6250,-2.056,-0.056,8.247,-0.1155,1.5696,0.0083,0.86,8.11,112.00
6261,-1.958,0.252,8.053,-1.0081,1.5904,-0.0345,-0.05,8.91,111.85
6271,-2.672,-0.237,7.929,0.1184,1.5455,0.0453,-0.29,9.91,112.06
6280,-2.414,0.065,8.259,0.5704,1.7387,-0.0647,0.07,10.71,112.01
6290,-2.080,0.068,8.501,-0.3838,1.9120,0.0086,0.34,11.91,111.90
6300,-2.047,-0.242,8.509,-0.5357,1.4800,-0.0258,-0.35,12.90,112.09
6310,-2.031,0.244,8.863,0.4024,1.3636,-0.0320,-0.27,13.60,112.12
6321,-2.533,-0.187,9.280,-0.4662,1.0688,0.0171,0.13,14.45,111.89
6331,-2.787,-0.200,23.276,0.0500,-1.3816,-0.0320,-0.82,14.82,112.04
6341,-2.397,0.098,20.634,1.7546,-2.7006,0.0086,0.22,12.91,112.03
6350,-1.899,0.439,16.329,0.8442,-1.6223,-0.0145,1.20,11.68,112.02
6361,-1.286,0.406,12.771,0.0676,-2.2111,-0.0274,1.19,11.06,112.05
6370,-0.897,0.282,10.786,1.3575,-2.8145,-0.0186,1.29,9.15,112.21
6380,-1.079,0.488,10.210,0.7395,-2.7213,-0.0208,2.75,7.84,111.98
6390,-0.858,0.037,9.436,-0.0154,-2.7073,-0.0109,2.15,6.03,112.06
6400,-0.214,0.204,9.464,0.9630,-2.8404,0.0355,2.80,4.73,112.01
6410,0.361,0.788,9.711,0.8081,-2.8033,0.0172,3.23,2.82,111.99
6420,0.361,0.303,9.969,0.6399,-2.3605,-0.0139,3.74,1.53,112.08
6430,0.871,0.391,9.490,0.5980,-1.3803,0.0317,3.97,0.14,112.02
6441,0.682,1.083,9.504,0.6834,-0.5214,0.0325,4.41,-0.05,112.00
6451,0.786,1.091,9.761,0.6080,0.4593,-0.0445,4.79,-0.43,112.13
6460,0.572,1.125,9.922,0.5567,0.4945,-0.0126,5.08,0.50,112.11
6470,0.756,1.043,9.568,-0.0614,-0.8724,-0.0412,5.45,0.12,111.99
6480,1.420,1.067,9.867,0.5824,0.0527,0.0124,5.01,-0.48,112.02
6491,1.149,0.996,9.638,0.7698,0.6569,0.0531,6.15,0.18,112.02
6500,1.770,1.170,9.858,-0.2168,0.1992,0.0027,5.87,0.26,112.05
6510,1.825,0.969,9.591,1.1732,-0.2644,0.1142,5.90,0.40,112.14
6520,1.530,0.874,9.597,0.6318,-0.1587,-0.0574,7.21,-0.06,111.97
6531,1.604,1.227,10.012,0.0585,-0.1325,-0.0475,6.63,0.20,112.14
6541,1.816,1.412,9.474,0.4841,-0.1889,0.0318,7.28,-0.20,112.18
6551,0.963,1.116,9.332,0.1150,0.4108,0.0412,7.19,-0.04,111.95
6561,1.360,1.098,9.216,0.6318,0.0526,0.0155,7.39,0.26,112.16
6570,1.333,1.395,9.804,0.1952,-0.2079,-0.0076,7.89,0.03,112.11
6581,1.322,1.444,9.707,0.1892,-0.2894,0.0692,7.57,0.03,112.11
6590,1.623,1.624,9.445,0.5696,0.1612,-0.0533,8.11,-0.35,111.95
6600,1.465,1.510,9.400,0.3630,0.1451,0.0000,8.20,0.21,112.07
6610,1.490,1.837,9.748,-0.0959,0.1060,-0.0654,8.51,-0.19,112.12
6620,1.375,1.331,9.690,0.0451,0.1053,-0.0433,8.12,0.33,111.95
6630,1.520,1.073,9.688,0.5491,-0.1174,0.0116,8.57,-0.07,112.01
6640,1.304,1.396,9.571,0.1572,0.1770,0.0556,8.78,0.17,112.06
6650,1.546,2.121,9.959,-0.3208,-0.4493,0.0501,8.74,0.12,112.01
6660,1.405,1.592,9.531,-0.3363,-0.5957,-0.0371,8.41,-0.29,112.11
6681,1.062,1.249,9.750,0.3493,-0.0178,0.0763,8.97,0.34,112.15
6690,1.323,1.738,9.752,-1.1162,0.0038,0.0382,8.70,-0.58,112.09
6701,1.141,1.634,9.908,-0.5426,0.1257,-0.0782,7.69,0.34,112.03
6711,0.775,1.520,9.965,0.1266,0.1838,0.0922,8.07,-0.44,112.12
6721,0.678,1.318,9.755,-0.4751,0.3104,-0.0999,7.83,0.56,112.05
6730,0.782,0.892,9.652,-0.3991,-0.6819,0.0236,7.50,-0.11,112.16
6740,1.061,1.291,9.903,-0.2333,0.3472,-0.0009,7.34,-0.24,111.99
6751,0.803,1.405,9.706,-0.1760,0.0225,0.0617,7.24,0.27,112.07
6760,1.126,1.474,9.963,-0.4623,-0.4704,-0.0462,7.15,-0.20,112.17
6770,1.035,0.925,9.875,-0.5572,0.1139,-0.0524,6.70,-0.27,111.98
6781,0.349,1.176,9.972,-0.1634,0.2224,-0.0849,6.48,-0.09,111.99
6790,0.581,1.317,9.934,-0.4940,0.2068,-0.0613,6.53,-0.01,112.07
6800,0.553,0.956,10.100,-0.7151,-1.7793,-0.0000,5.92,0.19,111.97
6811,0.542,1.063,10.579,-0.3566,-3.2095,0.0629,5.69,-2.02,112.10
6821,1.234,0.731,10.791,-0.2733,-2.4762,-0.0241,5.51,-3.51,112.00
6830,0.960,0.544,11.321,-0.5115,-2.8397,-0.0409,5.37,-4.90,112.10
6840,1.088,0.974,10.973,-0.9377,-4.1317,0.1061,4.91,-6.80,112.11
6850,1.652,0.669,12.307,-0.8955,-3.3701,0.0391,4.31,-9.61,112.04
6861,1.618,0.915,12.428,-1.0293,-2.2832,-0.0364,3.90,-10.71,112.00
6871,2.275,0.431,12.838,-0.6056,-2.6166,0.0078,3.10,-12.26,112.05
6880,2.220,0.358,13.292,-0.6273,-2.7984,-0.0062,3.17,-13.70,112.07
6890,2.034,-0.116,13.454,-0.9844,-2.5882,-0.0967,2.39,-15.44,112.04
6900,2.609,0.051,13.804,-0.2792,-2.5215,-0.0513,2.00,-16.69,112.01
6910,2.610,0.720,13.618,-0.4139,-3.0972,0.0841,2.10,-18.32,112.16
6921,3.126,0.398,13.334,-0.7613,-3.3786,-0.0519,1.48,-20.25,112.15
6931,2.651,-0.150,12.694,-0.8414,-2.7700,-0.0467,1.24,-22.19,112.10
6940,3.405,-0.249,12.399,-0.5456,-2.5917,-0.0056,0.50,-23.36,111.89
6951,3.271,0.462,11.666,-0.4106,-2.8036,-0.0784,0.64,-25.20,112.03
6961,3.442,-0.042,10.784,-0.2723,-3.2763,0.0110,0.04,-26.55,112.11
6971,3.994,-0.022,10.464,0.1228,-2.7010,0.0031,0.36,-28.97,112.02
6980,3.751,0.061,10.160,-0.2509,0.1056,-0.0112,0.20,-29.63,112.02
6990,4.006,0.405,10.107,-0.3011,2.1565,0.0468,0.05,-28.86,112.07
7000,3.278,0.055,9.896,-0.0093,2.4869,0.0397,-0.14,-27.15,112.08
7010,2.950,0.061,10.105,0.3665,2.6635,0.0202,0.01,-26.04,111.86
7020,3.198,0.190,10.583,0.1579,2.3334,-0.1181,0.25,-24.10,112.09
7031,2.153,-0.364,10.770,-0.5480,2.1118,-0.1032,0.21,-23.40,112.05
7041,2.227,0.448,10.876,0.0946,2.5965,0.0007,-0.36,-21.71,112.05
7051,2.230,0.068,11.086,0.2419,2.4548,0.0414,0.31,-20.41,112.10
7061,1.806,0.175,11.273,-0.0621,2.2103,0.0478,-0.06,-18.92,112.12
7071,1.620,0.166,11.338,-0.1641,1.8285,0.0629,0.24,-17.89,112.04
7081,0.731,0.218,10.940,-0.0933,2.4374,0.0812,-0.21,-16.84,112.07
7090,1.020,-0.258,11.529,0.0078,2.8358,0.0170,0.19,-15.12,112.07
7100,0.717,-0.103,11.414,-0.1312,2.3424,0.0296,-0.24,-13.56,112.00
7111,0.444,0.219,11.282,0.1183,1.7098,0.0029,0.04,-12.43,111.87
7121,0.698,-0.280,11.682,-0.1255,2.8802,0.0406,-0.09,-11.56,112.04
7131,-0.045,0.235,11.143,-0.0751,2.6579,-0.0142,-0.09,-9.10,112.03
7140,0.023,0.083,10.876,0.0315,1.1788,0.0343,-0.17,-8.49,112.00
7151,-0.557,0.163,10.503,-0.2862,2.5412,0.0584,-0.05,-7.77,112.01
7160,-0.371,0.311,10.160,0.2808,2.3625,0.0254,-0.52,-5.60,111.99
7171,-0.657,-0.066,10.386,0.6971,1.7438,-0.0069,0.26,-5.11,111.91
7180,-0.913,0.303,9.587,-0.3253,1.7815,0.0092,0.29,-3.64,112.06
7190,-0.626,-0.040,9.552,-0.6259,2.1458,0.0228,-0.13,-3.07,111.93
7200,-1.373,0.163,9.361,-0.0199,2.2680,-0.0424,-0.41,-1.16,112.15
7210,-1.445,-0.373,8.848,0.6195,1.2294,0.0076,-0.19,-0.45,112.00
7221,-1.295,0.427,8.782,0.3465,1.2472,0.1082,0.28,0.25,112.00
7230,-1.135,-0.288,8.122,-0.3361,1.4576,-0.0371,0.19,1.00,112.08
7241,-1.194,0.080,8.177,0.0690,1.9661,-0.0267,-0.09,1.89,112.00
7250,-1.756,0.010,8.063,-0.1931,1.5565,-0.1079,0.27,3.25,111.96
7260,-1.324,-0.207,7.560,-0.4205,1.7238,0.0114,-0.31,3.67,112.07
7271,-1.805,-0.118,7.655,0.4186,2.0069,-0.0648,-0.18,5.22,112.03
7281,-1.852,0.402,7.856,0.1488,1.6052,-0.0501,0.14,5.97,112.12
7290,-2.234,0.104,8.202,-0.3074,1.3023,0.0150,-0.03,7.02,112.12
7300,-1.983,0.200,7.937,-0.6551,1.0099,-0.0131,-0.18,7.50,112.06
7310,-1.793,0.002,8.447,0.3652,1.8413,-0.0606,-0.75,8.14,112.12
7321,-1.475,-0.045,8.270,0.7443,2.3186,0.0019,0.20,9.63,111.99
7330,-2.248,0.393,8.319,-0.6175,2.4090,0.0355,0.10,10.79,112.05
7341,-2.514,0.561,8.681,0.1004,1.3628,-0.0053,-0.52,12.38,112.05
7351,-2.594,-0.262,8.942,0.4286,0.7318,-0.0486,0.18,12.38,111.98
7360,-2.625,0.008,9.143,-0.0847,1.8362,-0.0570,-0.00,13.21,112.05
7371,-3.377,0.255,9.434,0.3838,1.6471,0.0037,0.08,14.51,112.01
7381,-2.752,0.255,24.287,0.2781,-1.2697,0.0308,0.43,15.10,112.16
7390,-1.894,-0.295,21.534,0.7891,-2.5859,-0.0070,0.40,13.02,111.98
7400,-1.850,-0.210,17.395,1.2234,-1.9381,0.0279,1.32,12.13,112.03
7411,-1.667,0.483,13.444,0.7889,-2.8587,-0.0238,1.78,10.76,112.00
7421,-0.991,-0.264,11.199,1.0900,-2.9146,-0.0697,2.27,8.84,112.03
7430,-0.868,0.771,10.013,0.7901,-1.7274,-0.0681,3.00,7.40,112.08
7441,-0.575,0.317,9.908,0.2015,-2.1295,0.0142,3.16,6.87,112.05
7450,0.285,0.791,9.886,1.1068,-2.1619,-0.0977,3.25,4.99,112.10
7460,0.354,0.713,9.651,0.5993,-3.0353,-0.0256,4.40,4.39,112.12
7470,0.692,0.870,10.171,0.1684,-2.8112,0.0768,3.96,1.51,111.90
7480,0.452,0.803,9.949,0.7578,-1.1682,-0.0316,4.58,1.18,111.99
7491,0.880,0.730,10.052,0.7984,-1.2370,-0.0125,4.85,0.18,112.06
7500,0.857,0.689,9.941,1.2151,0.2790,-0.0012,5.51,-0.22,112.27
7511,0.953,1.359,9.881,1.0430,0.5266,-0.0162,6.26,0.51,112.24
7520,0.808,1.515,9.431,0.4917,0.2463,0.0822,6.70,0.37,112.07
7530,1.043,1.268,10.174,0.1468,-0.3975,-0.0390,6.81,0.80,112.04
7540,1.184,1.399,9.535,0.3201,-0.3526,0.0379,6.84,-0.08,111.99
7550,1.149,1.556,9.503,0.5783,0.2821,0.0008,7.19,0.39,112.14
7560,1.178,1.296,9.710,0.9217,-0.3385,-0.1011,7.49,0.25,112.10
7571,1.029,1.627,9.462,0.4265,-0.1800,-0.0601,8.25,0.02,112.08
7580,1.371,1.501,9.892,0.4657,-0.2969,-0.0415,7.98,0.05,112.15
7591,1.587,1.635,10.010,0.6689,-0.1483,0.0087,8.77,-0.29,112.03
7600,1.129,1.670,9.981,0.1873,-0.0339,-0.1191,8.74,-0.10,111.97
7610,1.423,1.816,9.733,0.7389,0.0061,-0.0358,9.03,-0.33,112.07
7620,1.522,1.867,9.314,0.1792,0.3736,-0.0878,9.63,-0.12,111.98
7630,1.116,1.463,9.547,0.3337,0.3564,-0.0308,9.22,0.08,112.16
7640,1.294,1.964,9.512,0.0149,0.0829,-0.0004,10.02,0.33,112.05
7650,1.668,1.470,10.112,-0.3940,-0.2903,-0.0556,9.24,0.12,112.07
7660,1.508,1.809,10.462,0.1405,-0.2914,-0.0242,9.54,-0.01,112.18
7670,1.457,1.886,9.415,0.1706,0.1292,0.0078,9.41,-0.19,112.09
7681,1.459,1.927,9.653,0.6899,0.7085,-0.0233,9.73,0.16,112.00
7690,1.618,1.840,9.838,0.5048,-0.3885,-0.1204,10.18,0.61,112.09
7700,1.555,1.714,9.651,-0.0785,-0.8566,0.0034,10.26,-0.30,112.00
7710,1.452,1.557,9.975,-0.1811,-0.0549,0.0643,10.13,-0.39,112.00
7720,1.412,1.578,9.589,-0.4254,0.7655,-0.0179,10.11,-0.35,111.99
7731,1.197,2.014,9.986,-0.5081,0.0580,-0.0191,9.64,0.48,111.96
7741,1.449,1.634,9.784,0.2983,-0.6471,-0.0160,9.53,-0.25,112.05
7751,0.853,1.716,9.704,0.5077,0.6897,0.0479,9.93,-0.27,112.17
7760,0.991,1.879,9.984,-0.3545,-0.1673,0.0796,10.14,0.55,112.08
7770,1.418,1.738,9.630,-0.9417,-0.4035,0.0113,9.50,-0.44,112.13
7780,1.073,1.423,9.389,-0.5977,0.6230,0.0172,9.08,0.12,112.08
7791,1.202,1.269,9.836,-0.1335,-0.0958,0.0426,8.83,0.28,111.98
7800,1.316,1.732,10.101,0.4316,-0.5144,-0.0642,8.90,-0.00,112.04
7811,0.829,1.712,9.984,-0.2659,0.0655,0.0563,9.36,-0.30,112.10
7820,1.245,1.134,9.488,-1.1346,0.0785,0.0138,8.59,0.08,112.18
7831,0.876,1.176,9.713,-0.5488,-0.3706,-0.0444,8.09,-0.19,112.07
7841,0.789,1.375,9.802,-0.3624,-0.1038,0.0105,7.95,-0.36,112.01
7851,0.580,1.178,9.681,-0.3116,0.1113,-0.0164,7.70,-0.33,112.06
7861,0.475,1.840,9.952,-0.6126,0.1390,0.0561,7.62,-0.27,112.15
7871,0.565,1.643,10.199,-0.8807,-0.6417,0.0629,7.02,-0.19,112.08
7881,0.827,1.159,10.406,-0.4845,-2.1174,0.0151,6.61,-1.04,111.94
7890,0.890,1.215,11.143,-0.2870,-2.4084,-0.0606,6.47,-2.60,112.00
7901,0.925,0.910,10.792,-0.4626,-3.0411,-0.0623,6.29,-3.80,112.07
7910,1.434,1.166,11.621,-0.6477,-3.2379,-0.0165,5.99,-6.09,112.11
7920,1.013,0.974,12.005,-1.0026,-2.7332,-0.0567,5.54,-7.52,112.05
7930,1.545,0.698,12.443,-1.2959,-2.9336,0.0421,4.83,-9.20,111.91
7940,1.942,0.723,12.659,-0.8667,-2.9983,0.0196,4.04,-10.87,112.15
7951,2.167,0.407,12.902,-0.2351,-2.4234,0.0101,3.88,-12.65,112.10
7960,1.866,0.737,13.290,-0.9099,-2.0846,-0.0730,3.76,-13.67,112.12
7970,2.165,0.523,13.960,-0.8219,-2.6353,0.0331,2.83,-15.04,111.97
7981,2.207,0.496,13.990,-0.6222,-3.0740,0.0007,2.85,-16.69,111.98
7990,2.986,0.236,14.128,-1.0376,-3.1880,0.0180,2.14,-18.55,112.15
8000,2.726,1.018,13.240,-0.3656,-2.9670,0.0526,1.67,-20.33,111.95
8011,3.036,0.253,12.948,-0.5763,-3.2535,-0.0150,1.72,-21.93,112.10
8021,3.430,0.225,12.246,-0.7610,-2.7566,-0.0276,0.97,-24.07,111.97
8031,3.680,0.037,11.962,-1.0673,-1.9594,0.0201,0.84,-25.12,112.14
8041,3.960,-0.584,11.666,-0.4614,-2.7584,-0.0590,-0.28,-26.30,112.15
8050,3.875,-0.282,10.902,0.4974,-3.2234,-0.0314,0.34,-28.31,112.03
8061,3.814,0.103,9.689,-1.0747,-0.8820,0.0193,0.27,-30.00,112.01
8071,3.884,-0.239,9.912,-0.2612,2.0895,0.0516,-0.90,-29.30,112.15
8081,3.604,-0.050,10.090,1.1735,2.2831,0.0598,-0.03,-27.57,112.07
8091,3.167,-0.340,10.174,0.2238,2.3337,0.0042,0.46,-26.68,111.99
8100,2.976,-0.363,10.016,-0.5501,2.1026,0.0729,0.23,-24.85,111.98
8111,2.889,0.014,10.192,-0.1950,1.8799,-0.0211,-0.13,-24.31,111.96
8120,2.736,0.279,11.285,-0.2393,2.5631,0.0414,-0.07,-22.68,112.02
8130,2.336,0.012,10.914,0.1054,2.6744,0.0219,-0.39,-21.38,112.19
8140,1.382,0.053,11.485,-0.1152,2.8819,-0.0395,0.06,-19.63,112.21
8150,1.649,-0.084,11.433,-0.3087,1.6206,-0.0076,-0.54,-18.07,111.87
8161,1.850,-0.301,11.633,0.7520,1.4773,0.0012,-0.30,-17.77,112.07
8170,1.413,-0.157,11.265,0.2432,2.4467,0.0945,0.34,-16.37,112.04
8181,0.970,-0.156,11.200,-0.3595,2.1994,-0.0146,-0.01,-15.00,112.07
8190,0.619,-0.109,11.222,-0.0204,2.2227,0.0361,-0.11,-13.79,112.10
8201,0.582,0.313,11.421,0.8281,1.8153,0.0602,-0.03,-12.51,112.05
8211,0.445,0.207,10.960,0.2922,2.3440,-0.0706,0.82,-11.69,111.96
8220,0.134,0.231,10.687,-0.9025,2.4880,-0.0535,0.31,-9.82,112.06
8231,-0.238,-0.486,10.767,0.1400,1.7922,0.0527,-0.23,-8.89,112.03
8241,-0.088,-0.104,10.830,0.1853,2.1412,-0.0384,0.50,-7.76,112.11
8251,-0.469,-0.568,10.541,-0.2257,2.7341,0.0555,-0.03,-6.47,111.91
8261,-0.295,-0.380,10.216,-0.1452,2.0704,-0.0407,0.22,-4.62,112.07
8270,-0.969,0.051,9.670,-0.4619,0.9547,0.0093,-0.18,-4.12,112.01
8281,-0.871,-0.366,9.374,0.3834,1.6597,-0.0575,-0.28,-3.53,112.01
8291,-0.740,0.276,9.453,0.0595,1.4993,0.0632,0.24,-2.20,112.05
8301,-0.828,-0.128,9.230,-0.3800,1.6310,-0.0158,-0.23,-1.79,112.01
8310,-1.362,0.150,8.849,0.4388,1.9126,-0.0057,-0.23,-0.28,112.10
8321,-1.072,0.160,8.602,-0.0766,1.6940,-0.1010,0.27,0.40,112.02
8330,-1.138,0.014,8.142,-0.6006,2.2335,0.0333,-0.35,1.63,112.13
8341,-2.011,-0.230,8.494,0.4566,1.2054,-0.0263,-0.43,2.96,112.07
8350,-1.707,0.038,7.827,-0.1833,0.5489,0.0176,0.16,3.06,112.12
8360,-1.149,0.211,8.114,-0.3428,1.8535,0.0191,-0.59,3.60,112.15
8370,-1.649,-0.506,7.546,0.4328,2.0782,-0.0139,-0.23,5.15,112.13
8380,-1.676,-0.215,7.915,-0.1474,1.3166,-0.0332,-0.11,5.98,112.00
8390,-1.922,0.057,7.889,-0.1856,1.2164,-0.1507,-0.40,6.69,112.18
8400,-1.701,-0.021,7.982,0.5306,1.5691,0.0800,-0.34,7.35,112.09
8410,-2.123,0.146,7.638,0.3629,1.9684,-0.0325,0.20,8.47,112.15
8420,-2.306,0.031,7.973,-0.4515,1.2398,-0.0353,0.09,9.64,111.92
8431,-1.485,-0.069,8.629,0.0248,1.5426,0.0408,-0.28,9.91,112.15
8440,-2.459,0.423,8.217,0.6394,1.7680,-0.0284,0.16,11.41,112.04
8451,-2.440,0.145,8.593,-0.4953,1.7772,-0.0354,0.46,11.95,111.98
8460,-2.127,-0.367,8.707,-0.3625,1.8589,-0.0387,-0.38,13.46,111.97
8471,-2.817,-0.276,9.433,0.8706,1.5317,-0.0197,0.02,14.06,112.04
8481,-2.909,0.238,9.402,0.5318,0.0625,0.0342,0.59,15.20,112.09
8490,-2.859,0.198,21.509,0.4213,-2.6030,0.0252,0.60,14.15,112.03
8500,-1.964,0.409,18.273,0.5621,-2.6405,-0.0048,1.10,12.28,112.07
8510,-1.224,-0.086,13.956,0.3227,-1.8843,-0.0290,1.23,11.15,111.93
8520,-1.486,0.133,11.783,1.0723,-2.5795,-0.0510,1.48,10.10,112.28
8530,-0.641,0.454,10.132,1.1371,-2.1819,0.0238,2.49,8.18,112.11
8540,-0.307,0.614,10.118,0.4603,-1.7984,-0.0452,2.77,7.62,112.06
8550,-1.297,0.623,9.684,0.4590,-2.5826,-0.0510,2.98,6.08,112.07
8560,-0.096,0.825,9.606,0.2946,-2.8750,-0.0132,3.27,4.68,111.93
8571,-0.045,0.475,9.844,0.8306,-3.0008,-0.1106,3.29,2.75,111.81
8580,0.714,0.843,10.062,0.9325,-1.6168,0.0056,4.25,1.23,112.12
8590,0.816,1.048,9.811,0.5670,-1.2433,0.0997,4.39,0.88,112.13
8601,1.429,1.160,10.039,0.9805,-0.6353,0.0049,4.93,-0.21,112.10
8611,0.850,0.813,9.927,0.9127,0.1617,0.1231,5.54,0.14,112.06
8621,1.292,1.087,9.959,0.6288,0.0596,-0.0516,5.94,-0.07,112.11
8630,0.857,1.214,9.334,0.9633,0.2295,-0.0965,6.25,0.22,111.88
8640,0.965,1.568,9.650,0.6829,-0.0933,0.0142,7.04,0.19,111.98
8650,1.036,1.678,9.771,-0.2482,0.0686,-0.0476,7.03,0.08,111.83
8660,1.282,1.300,9.944,-0.0079,0.0386,-0.0708,6.75,0.22,112.07
8670,1.774,0.968,9.648,1.2552,-0.2872,0.0077,7.01,0.12,111.98
8681,1.221,1.359,9.573,0.5231,0.2848,-0.0023,8.23,-0.14,112.09
8690,1.480,1.429,9.722,-0.1872,0.0699,-0.1507,7.58,0.47,112.06
8700,1.536,1.408,9.910,1.0181,-0.4416,0.0351,8.00,-0.03,112.23
8710,1.479,1.293,9.617,0.8398,-0.0221,-0.0967,8.76,-0.05,111.97
8720,1.282,1.684,9.331,-0.1389,0.1528,0.0237,8.95,-0.07,112.05
8730,1.280,1.437,9.685,-0.0710,0.2531,0.0009,8.60,0.12,111.98
8740,1.398,1.556,9.793,-0.1455,0.0519,-0.1205,8.85,0.22,112.05
8750,1.537,0.899,9.577,-0.1225,-0.2373,-0.0801,8.42,0.19,111.95
8761,0.842,1.272,9.428,0.5401,-0.1344,0.0762,8.77,-0.02,112.04
8771,1.314,1.617,9.826,0.4453,0.4038,0.0116,9.03,0.07,111.91
8781,1.463,1.418,9.560,0.1659,0.3537,0.0514,9.22,0.44,111.83
8791,0.989,1.296,9.773,0.1464,-0.6370,-0.0976,9.19,0.49,111.98
8801,1.590,1.589,9.896,0.7208,-0.7989,0.0192,9.37,-0.34,112.08
8811,1.524,1.299,9.650,0.0771,0.0356,0.0649,10.01,-0.43,112.08
8820,1.425,1.819,9.848,-0.5203,0.6559,0.0426,9.49,-0.28,112.14
8830,1.469,1.757,9.541,-0.1684,0.0511,0.0334,9.42,0.33,112.05
8840,0.981,1.923,9.517,-0.2272,-0.6739,-0.0540,9.29,-0.23,111.96
8850,1.721,1.826,9.467,0.1788,-0.1077,0.0257,9.18,-0.45,112.17
8860,1.094,2.407,9.474,-0.3841,0.5959,-0.0018,9.52,-0.35,112.08
8870,0.806,1.532,9.864,-0.5295,0.1453,-0.0499,8.75,0.23,111.99
8881,1.630,1.796,9.535,-0.2630,0.0285,-0.0542,8.89,-0.15,112.08
8891,0.700,1.316,9.815,-0.1917,0.0631,-0.0148,8.46,0.30,112.10
8900,1.169,1.427,10.105,0.0391,-0.6607,0.0520,8.65,-0.13,112.01
8911,0.996,1.148,9.751,-0.1401,-0.1398,0.0168,8.48,-0.45,112.02
8921,0.700,1.602,9.534,-0.0614,0.4262,0.0173,8.52,-0.28,112.06
8931,0.656,1.005,9.731,-0.4544,-0.0455,0.0143,8.39,0.05,111.97
8941,1.194,1.029,10.113,-0.2625,0.0320,0.0138,8.00,-0.34,112.08
8950,0.793,1.913,9.856,-0.1885,0.2653,0.0440,8.03,0.07,112.01
8961,0.547,1.367,9.635,-0.8200,-0.2118,0.0892,7.76,-0.04,112.04
8971,0.483,1.204,10.007,-0.8423,0.2777,-0.0222,7.09,-0.17,112.04
8980,0.049,1.390,10.116,-1.1462,-1.1086,-0.0642,6.81,0.28,111.96
8990,0.579,0.933,10.242,-0.5471,-2.4282,0.0406,5.80,-1.43,112.01
9000,1.091,0.990,10.398,-0.0746,-2.1115,0.0455,6.15,-2.47,112.01
9011,1.106,0.712,10.656,-1.1350,-2.3528,-0.0380,5.71,-3.83,111.88
9020,1.367,1.017,11.111,-0.7238,-2.8963,0.0424,4.86,-5.15,111.89
9031,1.621,1.122,11.573,0.0721,-3.3976,-0.0041,4.87,-7.12,111.98
9040,1.504,1.338,12.182,-0.8757,-2.8892,0.0840,4.91,-9.09,112.04
9050,1.669,0.366,12.257,-0.5607,-3.0460,0.0289,3.86,-10.41,112.20
9061,2.202,0.561,12.652,-0.2607,-3.0489,0.0653,4.23,-12.56,111.96
9071,1.981,0.523,13.370,-1.1416,-2.6304,0.0102,3.58,-13.92,111.95
9080,2.555,0.413,13.440,-0.8708,-2.9107,-0.0311,2.96,-15.54,112.01
9091,2.705,0.424,13.637,-0.4431,-2.3742,0.0551,2.56,-17.27,112.01
9100,2.922,1.031,14.043,-1.0721,-2.1898,-0.0689,2.43,-18.25,112.02
9110,2.643,0.381,13.097,-0.3983,-3.1270,-0.0114,1.32,-19.78,112.07
9120,2.682,0.488,13.028,-0.5752,-3.0420,-0.1149,1.93,-21.80,111.98
9130,3.259,0.149,12.356,-1.4807,-2.9879,-0.0881,0.64,-23.26,112.05
9141,3.620,0.224,11.533,-0.2184,-3.1300,-0.0044,0.22,-25.23,112.07
9151,3.301,0.193,11.229,0.0193,-1.8486,-0.0433,0.37,-26.86,111.97
9160,3.274,0.476,10.051,0.0166,-2.1927,0.0159,0.24,-27.37,112.04
9171,3.616,0.145,9.871,0.0818,-1.8994,0.0209,0.40,-29.34,111.93
9181,3.786,-0.139,9.556,-0.2301,1.4429,-0.0271,0.31,-29.50,112.04
9191,3.588,-0.205,10.150,-0.6024,2.4410,0.0351,0.11,-27.71,111.99
9201,3.161,-0.116,9.742,-0.1918,2.0438,0.0027,-0.38,-26.70,111.88
9210,2.946,-0.007,10.157,0.4049,1.9989,-0.0508,-0.14,-25.35,111.94
9221,3.015,0.002,10.851,0.1804,2.3421,0.1243,0.06,-24.38,112.00
9231,2.727,0.155,11.082,-0.6021,2.5538,-0.0496,-0.01,-22.66,111.81
9241,2.043,-0.214,10.987,0.2782,1.4807,-0.0082,-0.62,-21.42,112.06
9251,1.967,0.240,11.361,1.0079,2.0132,0.0282,0.31,-20.99,111.98
9261,1.357,-0.027,10.993,0.1186,2.4900,0.0575,0.52,-19.11,111.98
9270,1.808,-0.252,11.630,-0.7794,2.8038,-0.0463,0.44,-18.13,112.09
9280,1.360,0.054,11.929,-0.2839,2.8713,-0.0658,-0.31,-15.90,112.07
9291,1.182,-0.029,11.922,-0.2862,1.5722,0.0169,0.13,-14.85,111.96
9300,1.303,-0.662,11.297,0.3258,1.2225,0.0195,-0.64,-14.11,111.99
9310,0.925,-0.171,11.485,0.0826,2.2666,0.0502,0.51,-13.42,111.99
9321,0.442,0.218,11.347,-0.3367,2.7800,-0.0094,-0.58,-11.57,112.09
9330,-0.022,-0.025,10.992,0.8279,1.8266,-0.0903,0.12,-10.16,112.04
9340,0.158,0.041,10.983,0.2043,1.8921,-0.0987,0.35,-9.45,112.02
9350,-0.460,-0.095,10.605,-0.1935,2.3416,-0.0007,0.39,-7.99,111.90
9360,-0.135,-0.244,10.560,-0.7354,2.1942,-0.0052,0.10,-6.77,112.04
9371,-0.448,-0.165,10.313,-0.1038,1.9252,-0.0641,-0.43,-5.50,112.12
9380,-0.652,-0.261,10.158,0.2901,1.8899,-0.0089,-0.03,-4.55,112.10
9390,-0.762,-0.032,9.456,0.1056,1.8618,-0.0116,-0.08,-3.32,111.96
9400,-1.009,0.274,9.275,0.3124,1.4844,-0.0526,0.11,-2.43,112.04
9410,-1.052,0.383,9.350,0.1080,1.4022,0.0276,0.30,-1.62,112.15
9420,-1.412,-0.186,8.685,0.3180,1.4454,-0.0405,0.20,-0.81,111.99
9431,-1.112,0.488,8.833,0.0369,1.3744,0.0507,0.64,0.04,112.04
9441,-1.264,0.190,8.164,-0.6582,1.0087,-0.0265,0.20,0.80,111.99
9450,-1.418,0.295,7.904,0.2557,1.9796,0.0208,-0.12,1.18,112.01
9460,-1.924,0.807,8.200,0.0289,1.9642,0.0138,0.49,3.06,111.97
9470,-1.739,0.349,8.124,-0.3752,1.5772,-0.0225,-0.09,3.42,111.86
9481,-1.834,0.250,7.908,0.1330,2.0226,-0.0706,0.08,4.89,112.09
9491,-2.087,-0.211,7.722,-0.6787,1.3605,-0.0804,0.05,5.76,112.01
9501,-2.069,-0.263,8.164,0.0147,1.0529,-0.0743,-0.69,6.44,112.08
9510,-2.416,-0.283,7.676,0.6572,1.5288,0.0939,0.08,6.93,112.11
9521,-1.738,0.466,7.840,-0.1350,1.7527,-0.0097,0.09,8.18,112.11
9531,-2.354,-0.153,8.404,-0.1223,1.1982,0.0417,-0.06,8.94,112.00
9540,-2.232,-0.023,7.951,-0.3039,1.2844,-0.0222,-0.04,9.56,111.96
9551,-2.079,-0.182,8.521,0.0590,2.0642,0.0107,-0.39,10.41,111.93
9561,-2.502,-0.334,9.096,0.7411,2.0143,0.0262,0.02,11.96,112.09
9571,-2.453,-0.522,8.221,-0.0684,1.2043,0.0255,0.45,12.70,112.22
9581,-2.283,0.463,9.287,-0.5435,1.2538,0.0353,-0.05,13.31,112.08
9590,-2.518,-0.136,9.241,-0.0038,1.2732,-0.0935,-0.16,14.13,112.01
9600,-2.585,0.170,24.073,1.0817,-0.9588,0.0280,-0.06,14.77,111.99
9610,-1.927,0.106,21.349,0.4496,-2.3229,0.0758,1.10,13.04,111.99
9620,-1.964,0.238,16.657,0.2902,-1.8280,-0.1116,0.45,12.08,112.03
9630,-1.560,0.464,13.305,0.9981,-2.3982,0.0730,1.48,10.96,112.03
9650,-0.228,0.737,9.785,0.9598,-2.1908,0.0533,2.52,8.09,112.00
9661,-0.179,0.650,9.740,0.0501,-2.1785,0.0492,2.70,6.81,112.03
9671,-0.604,0.942,9.718,-0.1627,-2.1543,-0.1048,2.63,5.58,111.95
9681,-0.448,0.316,9.823,1.0154,-3.0068,0.0618,2.54,4.35,111.98
9690,0.436,0.387,9.706,1.3545,-2.1649,0.0440,3.77,2.15,112.07
9701,0.699,0.904,10.169,-0.0807,-1.5792,0.0486,4.11,1.86,112.03
9710,0.775,0.661,9.494,0.3632,-1.6008,-0.0120,3.66,0.32,112.05
9721,0.683,0.726,9.725,0.6641,-0.4239,-0.0173,4.54,0.03,112.01
9731,0.745,1.088,10.156,0.1398,0.1950,0.0211,4.38,-0.12,112.01
9741,0.706,0.840,9.554,0.3020,-0.2065,0.0201,4.68,0.25,112.01
9751,1.579,0.996,9.720,0.9583,-0.4640,0.0155,4.72,-0.39,111.99
9761,0.818,0.479,10.009,0.9546,0.4998,-0.0835,5.76,-0.26,112.10
9770,1.383,0.941,9.921,0.3055,0.1397,0.0447,5.83,0.19,111.91
9780,1.480,0.875,9.668,0.7387,0.1835,0.0300,6.15,-0.10,111.94
9791,1.325,1.578,9.988,0.4425,-0.1262,0.0092,6.67,0.39,112.17
9800,1.384,0.610,9.172,0.1172,-0.1601,0.0612,6.67,-0.22,112.12
9811,1.000,1.476,10.442,0.3775,0.4706,0.0414,6.86,0.18,112.17
9821,1.763,0.883,10.014,-0.1161,-0.3820,0.0081,7.11,0.33,112.11
9831,1.209,1.242,9.534,0.1194,-0.4426,-0.0496,6.75,-0.23,112.08
9841,1.536,1.424,9.361,0.2385,0.7336,-0.0148,7.23,-0.17,112.04
9851,1.362,1.294,9.919,0.0456,-0.2212,-0.0837,7.03,0.64,111.91
9860,1.715,1.447,9.488,0.5138,-0.1291,-0.0064,7.27,-0.36,112.12
9871,1.388,1.392,9.920,0.7461,0.7088,0.0328,7.63,0.50,111.83
9881,1.224,1.523,9.922,0.7412,-0.1712,0.0013,8.09,0.45,111.90
9890,1.660,1.559,9.340,-0.4049,-0.2726,0.0196,8.48,0.31,111.95
9900,1.485,1.030,9.509,-0.3563,-0.3789,-0.0356,7.61,0.16,111.93
9910,1.497,1.489,9.325,0.3646,0.0792,-0.0118,8.05,-0.11,111.96
9921,1.865,1.428,9.936,0.1531,0.0135,-0.0662,8.02,0.27,112.00
9930,1.684,1.345,9.920,0.2154,-0.3004,-0.0447,8.23,-0.05,111.96
9941,1.444,1.434,9.467,-0.0608,0.3742,-0.0027,8.25,-0.08,112.11
9951,1.047,1.539,9.611,-0.4249,0.7118,0.0551,8.18,0.36,111.95
9960,0.932,1.553,10.212,-0.0663,0.1716,-0.0364,7.76,0.73,112.00
9970,1.426,0.910,9.719,0.4079,-0.2244,0.0594,8.12,0.58,112.00
9980,1.368,1.618,9.578,-0.3387,-0.5092,0.0108,8.22,0.46,112.07
9991,1.050,1.258,9.926,0.1334,-0.4822,0.0043,7.72,0.02,112.03
10001,1.519,1.418,9.486,-0.1210,0.2019,-0.0051,8.38,-0.11,112.07
10010,0.969,1.953,9.717,-0.9109,-0.1809,-0.0034,7.61,0.24,111.93
10020,1.308,1.345,9.608,-0.1229,-0.2129,0.1069,7.37,-0.32,112.09
10031,1.038,0.849,9.397,-0.1379,0.4450,-0.0130,7.51,0.01,112.03
10040,0.857,0.684,9.679,-0.7118,-0.2634,0.0404,7.19,0.16,112.13
10050,0.848,1.362,9.904,-0.2580,0.1761,0.0554,6.68,-0.32,112.04
10060,1.015,1.812,10.070,0.4702,0.4747,0.0262,6.90,0.39,112.08
10071,1.165,1.225,9.537,0.1834,-0.0715,-0.0140,7.19,0.23,112.02
10080,0.662,1.090,10.197,-0.9331,-0.2902,-0.0034,7.10,0.29,112.15
10090,0.042,1.211,9.718,-0.6676,-0.2588,-0.0009,6.11,-0.09,112.11
10101,0.760,0.936,10.106,-0.2971,0.1803,-0.0661,6.31,0.01,111.96
10111,0.601,0.647,9.701,-0.5834,-0.8590,-0.0100,5.83,0.14,112.06
10120,0.293,0.592,10.158,-0.2040,-2.5026,-0.0166,5.61,-1.02,112.06
10131,0.944,1.017,10.417,-0.3279,-2.6410,0.0075,5.63,-2.69,111.90
10141,0.823,1.112,10.543,-0.7859,-2.5088,0.0046,5.22,-4.06,112.03
10150,1.328,0.816,10.889,-0.9969,-2.7545,-0.0486,4.71,-5.58,112.09
10161,1.673,0.689,11.365,-0.8680,-2.7217,0.0383,4.08,-7.21,112.11
10171,1.446,0.674,11.832,-0.3373,-2.5787,0.0395,3.71,-8.70,112.13
10180,1.894,0.760,12.780,-0.1941,-2.4922,-0.0026,3.70,-10.17,111.98
10190,1.504,0.585,12.695,-0.4307,-2.7704,-0.0348,3.49,-11.53,112.04
10200,2.332,0.372,13.406,-0.4797,-3.1412,0.1051,3.20,-13.32,112.04
10211,2.231,0.335,13.410,-0.4477,-2.5597,-0.0127,2.94,-15.11,112.02
10220,2.686,0.301,13.586,-1.4414,-2.2350,0.0475,2.65,-16.24,112.08
10230,2.458,0.388,13.527,-0.6582,-2.8762,-0.0038,1.28,-17.67,112.04
10241,2.324,0.034,13.447,-0.2517,-3.1136,-0.0412,1.92,-19.50,111.97
10251,2.956,0.047,13.278,-0.5702,-3.0736,0.0061,0.97,-21.22,111.96
10261,3.409,0.639,12.705,-0.2488,-2.3779,0.0411,1.25,-23.03,112.05
10270,2.625,0.147,12.307,-0.7658,-2.8664,0.0086,0.65,-23.95,112.08
10281,3.664,-0.037,11.367,-0.6968,-2.3012,0.0681,0.37,-26.29,111.94
10290,3.372,-0.147,10.903,-0.2608,-2.0836,-0.0022,-0.16,-26.58,111.97
10300,3.672,-0.307,10.106,-0.3529,-3.1740,-0.0056,0.08,-28.70,112.11
10310,3.593,-0.227,9.642,0.2356,0.3078,0.0193,-0.56,-30.18,112.09
10320,3.672,0.083,9.753,0.4210,2.2416,-0.0300,0.33,-28.32,112.08
10330,3.212,-0.030,9.944,-0.9581,1.9482,-0.0694,-0.10,-27.64,112.08
10340,3.229,-0.854,9.843,0.3833,2.4982,-0.0290,-0.78,-26.10,112.02
10350,3.349,0.090,10.211,1.1075,2.4291,-0.0173,0.32,-24.77,112.20
10360,2.867,0.187,10.275,-0.4780,2.2903,-0.0792,0.50,-23.31,112.01
10371,2.499,-0.300,11.012,-0.1142,1.7468,0.1157,-0.26,-22.19,112.10
10381,2.076,-0.005,11.032,0.0292,1.6941,0.0056,0.36,-21.29,112.14
10390,2.326,-0.109,11.300,-0.9067,2.1946,0.0086,-0.22,-20.25,112.04
10400,1.876,-0.082,11.265,0.1121,1.7980,-0.0518,-0.68,-18.78,112.04
10411,1.865,-0.068,11.568,0.6695,1.8582,0.0292,-0.11,-18.23,112.05
10420,1.606,0.063,11.632,0.1313,2.4454,0.0788,0.10,-16.62,111.96
10430,1.049,0.135,11.600,-0.0552,2.2248,0.0155,0.04,-15.41,112.08
10441,0.742,-0.546,11.493,0.0037,2.4684,0.0232,0.03,-14.09,112.00
10451,0.435,0.059,11.401,0.0204,2.3280,0.0104,0.09,-12.56,111.96
10461,0.340,0.428,10.781,-0.1340,2.2597,-0.0632,0.06,-11.42,112.16
10471,0.193,0.135,11.015,-0.1981,2.4264,-0.0357,-0.06,-9.96,112.00
10481,0.184,0.133,10.779,-0.0249,1.7308,0.0911,-0.18,-8.63,112.11
10491,0.007,-0.202,10.748,0.0654,1.6896,0.0036,-0.08,-7.95,112.11
10501,-0.263,0.021,10.024,0.0141,1.9792,-0.0279,-0.11,-6.68,112.04
10511,-0.887,-0.043,10.332,-0.1892,1.9324,0.0160,-0.09,-5.67,112.05
10520,-0.921,0.073,9.764,-0.0627,1.8520,0.0354,-0.33,-4.51,112.00
10531,-0.935,0.062,9.652,0.3007,1.7421,0.0395,-0.16,-3.51,112.00
10540,-1.251,0.365,9.408,0.2294,1.2943,0.0267,0.02,-2.56,112.19
10551,-1.100,0.222,9.465,0.0029,1.1677,-0.0109,0.09,-2.04,111.93
10560,-1.106,-0.325,9.066,-0.1194,1.4917,-0.0450,-0.02,-1.23,112.12
10570,-1.188,-0.120,8.858,0.1707,1.7921,-0.0895,-0.06,-0.31,112.04
10581,-1.919,-0.388,8.110,0.2786,1.7908,-0.0281,0.16,0.79,112.00
10591,-1.355,-0.792,8.010,0.0334,1.7392,-0.0597,0.24,1.74,111.98
10601,-1.616,-0.226,8.045,-0.6674,1.2918,0.0254,0.20,2.78,111.91
10610,-1.664,-0.234,7.650,-0.2895,1.4026,0.0321,-0.52,3.24,112.11
10621,-1.821,0.073,8.343,0.6494,1.4222,0.0326,-0.14,4.39,112.04
10630,-1.729,0.456,7.277,0.2999,1.5872,-0.1184,0.21,4.85,111.93
10640,-1.709,0.403,7.753,0.0058,1.4863,0.1472,0.15,6.19,112.16
10651,-1.807,-0.265,7.805,-0.0368,0.9895,-0.0106,0.20,6.55,112.04
10661,-2.062,0.420,8.547,-0.4062,1.5313,-0.0056,0.09,7.34,112.02
10671,-2.239,-0.305,8.139,0.2124,2.2146,-0.0126,-0.26,8.31,112.05
10681,-2.222,0.215,8.415,-0.1360,1.8319,0.0144,0.37,9.88,112.06
10690,-2.619,0.067,8.472,-0.0645,1.1245,-0.0010,-0.41,10.42,112.05
10700,-1.977,-0.173,8.089,0.3680,1.3959,0.0095,0.30,11.15,111.98
10711,-2.331,0.090,8.581,-0.6334,1.3301,0.0368,-0.00,12.02,112.01
10720,-2.777,-0.355,9.534,-0.0611,1.5309,-0.0626,-0.44,12.64,112.10
10730,-2.233,-0.425,8.758,0.6997,1.7657,0.0060,-0.12,13.81,112.11
10741,-2.531,0.276,9.319,0.1761,0.1639,-0.0651,0.36,14.66,112.08
10751,-2.103,0.437,24.429,-0.0037,-1.3563,0.0826,0.08,14.01,111.92
10761,-2.081,-0.337,20.601,0.7720,-2.5308,-0.0472,0.31,13.11,112.01
10770,-1.942,0.044,16.079,0.8277,-2.3240,0.0653,1.00,11.15,112.13
10781,-0.957,0.128,12.668,0.4829,-1.6603,0.0441,1.26,10.41,111.97
10791,-1.474,0.462,10.882,1.0497,-2.6147,-0.0586,1.53,9.23,112.03
10801,-1.199,0.519,10.157,1.2438,-2.9243,0.0224,2.44,7.40,112.08
10810,-0.732,0.693,9.846,0.4175,-2.2919,-0.0108,2.95,5.86,112.12
10820,-0.240,0.680,9.609,0.6019,-2.4645,0.0293,2.94,4.78,111.96
10830,0.225,0.385,9.605,0.7235,-2.6403,0.0008,3.65,3.02,111.88
10841,0.483,0.664,9.589,0.4651,-1.8794,0.0576,3.75,1.77,112.04
10851,0.746,0.708,9.561,0.7825,-1.8246,-0.0800,4.21,0.87,112.00
10861,1.293,0.949,9.507,1.0187,-0.7947,0.0688,4.63,-0.34,111.94
10871,1.020,0.333,9.469,0.7123,0.6206,0.0199,5.39,-0.01,112.09
10881,0.723,1.113,10.268,-0.0398,0.0835,0.0818,5.44,0.35,112.03
10891,1.319,0.860,9.849,0.5527,-0.7610,-0.0069,5.31,0.09,112.05
10901,1.070,0.862,9.731,0.7526,0.7139,-0.0327,6.08,-0.54,112.01
10911,1.374,0.748,9.289,0.2490,0.9705,-0.0233,6.16,0.92,112.00
10920,1.382,0.870,9.746,0.3426,-0.7250,0.0020,6.37,0.57,112.08
10930,1.456,0.898,9.676,0.5513,-0.5831,0.0336,6.53,0.06,112.05
10940,0.729,1.456,9.636,0.6366,0.1879,-0.0842,7.03,-0.13,111.99
10950,1.087,0.815,9.479,0.2851,0.7345,0.0673,7.26,0.24,111.91
10961,0.945,1.568,9.733,0.0624,0.0505,0.0404,7.39,0.75,111.87
10971,1.268,0.667,9.696,0.0478,-0.8147,0.0368,7.30,0.34,111.83
10981,1.783,1.190,9.977,0.6871,-0.2637,-0.0974,7.39,-0.14,112.05
10991,1.766,0.833,9.572,0.7826,0.2519,0.0098,8.12,0.02,111.97
11001,1.616,1.767,9.770,0.7705,-0.6071,-0.0008,8.29,0.16,112.00
11011,2.200,1.039,9.575,0.1250,-0.2312,-0.0035,9.02,-0.69,112.02
11021,1.682,1.140,10.044,-0.1065,0.6507,-0.0476,8.43,-0.12,111.98
11031,1.327,1.245,9.513,0.5047,0.3025,-0.0214,8.89,0.06,112.01
11041,1.891,1.158,9.758,-0.1569,-0.1566,0.0364,9.02,0.22,111.92
11051,1.876,1.814,9.491,-0.1925,-0.3397,-0.0074,8.71,-0.12,111.90
11061,1.357,1.536,9.864,-0.0279,0.2432,0.0209,8.79,-0.13,112.24
11071,1.668,1.201,9.274,0.4523,0.0016,-0.1091,8.66,0.16,112.04
11080,1.713,1.654,9.734,-0.2958,-0.2063,0.0589,9.32,-0.12,112.11
11091,1.957,1.191,9.551,-0.5227,0.3093,-0.0525,8.32,-0.10,111.96
11100,1.443,1.408,9.811,0.6885,0.2536,-0.0164,8.72,0.24,112.11
11111,1.440,1.167,9.656,-0.1609,-0.5275,0.0715,9.09,0.20,111.88
11120,1.261,1.739,9.618,-0.6443,-0.2780,0.0255,8.57,-0.33,112.10
11130,1.445,1.735,9.886,-0.0826,0.4714,-0.0506,8.33,-0.14,111.88
11141,0.752,1.695,9.633,0.0476,0.1533,-0.0614,8.46,0.21,112.07
11151,1.124,0.962,9.914,-0.1581,-0.0027,0.0700,8.41,0.01,111.92
11160,0.871,1.308,9.831,-0.3437,-0.0711,-0.0228,8.27,0.20,111.98
11170,0.774,1.400,9.363,-0.2371,-0.4058,-0.0240,8.01,-0.07,111.90
11181,1.237,1.451,9.789,-0.1706,0.1140,0.1262,7.97,-0.24,112.03
11190,1.218,1.736,9.402,-0.8947,-0.2293,0.0463,7.82,0.04,112.04
11201,1.274,1.032,10.159,-0.7431,-0.2490,-0.0511,6.98,-0.52,112.11
11211,0.868,1.106,9.967,0.0782,0.5130,0.0239,6.96,-0.21,111.96
11221,0.274,1.262,10.293,-0.2174,0.3160,-0.1175,7.08,0.08,112.02
11230,0.609,1.461,10.069,-0.6680,0.0529,0.1008,6.69,0.17,111.96
11241,0.389,1.162,10.420,-0.4678,-0.9458,0.0638,6.33,0.12,112.05
11250,0.614,0.837,10.228,-0.3408,-2.4617,-0.0498,6.17,-0.93,111.94
11260,1.127,0.728,10.782,-0.9696,-2.7445,-0.0007,5.94,-2.71,112.05
11271,1.296,0.745,11.206,-1.1149,-3.1278,-0.0046,5.07,-4.12,111.97
11280,1.348,0.699,11.113,-0.6571,-3.3707,-0.0570,4.62,-6.28,111.96
11290,1.268,0.460,12.177,0.2082,-2.9871,0.0495,4.30,-7.99,112.05
11300,2.463,0.555,12.473,-0.6228,-2.3852,-0.0056,4.84,-9.67,112.02
11310,2.052,-0.156,13.061,-1.1882,-2.7453,-0.0250,3.60,-10.76,112.03
11320,2.123,0.243,13.348,-0.4467,-2.5243,0.0418,3.47,-12.81,111.99
11331,2.070,0.838,13.829,-0.3111,-2.5782,-0.0429,3.10,-13.66,112.07
11341,2.190,0.678,13.660,-1.1104,-3.3906,-0.0190,3.07,-15.78,112.11
11351,2.040,-0.156,13.926,-1.0167,-2.6344,0.0969,1.84,-17.57,112.09
11361,2.312,-0.210,13.800,0.0550,-2.3025,0.0036,1.95,-18.74,112.00
11370,2.653,0.517,13.779,-0.4395,-3.3689,-0.0386,1.92,-20.18,112.31
11380,3.019,0.099,13.256,-0.9434,-3.0429,0.0005,1.48,-22.61,112.00
11390,2.885,0.342,12.028,-1.0713,-1.9168,-0.1095,0.85,-23.70,112.03
11400,3.443,0.452,11.802,-0.2588,-2.8110,-0.0035,0.23,-24.79,112.11
11410,3.454,0.053,10.753,-0.6213,-3.1495,-0.0128,0.53,-26.94,112.07
11421,3.812,-0.257,10.605,-0.2197,-2.5000,0.0739,-0.50,-28.44,112.02
11430,3.785,-0.198,9.829,0.5387,-0.2812,0.0295,0.29,-29.78,111.92
11441,3.535,-0.006,9.899,-0.1157,2.3183,0.0192,0.15,-28.74,111.91
11451,3.321,-0.098,9.930,-0.0617,2.1872,0.0201,0.18,-27.14,112.02
11461,2.580,0.039,10.214,-0.1396,1.8962,-0.0001,0.08,-26.20,111.87
11470,3.111,0.101,10.404,0.1619,2.1748,0.0075,0.06,-25.00,111.89
11480,2.494,0.208,10.740,-0.3406,2.1707,0.0222,0.28,-23.75,111.90
11491,2.313,-0.189,10.978,-0.5848,1.6197,0.0160,-0.35,-22.54,111.97
11501,1.725,-0.140,10.747,0.3381,1.9425,-0.0167,-0.37,-21.93,112.03
11511,1.421,-0.396,11.482,0.3352,2.5221,0.0017,0.05,-20.30,112.03
11521,1.676,0.098,11.285,-0.0187,2.4575,0.0768,0.02,-19.05,111.99
11530,1.923,0.112,11.255,0.3923,2.3690,-0.1434,0.05,-17.47,112.08
11540,1.343,-0.003,11.203,-0.2058,2.4505,-0.0553,0.48,-16.33,112.10
11551,0.745,0.532,11.179,-0.2350,2.3179,-0.0705,-0.17,-14.66,112.00
11561,0.966,-0.131,11.187,0.2658,2.0344,-0.0365,0.23,-13.65,112.13
11570,0.248,-0.131,10.811,0.4103,2.1430,0.0343,0.12,-12.32,112.08
11580,0.213,0.255,11.591,-0.4601,2.6094,-0.0004,0.71,-11.22,112.02
11591,0.320,0.638,11.052,-0.7783,2.2662,-0.0798,-0.42,-9.33,111.92
11601,-0.142,-0.141,10.824,0.2348,1.8845,-0.0248,-0.16,-8.61,111.96
11611,-0.846,-0.020,10.496,0.4994,2.2285,0.0583,-0.14,-7.12,112.16
11620,-0.240,0.347,10.236,-0.0943,2.0790,0.0122,0.40,-6.07,112.05
11630,-0.591,0.252,9.730,0.0876,2.1304,0.0477,-0.25,-4.75,112.02
11641,-0.804,-0.040,9.866,0.6147,2.1381,-0.0604,0.50,-3.61,111.94
11651,-1.079,0.291,9.760,-0.2059,1.0453,0.0322,0.48,-2.30,112.01
11660,-0.991,0.220,8.904,-0.2741,0.9621,0.0093,0.26,-2.43,112.13
11670,-0.639,0.152,9.164,-0.6297,1.5932,-0.0410,0.13,-1.24,111.93
11681,-0.899,-0.048,8.422,-0.0861,1.7946,0.0364,-0.47,-0.59,111.98
11690,-0.957,-0.084,8.342,0.0408,1.6198,0.0090,0.05,0.85,112.03
11701,-1.173,0.219,8.465,-0.1470,1.7229,-0.0503,-0.43,1.27,111.95
11711,-1.203,0.219,8.192,0.4475,1.5966,0.0630,-0.11,2.84,111.98
11720,-1.397,-0.422,8.002,-0.0037,1.8179,0.0343,0.06,3.06,111.98
11730,-1.526,-0.113,7.615,0.2116,1.9009,-0.0021,-0.09,4.89,112.05
11741,-1.861,0.421,7.186,0.0634,0.8946,0.0267,0.29,5.24,112.05
11751,-1.674,0.123,7.551,-0.6310,1.3984,-0.0624,-0.04,5.96,111.95
11760,-2.059,-0.181,7.803,-0.2399,1.1785,0.0696,-0.46,6.86,111.96
11770,-1.652,0.195,7.510,0.0714,1.1669,0.0052,-0.32,7.29,112.11
11781,-1.916,0.028,8.003,0.1901,1.9544,-0.0173,-0.38,8.20,112.09
11790,-1.973,-0.347,7.793,0.6845,2.1947,-0.0845,-0.09,9.54,111.92
11801,-2.170,0.450,7.831,0.2195,1.5266,0.0262,0.37,10.69,112.09
11811,-2.472,-0.095,7.910,-0.2769,1.5557,-0.0292,0.15,11.31,112.07
11821,-2.456,0.191,9.182,-0.4763,1.6277,-0.0259,0.10,12.45,112.01
11830,-2.182,0.288,9.050,0.5607,1.1409,0.0153,-0.39,13.25,111.99
11840,-2.785,0.010,9.498,0.3289,1.0653,-0.0560,0.71,13.74,112.16
11850,-2.650,0.395,9.669,0.3752,-0.2535,0.0158,-0.01,14.50,111.98
11860,-2.357,0.210,23.492,0.5621,-2.4344,-0.0203,1.16,13.46,111.86
11870,-1.929,0.079,18.900,-0.0118,-1.8095,-0.0185,0.62,11.72,112.10
11881,-2.209,0.074,14.938,1.6622,-1.8702,-0.0110,1.14,11.43,111.97
11890,-0.779,0.148,11.999,0.6467,-2.5631,-0.0200,2.53,9.60,111.98
11901,-1.265,0.218,10.746,0.1876,-2.1913,-0.0405,1.85,8.47,112.01
11911,-0.649,0.486,9.661,0.9326,-2.2338,0.0667,2.73,7.11,112.01
11921,-0.611,0.454,9.519,0.3728,-2.1604,-0.0226,2.92,5.93,111.85
11930,0.026,0.125,9.804,1.3590,-2.3299,-0.0710,3.19,4.64,111.88
11940,-0.427,0.749,9.650,0.6483,-2.5392,0.0452,4.48,3.25,111.98
11951,0.481,0.568,9.862,0.3953,-2.5242,-0.0109,3.93,1.75,112.02
11961,0.737,0.419,9.946,1.1945,-1.6028,0.0719,4.89,0.38,112.07
11971,1.032,1.247,9.856,0.1586,-0.5124,-0.0377,5.33,-0.11,112.07
11981,1.035,0.421,9.374,-0.1679,0.2991,0.1171,5.06,-0.18,112.14
11990,1.672,0.661,10.072,0.4287,0.4226,-0.0529,5.15,0.23,112.23
12000,0.922,0.792,10.114,0.8576,-0.7260,0.0926,5.52,0.27,112.00
12010,1.202,0.822,9.800,1.0854,-0.2051,0.0380,6.14,-0.61,112.24
12020,1.520,0.990,9.587,0.8414,0.6717,-0.0523,6.77,0.03,112.07
12031,0.956,1.176,10.292,0.3994,-0.0908,0.0153,7.10,0.18,111.93
12040,1.409,1.010,9.724,0.3420,-0.4576,-0.0255,7.22,-0.08,112.05
12051,1.408,1.289,9.700,0.7794,0.4991,0.0143,7.52,-0.37,112.07
12061,1.136,1.172,10.059,0.6382,0.0080,0.0199,8.09,0.50,112.10
12070,1.329,1.720,10.290,0.2485,0.3091,-0.0347,8.26,-0.33,111.90
12081,0.950,1.164,9.885,-0.0309,0.0622,-0.0223,8.36,0.86,112.26
12090,1.311,1.308,9.812,0.4427,-0.8339,0.0389,8.26,-0.28,111.97
12101,1.586,1.710,9.278,0.5220,0.5946,0.0315,8.86,-0.10,111.91
12110,1.117,1.735,10.165,-0.1227,0.3101,0.0258,8.84,0.39,112.02
12120,1.590,1.017,10.106,0.0562,-0.2742,-0.0337,8.70,0.27,112.00
12130,1.295,1.528,9.052,0.6894,-0.0946,0.0220,8.88,0.10,112.00
12140,1.198,1.152,9.639,0.8121,0.4301,-0.0496,9.52,0.16,112.01
12150,1.632,1.828,9.635,-0.3589,-0.1659,0.0959,9.79,0.58,112.12
12160,1.130,1.630,9.450,-0.9598,-0.4883,0.0462,9.13,-0.02,111.92
12170,1.137,1.578,9.640,0.3337,0.3519,-0.0274,8.71,0.00,112.14
12181,1.428,1.533,9.907,0.3314,0.5752,0.0789,9.53,0.39,112.04
12191,1.444,1.451,9.735,0.0306,-0.3882,-0.0229,9.08,0.66,112.06
12201,1.729,2.115,10.059,0.0720,-0.5483,-0.0799,9.55,-0.02,111.97
12210,1.474,1.801,9.779,0.3207,-0.0943,-0.0578,9.18,0.01,111.96
12221,0.704,1.745,9.432,0.0145,-0.0841,0.0403,9.90,-0.11,112.06
12230,1.283,2.006,9.616,-0.5197,-0.1498,-0.0134,9.18,-0.11,112.09
12240,1.210,1.535,9.270,-0.5350,-0.0873,0.0062,9.31,-0.32,112.03
12251,1.095,1.433,9.532,-1.1924,0.0692,0.0793,8.55,-0.23,111.96
12260,1.121,1.113,9.946,0.0645,0.4820,0.0240,7.93,-0.23,112.02
12270,1.251,1.419,9.340,0.5096,0.4176,-0.0258,8.65,0.31,111.95
12280,1.223,1.647,9.730,-0.1477,-0.2280,-0.0617,8.51,0.24,112.11
12291,0.844,1.545,9.702,-0.5635,-0.5626,-0.0491,8.45,0.03,112.03
12300,0.879,1.359,9.855,-0.9140,0.1594,0.0157,7.85,-0.41,112.03
12311,0.922,1.617,10.398,-0.6748,0.0945,-0.0014,7.39,0.19,112.06
12320,1.016,1.133,9.548,0.0412,-0.0725,-0.0223,7.05,-0.29,112.09
12330,0.757,0.907,10.020,0.0974,0.4212,0.0811,7.42,0.12,111.93
12340,0.762,1.234,9.997,-0.8840,-0.3923,-0.0156,7.19,0.20,112.08
12350,0.545,1.199,10.013,-0.8740,-1.3454,-0.0166,6.41,-0.32,111.93
12360,0.919,0.849,10.301,-0.5297,-2.0455,-0.0186,6.20,-1.33,112.08
12370,1.214,1.145,10.700,-0.9476,-2.2894,0.0065,5.81,-2.63,111.94
12381,1.052,1.030,10.847,-0.3822,-3.0291,-0.0482,5.12,-3.97,112.02
12390,0.631,1.296,11.460,0.0965,-3.3937,0.0214,5.39,-6.13,111.95
12400,1.347,0.839,11.421,-0.7769,-2.8940,0.0963,5.22,-7.85,112.03
12410,2.001,0.769,12.976,-1.2611,-2.8221,-0.0357,4.52,-9.43,111.91
12421,1.251,0.088,12.927,-0.7089,-2.3056,0.0561,3.77,-11.08,112.08
12431,2.115,0.566,12.951,0.0408,-2.7361,0.0693,3.74,-12.11,112.02
12440,2.159,0.468,13.690,-0.1316,-3.0737,0.0332,3.81,-14.25,112.12
12451,2.027,0.673,14.084,-0.9806,-2.3612,0.0211,3.62,-15.65,112.02
12461,2.225,0.574,14.303,-1.4700,-2.9979,-0.0821,2.65,-16.96,111.92
12470,2.330,0.079,14.077,-1.3442,-2.8740,-0.0038,1.90,-19.01,111.93
12481,3.045,0.312,13.690,-0.9495,-2.4897,-0.0666,1.11,-20.29,112.06
12491,3.459,0.073,13.278,-0.2546,-2.6321,0.0031,0.81,-21.90,112.04
12500,3.585,0.544,12.669,-0.2872,-2.7680,0.0532,0.81,-23.36,111.96
12511,3.754,0.372,11.853,-0.6701,-2.6657,-0.0163,0.47,-25.05,112.03
12521,3.685,-0.293,11.416,-0.5042,-2.4522,-0.0150,0.08,-26.42,111.92
12531,3.205,-0.043,10.614,-0.4936,-2.7084,0.0734,-0.08,-27.85,111.96
12540,3.642,-0.242,10.143,-0.3308,-1.0258,-0.0007,-0.46,-29.53,111.99
12550,3.897,-0.208,10.154,0.4678,1.6143,0.0638,-0.47,-29.04,112.08
12561,3.892,-0.051,9.941,0.2162,2.3273,0.0056,0.04,-27.67,112.03
12570,3.300,0.403,10.123,0.3175,2.3184,0.0291,-0.25,-26.37,111.86
12580,2.905,-0.051,10.424,-0.1615,1.8725,-0.0412,0.39,-24.99,111.95
12591,2.824,-0.221,10.147,0.1111,1.9854,0.0162,-0.44,-24.22,111.95
12601,2.636,-0.026,10.753,0.2275,2.6131,-0.0389,0.51,-22.70,112.02
12610,2.321,-0.011,11.180,-0.3404,2.6853,0.0398,-0.20,-21.30,112.00
12620,1.822,-0.052,11.104,0.2485,2.1879,0.0372,0.07,-19.59,112.05
12630,1.794,-0.038,10.960,-0.1637,1.3608,-0.0489,0.07,-18.79,112.07
12641,1.254,-0.583,10.942,-0.5706,2.2687,0.0384,-0.10,-18.00,112.04
12650,1.170,-0.168,11.313,-0.0651,2.8969,-0.0091,-0.60,-16.19,112.14
12660,1.117,-0.257,11.382,0.9256,1.5273,0.0784,-0.14,-14.69,112.18
12670,0.829,0.211,10.959,-0.2180,1.5691,-0.0525,0.46,-14.44,112.16
12680,1.037,-0.152,10.929,-0.8557,2.1488,0.0654,-0.38,-12.89,112.01
12690,0.638,0.245,11.108,0.3026,2.3555,0.0531,-0.55,-11.98,112.02
12700,0.454,0.421,10.828,0.3543,2.7187,-0.0264,-0.07,-10.19,111.96
12711,-0.441,-0.032,10.974,-0.2782,2.2917,0.0379,-0.12,-8.83,112.00
12721,-0.126,0.089,11.457,-0.1126,2.0774,-0.0115,-0.39,-7.57,112.03
12731,-0.153,0.153,10.637,0.2071,1.8092,0.0369,-0.23,-6.41,112.02
12741,-0.807,0.043,9.883,0.1039,2.3305,-0.0216,-0.14,-5.48,112.07
12751,-1.074,-0.032,9.631,0.1524,1.8403,-0.0389,-0.12,-3.78,111.86
12761,-0.550,0.378,9.906,0.2883,1.3925,-0.0828,0.05,-3.40,111.95
12771,-1.105,0.048,9.236,0.0478,1.9787,-0.0220,0.21,-2.18,112.14
12780,-1.396,0.159,9.006,-0.1050,1.3576,0.0464,0.12,-1.14,111.94
12790,-1.152,-0.107,8.770,0.3239,0.7748,-0.0425,0.10,-0.61,112.11
12800,-1.612,0.161,8.542,0.1742,1.7275,-0.0896,0.50,-0.23,112.05
12810,-1.467,-0.022,7.810,-1.1980,2.0308,-0.0533,0.33,1.38,111.90
12820,-1.580,-0.362,8.291,-0.3804,1.5301,-0.0257,-0.87,2.10,111.91
12830,-1.159,0.308,7.943,0.3485,1.4436,0.0522,-0.11,3.13,112.14
12841,-1.580,-0.102,7.847,-0.0997,0.9986,-0.0384,-0.47,3.75,112.18
12851,-1.346,-0.240,7.473,0.6131,1.4588,0.0626,-0.21,4.27,111.98
12860,-1.654,-0.128,7.673,0.1313,2.0522,0.0193,0.23,5.42,112.01
12871,-1.664,-0.225,8.013,-0.3281,1.5658,-0.0089,-0.06,6.61,112.08
12880,-1.692,-0.320,7.857,0.3880,1.3769,-0.0571,-0.13,7.23,112.12
12890,-1.896,-0.089,7.847,-0.2933,1.3203,0.0157,0.40,8.19,112.12
12900,-2.346,-0.063,8.202,-0.3608,1.9936,-0.0326,-0.45,8.79,112.03
12910,-2.200,0.800,8.073,0.5341,2.0600,-0.0751,-0.03,10.50,112.05
12921,-2.133,0.115,8.554,0.0440,0.9352,0.0640,0.16,11.15,112.10
12930,-2.379,-0.324,9.001,-0.4506,1.3620,0.0462,0.01,11.53,111.99
12941,-2.712,0.248,8.514,-0.0042,1.9560,0.0481,-0.35,12.72,112.02
12951,-2.580,-0.354,9.223,0.5196,1.7602,-0.0310,-0.01,13.77,111.97
12961,-2.405,0.252,9.801,0.2902,0.2692,0.0406,0.24,14.73,111.99
12970,-2.151,-0.007,25.178,0.5070,-1.4312,0.0516,0.34,14.08,112.10
12980,-2.196,0.129,22.097,0.8643,-2.0614,-0.0061,0.83,13.08,111.97
12990,-1.615,0.726,17.720,0.8147,-2.7207,0.0337,1.33,11.74,112.00
13000,-1.457,0.592,13.323,0.4943,-2.6077,-0.0387,1.77,9.96,112.12
13010,-0.869,0.033,10.621,0.7037,-2.1843,-0.0526,1.85,8.73,111.98
13020,-0.672,0.079,9.937,1.2725,-2.3901,-0.0138,2.61,7.40,112.02
13031,-0.350,1.041,10.344,0.0995,-2.3215,-0.1092,3.31,5.99,112.08
13040,0.203,1.059,9.537,0.8913,-2.0769,-0.0070,2.72,4.73,112.16
13050,-0.159,1.057,9.546,1.6899,-2.4699,0.0547,4.35,3.63,111.98
13060,0.674,0.371,9.502,0.2815,-3.0524,0.1133,4.67,1.89,111.92
13071,0.809,0.983,10.188,0.4507,-1.1285,0.0218,4.69,0.13,112.09
13080,0.286,0.922,10.071,0.9919,-0.0726,-0.1175,5.23,0.61,112.09
13091,0.793,0.617,9.675,1.0592,-1.0630,-0.0111,5.81,0.05,111.94
13101,1.496,0.962,9.935,0.6453,0.0774,0.0204,6.40,-0.62,112.01
13111,1.235,1.181,9.509,0.8565,0.3934,-0.0261,6.56,0.12,112.14
13121,1.014,0.982,9.334,0.8538,-0.0920,0.0047,7.40,-0.16,111.97
13130,1.272,1.104,9.614,0.1061,0.0503,-0.0118,7.53,0.04,112.19
13141,1.176,0.894,9.601,0.3100,-0.2967,0.0979,7.52,-0.08,111.93
13151,0.970,1.284,9.677,0.8539,-0.0541,0.0150,7.94,-0.29,112.17
13161,1.564,1.162,9.609,0.8379,0.3469,0.0516,8.46,-0.13,112.05
13171,1.002,1.340,9.418,0.5885,0.3037,0.0620,8.90,0.12,112.02
13181,1.491,2.224,9.849,0.2418,-0.2229,-0.0155,9.16,0.23,111.94
13190,1.392,1.716,9.769,0.3161,-0.1697,0.0737,9.17,-0.18,112.13
13201,1.507,1.360,9.331,0.3671,0.2810,-0.0509,9.48,0.00,111.96
13211,1.808,1.619,9.860,0.5081,0.4552,-0.0377,9.63,0.14,111.96
13221,1.231,1.601,9.619,0.0791,-0.0163,-0.0168,10.07,0.49,112.21
13231,1.024,1.543,9.654,0.1898,-0.5928,-0.0573,9.69,0.16,112.06
13241,1.825,1.598,9.754,0.0120,-0.0028,-0.0490,10.31,-0.23,112.06
13251,2.007,1.465,9.550,0.1383,0.5999,-0.0410,9.69,0.15,111.96
13260,1.236,1.368,9.408,0.6753,-0.4101,-0.0905,10.48,0.47,112.03
13270,0.858,1.907,9.825,-0.0600,0.0121,0.0908,10.49,-0.33,112.16
13281,1.369,1.809,9.833,-0.5613,0.1259,0.0389,10.47,0.47,111.93
13290,1.926,1.792,9.503,0.4532,-0.6058,-0.0151,9.85,-0.16,112.06
13300,1.289,2.253,9.339,0.7413,0.1121,-0.0363,10.96,-0.24,112.12
13311,0.805,2.500,9.910,-0.4426,-0.0415,-0.0359,10.74,-0.02,112.07
13320,0.926,1.472,9.643,-0.2299,-0.0219,-0.1390,10.43,-0.27,111.98
13331,1.124,1.859,8.996,-0.3729,0.0446,0.0073,10.49,-0.01,112.09
13340,1.316,1.738,9.639,-0.1564,0.1632,0.0793,9.98,-0.20,111.98
13350,1.479,1.937,10.147,0.4346,0.7316,-0.0458,10.29,0.16,111.97
13360,1.314,2.071,9.490,-0.7207,-0.1770,-0.0492,10.47,0.64,111.94
13370,1.144,1.250,9.305,0.0336,-0.3879,-0.0609,9.49,-0.05,112.11
13380,1.099,1.821,9.869,-0.1391,-0.1383,-0.0996,10.46,0.18,111.99
13391,1.019,1.449,9.585,-0.8490,0.2900,0.1072,9.32,-0.23,111.91
13400,0.785,1.411,9.420,-0.5104,-0.1183,0.0504,9.47,0.50,111.93
13411,0.442,1.374,10.287,-0.6109,-0.3420,-0.0016,8.72,-0.33,112.11
13420,0.669,1.595,9.419,-0.5920,0.5529,0.0123,8.82,0.13,112.03
13431,0.715,1.001,9.795,-0.8159,-0.2764,-0.0345,8.03,0.31,111.83
13440,0.722,0.480,10.319,-0.2753,-0.7524,0.0039,7.91,-0.21,111.99
13451,0.192,1.277,9.826,-0.5733,0.2711,-0.0058,7.71,-0.52,111.83
13460,0.544,1.531,9.861,-0.6480,-0.6231,-0.0070,7.24,0.12,111.96
13471,0.777,0.576,10.703,-0.2078,-2.9694,-0.0682,7.00,-1.21,112.03
13481,0.575,1.206,10.902,-0.9452,-2.8740,-0.0446,6.99,-3.31,111.97
13490,0.999,1.261,10.929,-1.2934,-2.4984,-0.1229,5.92,-4.50,112.08
13501,1.181,0.840,11.487,-0.3753,-2.6908,-0.0585,5.54,-6.15,111.96
13510,1.825,0.785,11.667,-0.5271,-3.1214,0.0597,5.49,-7.57,111.91
13520,1.930,0.873,12.459,-1.0245,-3.3622,-0.0610,4.88,-9.74,112.06
13530,1.438,0.334,13.312,-0.5985,-2.6041,0.0128,4.30,-11.45,111.99
13540,1.657,0.641,13.924,-0.6845,-2.4467,-0.0056,4.19,-12.70,112.03
13550,1.997,0.701,14.090,-0.7352,-3.0045,-0.0080,3.52,-14.23,112.11
13561,2.388,0.430,13.901,-0.6749,-3.3185,0.0427,3.32,-16.14,112.05
13570,2.762,0.353,14.390,-0.9996,-2.3767,-0.0968,2.73,-18.06,111.94
13580,2.557,0.125,14.081,-0.8804,-2.3906,-0.0164,2.19,-18.88,112.12
13590,2.962,0.108,13.269,-0.5157,-3.1772,0.0036,1.74,-20.85,111.93
13600,2.777,-0.050,13.158,-0.4698,-2.5511,0.0612,1.58,-22.58,111.92
13610,2.965,0.392,13.066,-1.2013,-2.2856,-0.1204,1.17,-23.77,112.04
13621,3.424,-0.455,11.904,-1.3318,-2.9741,0.0869,0.23,-25.21,111.96
13631,3.460,0.005,10.844,-0.6127,-3.1256,-0.1239,-0.31,-27.15,111.89
13641,3.953,0.015,10.319,-0.3336,-2.4093,-0.0088,-0.45,-28.81,111.97
13650,3.884,0.463,10.067,0.0712,0.0019,0.0812,-0.67,-29.92,111.93
13661,3.597,-0.032,10.118,0.3557,2.2289,-0.0544,-0.35,-28.81,111.99
13670,3.537,-0.381,9.931,0.2963,2.6577,0.0937,-0.26,-27.38,112.09
13681,3.200,-0.082,10.314,-0.2736,2.5586,0.0452,-0.02,-25.78,111.84
13691,3.074,-0.161,10.488,0.3582,2.0660,0.0155,-0.56,-24.46,111.98
13701,2.522,0.031,10.923,0.7624,2.3141,0.0338,0.43,-23.43,111.97
13710,2.701,-0.225,10.678,-0.0638,2.7451,-0.0313,0.32,-21.78,112.08
13721,2.150,0.229,11.331,-0.4139,1.7147,-0.0217,0.37,-20.24,112.03
13730,1.580,-0.206,11.313,-0.2464,1.9444,-0.0511,-0.15,-19.78,112.00
13740,1.347,0.080,11.538,-0.1324,2.1925,-0.0871,0.07,-17.98,111.96
13751,1.268,-0.173,11.187,0.3126,1.6744,0.0042,-0.28,-17.24,112.16
13760,0.751,0.420,11.012,-0.0376,2.4586,-0.0168,0.46,-16.06,112.12
13770,1.191,0.176,11.337,-0.5366,2.6205,0.0117,-0.36,-14.47,111.98
13780,0.940,-0.002,11.481,0.6998,1.9094,0.1114,-0.15,-13.05,112.02
13790,0.751,-0.189,11.509,0.7826,1.9140,0.0167,0.43,-12.27,112.03
13800,0.583,-0.168,10.914,-0.4187,2.8446,-0.0061,0.75,-10.81,112.05
13810,-0.395,0.106,11.341,-0.7657,2.3456,0.0082,-0.03,-8.98,111.98
13821,0.106,0.282,10.779,-0.6118,1.9602,-0.0818,-0.12,-8.10,111.96
13830,-0.088,-0.177,10.616,0.5524,2.1039,-0.0004,-0.75,-6.73,112.02
13840,-0.639,-0.022,10.142,0.7092,2.0477,0.0208,0.51,-5.67,112.11
13850,-0.468,0.355,10.028,-0.9609,1.8487,0.0116,0.09,-4.41,111.99
13861,-0.547,0.072,9.587,0.1497,1.5638,-0.0751,-0.57,-3.54,111.81
13870,-0.972,-0.354,9.070,0.6811,1.6583,0.0684,0.26,-2.61,112.15
13880,-1.463,0.279,9.299,-0.3651,1.5958,-0.0368,0.18,-1.67,112.10
13891,-1.550,0.229,8.561,-0.2524,1.1067,0.0889,-0.11,-0.78,112.11
13900,-1.318,0.234,8.523,0.3094,1.3413,0.0533,-0.17,-0.41,112.09
13911,-1.114,0.438,8.204,0.2051,2.1664,0.0055,0.22,0.76,111.91
13921,-1.317,0.080,8.468,-0.0370,1.5276,0.0129,0.07,2.09,111.97
13931,-1.515,0.306,8.263,0.2828,1.3969,-0.0559,0.15,2.51,112.13
13941,-1.607,0.544,7.823,0.1914,1.2299,-0.0399,0.37,3.66,112.04
13951,-1.496,-0.320,7.661,-0.1468,1.7427,-0.0394,0.36,3.96,111.90
13960,-1.825,0.117,7.829,-0.1540,2.2461,0.0167,0.23,5.69,111.98
13971,-2.121,0.098,7.801,-0.5104,1.0861,0.0414,0.18,6.54,111.99
13981,-2.079,0.212,7.651,-0.4295,1.5407,-0.0264,-0.38,6.91,112.14
13990,-2.539,0.114,7.546,0.5682,2.1372,-0.0188,-0.33,8.32,111.98
14000,-2.223,-0.157,7.790,0.4775,1.0005,0.0830,0.25,9.37,111.92
14010,-2.310,-0.170,7.837,-0.1115,1.7777,-0.0900,0.19,9.49,112.01
14021,-2.198,-0.259,8.079,0.0350,1.4944,0.0422,0.16,11.39,112.07
14031,-2.042,-0.185,8.104,-0.2500,1.4010,0.0104,0.25,11.20,112.18
14040,-2.633,0.275,8.876,-0.0930,1.7290,-0.0280,-0.17,13.01,111.96
14050,-2.450,-0.444,9.271,-0.0981,1.5272,0.1057,0.17,13.15,111.93
14060,-2.510,0.538,9.089,0.0583,1.0183,0.0667,-0.30,14.74,112.08
14071,-2.507,-0.306,23.553,1.1263,-1.6449,0.0564,0.23,14.29,111.99
14081,-2.115,0.122,21.086,0.6484,-2.0010,0.0634,0.96,12.83,112.06
14090,-1.616,0.052,16.430,1.0864,-2.0776,-0.1622,0.95,11.99,111.81
14101,-1.516,0.005,12.581,1.2602,-2.9501,-0.0030,2.20,10.44,112.06
14110,-1.427,0.321,11.002,0.6744,-2.2690,-0.0082,2.42,8.60,111.91
14120,-1.049,0.363,9.836,0.4284,-2.4418,-0.0553,2.95,7.81,111.91
14130,-0.353,0.437,10.291,0.0640,-2.7801,0.1183,2.93,5.79,112.04
14141,-0.251,0.380,9.980,0.6303,-1.9051,-0.0172,3.03,4.66,112.01
14150,0.619,0.691,9.843,1.2793,-2.5473,0.0656,3.67,3.60,111.79
14161,0.882,0.581,9.994,0.8490,-2.0897,0.0825,4.48,1.73,111.99
14171,0.518,0.923,9.739,0.7667,-1.6058,-0.0740,4.65,1.19,112.07
14180,1.040,0.777,9.666,0.8089,-0.9200,-0.0617,5.36,-0.12,112.03
14190,1.255,0.652,9.480,0.3440,0.2946,-0.0824,5.58,0.12,112.06
14201,1.096,1.169,9.248,0.8602,0.0250,-0.0533,5.74,0.20,112.02
14210,0.906,0.780,9.822,1.1326,-0.2736,-0.1031,6.57,0.11,111.97
14230,1.847,1.182,9.656,0.4098,0.2732,0.0282,6.76,-0.07,111.98
14240,1.311,1.319,9.591,0.7431,-0.0555,0.0106,7.46,0.23,112.05
14250,1.198,1.362,10.030,0.4590,0.0044,0.0398,7.66,-0.14,111.84
14260,1.009,1.352,9.263,0.4414,0.0797,-0.0958,7.99,0.24,112.02
14271,1.182,1.171,9.570,0.0317,0.0532,0.0323,8.14,-0.04,111.95
14281,1.310,1.242,9.941,0.8055,-0.0954,0.0584,8.05,0.31,112.10
14290,1.413,1.377,9.524,0.4059,-0.5747,-0.0997,9.07,-0.11,111.85
14301,1.188,1.409,9.601,-0.2382,0.1480,-0.0639,8.55,-0.32,112.00
14311,1.050,1.718,9.724,0.7397,-0.0012,-0.0238,8.79,0.04,111.95
14320,1.605,1.582,9.694,0.5463,-0.4025,0.0752,9.42,-0.30,111.94
14331,1.691,1.632,9.838,-0.1481,0.1898,-0.0001,9.42,-0.40,112.10
14341,1.245,1.606,9.986,-0.0045,0.5319,-0.0660,9.25,-0.08,111.80
14350,1.351,1.225,9.618,0.3561,0.1330,-0.0221,9.40,0.25,112.00
14360,1.594,1.879,9.842,0.1789,-0.2258,0.0364,9.63,0.05,111.84
14370,1.360,1.530,9.902,0.2937,-0.0083,-0.0725,9.60,-0.02,112.09
14380,1.162,2.022,9.455,-0.1358,0.3273,0.1120,9.96,0.01,112.15
14390,1.339,1.792,9.937,-0.0614,0.4649,-0.0593,9.43,0.33,112.02
14400,1.397,1.471,9.655,0.6774,-0.1767,-0.0540,9.88,0.54,111.89
14411,1.666,1.835,9.702,-0.1334,-0.0362,0.0269,10.20,0.14,111.99
14420,1.538,1.939,9.709,-0.7667,0.0588,-0.0165,9.74,0.48,112.01
14430,0.954,1.864,9.947,-0.4142,-0.3388,0.0974,9.33,0.22,112.03
14441,0.605,1.801,9.866,0.0610,-0.0694,-0.0218,9.28,0.09,112.02
14451,0.895,1.848,9.562,-0.2078,-0.0607,0.0226,9.39,0.13,112.04
14460,0.699,1.836,9.572,0.0538,-0.1029,-0.0042,9.04,-0.03,111.98
14470,0.812,1.674,10.167,-0.6545,0.1422,0.0326,9.43,-0.00,112.04
14481,0.830,1.631,9.815,-0.2479,-0.3669,0.0230,8.32,0.13,111.87
14491,1.180,1.399,10.048,-0.4217,0.1113,-0.0436,9.16,-0.41,111.98
14501,1.079,1.214,9.659,-0.8784,0.1855,0.0337,7.83,0.26,111.86
14510,0.568,0.869,9.603,-0.2587,0.1407,0.0381,8.17,-0.17,112.00
14520,0.746,1.591,9.820,-0.2707,0.2327,-0.0504,7.59,0.38,111.88
14530,0.503,1.208,10.217,-0.4231,-0.3404,-0.0315,7.88,0.08,111.81
14541,0.577,0.838,10.089,-1.0468,-0.4840,-0.0411,7.09,-0.03,112.03
14551,0.189,1.015,10.168,-0.4602,-1.1752,-0.0444,6.66,-0.41,111.83
14561,0.561,1.057,10.369,-0.3914,-2.0224,-0.0302,6.56,-1.35,111.94
14571,1.056,0.762,10.550,-1.0332,-2.7810,-0.0245,6.19,-2.74,112.12
14580,0.896,0.958,11.176,-0.4083,-3.2132,0.0590,5.36,-4.55,111.91
14590,1.033,1.198,11.166,-0.8466,-2.8744,-0.0313,5.70,-6.39,111.95
14600,1.492,1.317,11.938,-0.5146,-2.3556,0.1076,4.45,-7.82,111.96
14610,1.698,0.848,12.216,-0.2271,-2.7148,0.0255,5.11,-9.08,112.02
14620,1.506,0.406,12.915,-0.8111,-2.7244,-0.0204,4.24,-10.93,111.83
14630,1.735,0.705,12.642,-0.8172,-2.7660,0.0003,4.19,-12.17,111.88
14641,2.193,0.760,13.375,-1.2191,-3.7044,-0.0973,3.29,-14.11,111.92
14650,2.295,0.698,13.983,-0.5050,-2.7485,-0.0235,2.79,-16.38,112.04
14660,2.405,0.264,13.799,-0.7279,-2.3187,-0.0535,2.77,-17.25,111.96
14671,2.529,-0.231,13.474,-1.3812,-2.7014,-0.0594,1.94,-19.07,112.16
14680,2.692,0.336,12.757,-0.6979,-2.9359,0.0591,1.18,-20.36,111.95
14690,3.190,0.455,12.556,-0.8042,-2.5502,-0.0209,1.15,-22.44,111.91
14701,2.703,-0.143,12.032,-0.7875,-2.3613,-0.0220,0.29,-23.30,111.98
14711,3.762,0.067,11.435,0.0964,-3.9453,-0.0288,0.23,-25.14,111.97
14721,4.122,0.288,10.712,0.0313,-3.1334,-0.0330,0.41,-27.82,112.02
14730,3.710,-0.209,10.323,-0.3544,-1.5125,0.0429,0.29,-28.72,111.94
14741,4.086,0.035,9.822,-0.3415,0.1939,0.0409,0.00,-29.53,112.02
14751,3.587,-0.023,10.566,-0.1294,1.8629,-0.0206,-0.05,-28.52,111.91
14760,3.254,0.162,9.642,-0.1395,2.3337,0.0109,-0.10,-27.39,111.93
14770,2.576,-0.578,10.007,0.2059,2.5550,0.0337,-0.19,-25.81,112.08
14780,2.393,0.092,10.738,0.1066,2.3643,0.0293,0.11,-24.47,111.95
14790,2.666,-0.208,10.939,-0.2075,2.2708,0.0383,-0.05,-23.15,111.95
14801,2.678,0.103,10.718,0.1292,2.0378,-0.0327,-0.11,-21.85,111.96
14811,2.064,0.283,11.006,-0.4252,1.7481,-0.0185,0.08,-20.81,111.88
14821,2.194,0.220,10.948,0.4425,2.9949,-0.0053,-0.61,-19.83,111.85
14831,1.182,0.011,11.323,0.6766,2.3333,-0.1184,0.59,-17.41,111.95
14841,1.835,-0.355,11.475,-0.8539,1.7787,0.0327,0.19,-17.16,112.12
14851,1.181,-0.275,11.571,-0.1338,2.9488,-0.0273,-0.42,-15.35,112.03
14860,0.712,-0.275,11.650,0.0795,2.0943,-0.0928,0.03,-13.77,111.92
14870,1.048,0.423,11.487,-0.1704,1.9633,0.0144,-0.34,-12.96,111.96
14880,0.533,0.304,11.281,0.0754,2.2325,0.0029,-0.16,-11.52,111.96
14891,-0.038,-0.309,11.305,0.4167,2.5942,0.0238,-0.27,-10.41,112.03
14900,0.071,-0.346,10.879,-0.2458,2.1196,0.0550,0.33,-8.53,111.97
14911,0.043,-0.319,11.075,-0.4049,1.8316,-0.0795,-0.58,-7.95,112.08
14920,-0.090,0.317,11.170,0.0542,2.5875,0.0241,-0.11,-6.45,111.98
14931,-0.398,-0.274,10.145,0.0753,2.4617,-0.0679,-0.49,-5.00,111.97
14941,-0.903,0.331,9.786,0.3561,1.7790,0.0469,-0.01,-3.62,112.09
14950,-0.914,-0.307,9.204,-0.3783,0.7107,0.0524,-0.10,-2.90,111.80
14960,-0.413,0.443,8.894,0.4691,1.3183,0.0178,-0.42,-2.78,112.02
14970,-1.491,0.037,8.774,0.7599,2.2847,0.0490,0.43,-1.42,111.79
14980,-0.858,-0.037,8.736,-0.5220,1.8727,-0.0086,0.47,-0.14,112.09
14991,-1.497,-0.139,8.610,-0.2849,1.1086,-0.0635,-0.17,0.69,111.91
15001,-1.580,-0.280,8.726,0.0887,1.6214,0.0829,0.16,1.11,112.07
15011,-1.754,-0.553,8.162,-0.0443,1.6068,0.0548,-0.04,2.51,112.07
15021,-1.479,0.330,8.189,0.4478,1.1230,0.0260,0.07,2.92,111.93
15030,-1.568,0.153,7.555,-0.1687,1.4015,0.0175,0.46,3.79,111.83
15041,-1.687,-0.104,7.992,0.0332,1.7134,-0.0827,-0.08,4.53,112.07
15050,-1.985,-0.165,7.830,-0.0246,1.2463,0.0074,0.54,5.73,112.06
15061,-1.905,-0.226,8.100,-0.5185,1.3692,0.0115,-0.09,5.97,111.97
15071,-1.451,-0.297,8.015,0.5318,2.9361,-0.1303,-0.03,7.33,112.06
15081,-2.310,0.499,8.124,0.1098,1.9380,-0.0751,0.57,9.34,112.09
15090,-2.347,-0.115,8.206,-1.0617,1.3204,0.0716,0.08,9.54,112.06
15100,-2.312,-0.172,8.088,-0.0487,1.2926,-0.0059,-0.61,10.86,112.03
15110,-2.085,0.258,8.149,0.1916,1.2900,0.0667,0.07,11.00,112.01
15120,-2.338,-0.164,8.466,-0.4470,2.1250,0.0221,-0.38,12.36,111.93
15130,-2.376,0.224,9.099,0.0872,1.6560,-0.0563,-0.50,13.42,112.01
15140,-2.544,-0.461,9.282,0.6093,1.1599,0.0171,-0.28,14.27,111.99
15151,-2.427,0.071,25.671,0.4903,-0.7365,-0.0061,0.21,14.80,112.00
15160,-2.330,-0.355,23.025,0.4084,-2.5023,0.0422,0.28,13.43,112.02
15171,-1.852,0.170,18.715,1.0785,-2.6020,0.0362,0.70,11.92,111.95
15181,-1.195,0.342,13.967,1.3359,-2.1569,-0.0465,1.52,10.47,111.90
15190,-1.034,0.317,11.485,0.7870,-2.3618,0.0476,2.25,9.46,111.85
15200,-1.155,0.292,10.177,0.3833,-2.8334,-0.1065,2.42,7.79,112.10
15210,-0.823,0.588,9.613,0.5168,-1.8506,0.0429,2.73,6.19,112.01
15220,-0.602,0.551,9.669,1.0161,-1.8108,0.0590,2.95,5.63,111.94
15231,-0.223,0.717,9.709,1.6560,-2.5041,0.1345,3.85,4.14,111.93
15241,-0.034,0.686,9.488,1.2781,-2.0848,-0.0367,4.80,2.75,112.04
15250,0.987,0.496,10.138,0.7740,-1.7884,0.0595,5.30,1.75,112.04
15261,1.027,1.008,9.516,0.4611,-1.5678,-0.0123,5.69,0.68,112.14
15271,0.856,1.044,10.453,0.5911,-0.6795,0.0137,5.83,-0.03,112.05
15280,1.063,0.612,9.790,1.0929,0.1474,-0.0403,6.35,-0.08,112.02
15290,1.142,1.114,9.752,0.4274,-0.2063,0.0125,7.10,0.09,112.06
15300,1.406,0.483,9.582,0.4234,0.4159,0.0512,6.85,-0.33,111.98
15311,0.983,1.760,9.700,0.3720,0.4169,0.0091,7.60,0.52,111.92
15320,1.324,1.288,10.175,0.6905,-0.5436,0.0193,7.29,0.12,112.25
15331,1.666,1.371,9.522,0.9643,-0.3256,-0.0021,8.41,-0.08,111.89
15341,1.379,1.705,9.200,0.1009,-0.1198,0.0431,8.39,-0.21,111.82
15351,1.666,1.412,9.686,0.8272,0.3606,-0.1197,8.49,-0.25,111.87
15360,1.383,1.595,9.692,0.5051,0.0036,0.0111,9.36,0.18,111.92
15370,1.821,1.565,9.835,0.0267,-0.3533,0.0301,9.07,-0.20,112.03
15381,1.830,1.684,9.545,1.0987,-0.0487,-0.0188,9.39,-0.18,112.06
15391,1.485,1.738,9.937,0.3150,0.4101,-0.0484,10.35,-0.29,112.05
15400,1.807,1.350,9.957,-0.2124,0.6511,0.0152,9.78,0.26,112.04
15411,1.750,1.186,9.685,0.3911,-0.2523,-0.0885,10.08,0.45,111.98
15421,1.816,1.960,9.785,0.6251,-0.6480,0.0593,10.24,-0.02,111.94
15430,1.002,1.666,9.802,-0.0710,-0.3271,-0.0797,10.82,-0.33,112.22
15441,1.275,1.476,9.640,0.3254,0.1381,-0.0139,10.16,-0.39,112.07
15450,1.805,1.763,9.488,0.5814,0.3458,-0.0561,11.18,-0.17,111.92
15461,1.449,1.964,10.014,-0.3108,-0.2997,0.0101,10.81,-0.01,111.98
15471,1.739,1.823,9.841,-0.0830,-0.1962,-0.0342,10.83,-0.50,112.03
15480,1.520,1.950,9.553,0.0872,1.1146,-0.0174,10.69,-0.28,111.91
15490,0.829,2.003,10.047,0.6094,0.2989,-0.0271,10.91,0.80,111.92
15501,1.078,2.609,9.875,0.0397,-0.7731,0.0064,11.38,0.02,111.96
15511,1.031,1.616,9.552,-0.7101,-0.1051,-0.0699,10.96,-0.08,111.90
15520,1.223,1.889,9.368,-0.2914,0.3604,-0.0066,10.55,-0.10,111.94
15531,0.999,1.753,9.357,0.2291,0.3071,0.0195,10.63,0.33,111.96
15540,1.485,1.844,9.392,-0.1083,0.0901,0.0209,10.78,0.22,112.07
15550,0.878,1.271,9.936,-0.4880,-0.2000,0.0544,10.51,0.42,112.05
15561,0.939,1.592,9.959,-0.1904,-0.2107,-0.0402,10.25,-0.01,111.90
15571,0.975,1.948,9.353,-0.1935,-0.1419,-0.0264,10.32,0.18,112.11
15580,0.978,1.599,9.483,-0.8041,-0.3155,-0.0160,10.05,-0.15,111.80
15591,0.578,1.453,9.402,-0.9989,0.2395,-0.0099,9.39,-0.13,112.01
15601,0.366,1.709,9.690,-0.0721,0.4791,-0.0785,8.89,0.15,111.95
15611,0.662,1.453,9.747,0.5372,-0.1339,0.0142,9.35,0.38,111.98
15621,0.361,1.507,9.945,-0.8624,-0.1386,0.0145,9.47,-0.01,111.99
15630,0.570,1.325,9.836,-1.0798,-0.1201,-0.0966,8.36,0.24,111.96
15640,0.725,1.461,10.015,-0.0143,-0.5638,-0.0652,8.24,-0.13,111.98
15650,0.338,1.529,10.427,-0.1224,-0.9786,0.0299,8.35,-0.36,112.01
15660,0.504,1.403,10.262,-0.9608,-1.9723,-0.0036,8.11,-1.25,111.82
15670,1.148,1.162,10.405,-0.8012,-1.7787,0.0705,7.23,-2.61,111.99
15680,0.989,1.489,10.654,-0.5196,-2.1487,-0.0544,7.19,-3.28,112.07
15691,1.277,1.271,11.091,-1.1544,-2.4510,0.0837,6.64,-5.09,112.13
15701,0.951,1.029,12.168,-1.4612,-3.2352,-0.0129,5.83,-6.09,112.11
15710,1.418,1.223,12.271,-0.8592,-3.3744,-0.0704,4.95,-8.82,112.10
15720,1.546,0.750,12.739,-0.1621,-2.1725,0.0506,4.84,-9.99,112.06
15731,1.608,1.246,13.077,-0.4509,-2.6247,-0.0047,4.77,-11.30,111.90
15740,2.576,0.678,13.422,-1.0330,-3.1137,0.0492,4.32,-12.99,111.90
15750,1.854,0.688,14.093,-1.1612,-3.0085,0.0072,3.57,-14.87,112.06
15761,2.407,0.709,14.303,-1.1350,-2.8572,0.1092,2.98,-16.45,112.01
15771,2.598,0.103,14.473,-1.1072,-2.2107,-0.0347,2.27,-18.14,112.02
15781,2.555,0.096,14.081,-0.4909,-1.9196,0.0096,1.75,-19.00,111.81
15790,2.709,0.082,13.437,-0.8964,-3.4749,0.0317,1.72,-20.37,111.98
15800,2.783,-0.314,13.033,-0.8755,-3.4858,-0.0564,0.78,-22.99,111.93
15811,2.829,0.289,13.001,-0.6669,-2.1889,0.0042,0.74,-24.35,112.07
15820,3.388,-0.121,11.486,-0.7470,-2.4583,-0.0177,-0.00,-25.50,111.92
15830,3.400,-0.099,10.803,0.5659,-2.6511,0.0181,-0.13,-27.20,111.94
15841,3.986,0.070,10.427,0.0886,-2.3922,-0.0081,0.64,-28.56,111.92
15850,3.735,-0.168,10.090,-0.6223,-0.2650,-0.1288,0.01,-29.94,111.94
15860,3.709,-0.345,9.485,-0.0389,1.9357,-0.0389,-0.10,-28.88,112.05
15870,3.259,-0.273,10.059,-0.2988,2.9745,0.0112,-0.05,-27.74,112.03
15880,2.796,0.123,10.046,0.3908,2.5388,0.0164,-0.44,-25.50,111.97
15891,2.940,-0.232,10.122,0.5895,1.8047,0.0793,0.40,-24.77,112.02
15901,2.474,0.261,10.617,-0.4734,2.6981,-0.0156,0.25,-23.43,111.92
15910,2.270,0.143,10.955,-0.1977,2.4556,-0.0550,-0.16,-21.65,111.95
15920,2.046,0.356,10.969,-0.0010,2.0460,0.1396,0.07,-20.59,111.84
15931,1.761,0.311,11.068,0.0383,1.4908,-0.0144,-0.20,-19.30,112.02
15941,1.659,0.150,11.079,-0.1927,1.2494,-0.0983,0.12,-18.87,111.97
15951,1.870,-0.040,11.497,-0.0397,2.2088,-0.0297,-0.40,-17.84,111.88
15960,1.321,0.005,11.515,0.7670,2.4320,0.0491,0.08,-16.35,111.93
15970,0.963,0.608,11.528,0.0428,2.3919,-0.0337,0.45,-15.03,111.86
15980,1.040,0.460,11.211,-0.5410,2.1402,-0.0358,0.13,-13.61,112.06
15991,0.430,-0.164,11.193,0.1627,2.2316,-0.0270,-0.18,-12.57,111.98
16001,0.416,0.165,10.645,0.6565,2.6731,-0.0225,0.28,-11.08,112.05
16010,0.178,0.040,10.971,-0.0682,1.5789,0.0203,0.59,-9.53,112.08
16021,0.099,0.010,10.660,-0.5001,1.8274,-0.0263,0.22,-9.25,112.01
16030,-0.060,-0.493,10.490,-0.3948,2.9147,0.0147,0.03,-7.44,112.03
16041,-0.294,0.223,9.994,0.0640,2.2532,0.0181,-0.24,-5.88,111.91
16051,-0.378,-0.387,10.457,0.7155,1.4620,0.0027,0.13,-4.89,111.98
16060,-0.598,0.047,10.002,-0.6553,1.7234,-0.0313,0.58,-4.20,112.04
16070,-0.873,-0.337,9.303,-0.2211,1.6911,-0.0026,-0.61,-2.92,111.98
16081,-0.894,0.712,9.651,0.5793,1.2045,-0.0042,0.29,-2.25,111.91
16091,-1.277,-0.156,8.536,0.1184,1.4607,-0.0398,0.04,-1.55,111.95
16100,-1.519,0.050,8.461,-0.0842,1.5896,-0.0757,0.45,-0.56,112.03
16110,-1.267,-0.186,8.133,-0.9649,1.6384,0.0028,-0.04,0.26,112.00
16120,-1.931,0.282,8.571,0.5540,1.8248,0.0621,-0.65,1.32,111.94
16130,-0.789,0.005,8.571,0.2626,1.2709,-0.0600,0.60,2.33,112.08
16140,-1.664,0.312,8.021,-0.3002,1.6105,0.0568,-0.35,2.75,111.94
16150,-1.582,0.060,7.553,0.2941,1.3395,-0.0126,0.24,4.17,111.93
16161,-1.308,-0.068,7.825,-0.2171,0.9284,-0.0708,-0.04,4.28,111.94
16170,-1.160,0.124,7.745,0.0458,2.2905,-0.0096,-0.01,5.25,112.00
16181,-1.885,-0.043,8.143,-0.1153,1.8835,0.0252,0.04,6.91,112.01
16190,-1.753,0.168,8.271,0.0087,1.3621,-0.0665,-0.16,7.42,111.94
16201,-2.275,0.054,7.670,0.2105,1.5309,0.0146,0.06,8.48,111.90
16211,-1.595,-0.726,8.104,0.1448,1.3573,-0.0117,0.09,9.19,111.77
16221,-1.813,0.067,8.248,-0.0545,1.0938,0.0038,0.24,10.00,112.10
16230,-2.206,0.260,8.062,-0.1322,1.7804,0.0234,0.04,10.47,111.97
16241,-2.506,0.400,8.444,0.3345,2.0664,0.0258,0.10,12.05,111.90
16251,-2.162,-0.060,9.334,-0.3451,0.9766,-0.0365,0.40,12.85,112.03
16260,-2.968,0.122,8.770,-0.3141,1.2274,-0.0303,-0.27,13.20,112.07
16270,-2.692,-0.017,9.433,0.4777,0.9142,-0.0249,0.02,14.26,111.91
16280,-2.341,-0.237,25.018,0.6606,-0.9941,-0.0579,0.29,14.24,111.89
16290,-2.266,-0.323,22.034,0.4348,-2.1700,-0.0530,0.80,13.14,111.83
16301,-2.152,0.250,17.185,0.3461,-2.3544,-0.0698,0.82,11.70,112.06
16310,-1.982,0.587,13.082,0.5478,-2.7958,0.0316,1.21,10.46,112.08
16321,-1.522,-0.117,11.175,0.8862,-1.9558,0.0857,1.42,8.51,111.94
16331,-1.238,0.588,10.477,0.6287,-1.1086,-0.0022,2.24,8.19,111.91
16341,-1.061,0.026,10.092,0.4613,-2.8196,0.0376,2.10,7.22,111.94
16351,-0.209,0.053,9.645,0.6202,-2.0654,0.0365,2.74,4.98,111.94
16360,0.072,1.171,9.705,0.3783,-1.6722,0.0758,2.83,4.87,111.81
16371,-0.004,0.591,9.710,0.2518,-2.6159,-0.0797,3.19,3.05,111.92
16381,0.157,0.640,9.795,0.5828,-2.7045,0.0479,3.13,1.86,111.88
16391,1.295,1.061,9.828,0.8264,-1.8491,-0.0113,3.82,-0.02,112.00
16401,1.255,0.519,9.326,0.1450,0.0660,-0.0203,4.09,-0.26,112.04
16411,1.152,0.918,10.490,0.3200,-0.1329,-0.0187,3.94,0.02,111.89
16421,0.534,0.797,10.349,0.7786,0.0976,0.0697,4.45,-0.40,111.88
16431,0.729,0.969,9.696,0.2763,0.3837,-0.0340,4.81,0.12,111.94
16441,0.946,0.744,9.900,0.2521,-0.0065,0.0339,4.75,0.02,111.79
16451,1.624,0.676,10.187,1.2320,-0.2928,0.0062,5.10,0.07,112.06
16460,1.300,1.153,9.692,0.4658,0.1131,0.0245,6.15,-0.31,111.98
16470,1.257,0.651,10.275,-0.2281,0.3109,0.0268,5.63,0.21,111.99
16481,1.433,1.057,9.710,0.3033,0.0139,-0.0596,5.90,0.09,111.92
16490,1.172,1.525,10.015,0.8958,-0.0435,-0.0326,5.94,0.21,111.96
16501,1.328,1.228,9.676,0.9596,0.2530,-0.0633,6.92,0.04,111.90
16511,1.561,1.679,9.973,0.0984,0.2497,-0.0880,7.01,0.53,111.94
16521,1.587,1.529,10.024,0.0599,-0.8744,-0.0602,7.00,0.36,111.85
16530,1.488,1.171,9.620,0.0336,-0.4163,-0.0213,7.08,-0.50,111.88
16541,1.290,1.225,9.427,0.1235,-0.1040,0.0632,7.05,-0.08,111.93
16550,1.585,1.859,9.715,0.1399,0.0923,0.0145,7.24,-0.61,112.05
16561,1.472,0.914,9.768,0.3702,0.6854,0.0568,7.23,0.02,112.03
16571,1.476,1.860,9.821,0.5013,0.2302,0.0059,7.73,0.15,112.00
16580,1.110,1.102,9.627,0.1577,0.0228,-0.0367,7.82,0.30,112.05
16591,1.394,1.773,9.958,0.4507,-0.3963,0.0828,7.95,0.16,112.03
16601,1.369,1.150,9.490,-0.0025,-0.5049,0.0295,8.35,-0.11,111.89
16610,1.073,1.270,9.859,-0.3071,0.4328,0.0117,7.98,-0.47,111.92
16621,1.104,1.788,9.579,0.1195,0.7571,0.0060,7.98,0.37,111.99
16631,1.054,1.298,9.588,-0.5863,-0.0574,0.0027,8.09,0.44,111.75
16640,0.978,1.229,9.600,-0.2919,-0.3950,-0.0273,7.32,0.32,112.04
16651,1.728,1.374,9.343,-0.0670,0.0270,-0.0739,7.76,-0.01,111.95
16660,1.300,1.306,9.389,0.3051,-0.1611,-0.0773,7.26,0.33,112.01
16670,1.867,1.576,9.781,0.1429,-0.6626,0.1180,8.13,-0.22,112.01
16680,1.454,1.064,9.788,-0.0880,0.1053,0.0262,7.44,-0.43,112.09
16690,1.250,1.614,9.690,0.2257,0.2302,0.0528,8.03,-0.07,111.97
16701,1.172,1.113,9.705,-0.8007,-0.1397,0.0380,7.71,-0.18,111.97
16711,0.887,1.043,9.928,-0.9192,0.1119,0.0078,7.11,-0.20,111.87
16720,0.833,1.111,9.797,-0.3803,-0.0230,0.1082,6.65,-0.05,112.03
16730,0.945,0.866,9.637,0.4273,0.0712,-0.0522,6.66,-0.21,112.03
16740,1.238,1.500,9.652,-0.0624,0.0225,0.0206,7.15,0.02,111.98
16751,0.639,0.706,9.744,-0.9645,-0.3660,0.0281,6.57,-0.20,111.85
16761,0.772,0.992,9.679,-0.3094,-0.0191,-0.0042,6.04,-0.38,112.01
16771,1.116,1.279,9.996,0.4579,0.8996,0.0652,6.21,-0.20,112.02
16780,0.963,1.074,9.516,0.0751,0.1345,0.0009,6.58,0.64,112.11
16790,0.529,0.849,9.749,-0.9681,-0.3289,0.0366,6.33,-0.05,111.96
16800,0.546,1.135,10.052,-0.7414,-1.3089,0.0434,5.47,0.32,111.93
16811,0.429,1.044,9.372,-0.1678,-2.0889,0.0172,5.46,-1.52,111.95
16820,0.972,1.272,10.429,-0.9246,-1.7229,-0.0001,5.29,-2.05,111.81
16830,0.910,0.737,10.527,-0.8275,-2.7094,0.0117,4.39,-3.50,111.98
16841,1.247,0.592,10.380,-0.2312,-3.1176,-0.0762,4.40,-5.18,111.96
16851,1.331,1.144,11.583,-0.2508,-2.8303,-0.0305,4.15,-7.08,112.01
16860,1.397,0.922,11.727,-0.5124,-2.7180,0.0111,4.10,-8.38,111.99
16871,1.648,0.699,12.607,-1.0250,-2.6944,0.0001,3.52,-10.17,111.99
16881,1.418,0.805,12.784,-0.3136,-2.6490,-0.0223,2.95,-11.46,111.93
16890,1.998,0.696,13.516,-0.3290,-2.5993,0.0103,3.15,-13.19,112.02
16901,1.830,0.391,13.434,-0.9685,-2.2668,-0.0932,2.54,-14.42,112.04
16911,2.086,0.337,13.652,-0.7124,-2.4303,0.0022,2.03,-15.73,112.08
16920,2.458,0.189,14.092,-0.3066,-2.5356,0.0066,1.70,-17.20,112.03
16931,2.675,0.687,13.884,0.1201,-2.8096,0.0180,1.66,-18.64,112.14
16940,2.949,0.167,13.983,-0.6113,-2.5286,-0.0806,1.83,-20.40,112.10
16950,3.128,0.279,12.860,-0.7205,-2.5114,0.1095,0.99,-21.52,112.00
16960,2.698,0.266,12.404,-1.1309,-2.8029,0.0157,1.02,-23.27,111.94
16971,3.212,-0.078,11.874,-1.1196,-2.8398,0.0621,-0.32,-24.71,112.09
16981,3.346,0.180,10.771,-0.0563,-2.9165,0.0578,-0.24,-26.54,111.99
16991,3.298,0.134,10.605,0.1192,-2.7552,0.0543,-0.38,-28.03,112.07
17001,4.154,-0.077,9.801,0.5329,-1.1345,-0.0418,-0.08,-29.72,111.98
17011,3.974,-0.163,10.265,-0.0516,1.1404,0.0197,0.23,-29.29,112.06
17021,3.348,-0.041,9.472,-0.5380,1.9793,-0.0644,-0.16,-28.39,111.99
17031,3.217,-0.257,10.037,0.3825,2.9956,0.0262,-0.37,-27.01,111.94
17041,2.916,-0.457,9.699,0.1318,2.5142,-0.0100,0.28,-24.96,112.00
17050,2.583,-0.574,10.032,-0.1960,1.2041,0.0103,-0.23,-24.13,111.90
17061,2.483,0.158,10.321,0.0299,1.5110,0.0887,0.08,-23.60,112.08
17071,2.329,-0.328,10.691,0.0616,2.1559,-0.0345,-0.20,-22.40,112.04
17080,2.059,0.396,11.123,0.0733,2.4516,0.0259,0.16,-21.15,111.88
17090,1.770,0.099,11.231,0.0885,2.0209,0.0061,-0.12,-19.63,111.99
17100,1.722,0.408,11.211,0.3103,2.3265,0.0013,0.24,-18.84,112.03
17111,2.165,0.381,11.291,0.3549,2.3566,-0.0679,0.19,-16.98,112.18
17121,0.695,0.011,11.218,-0.1674,1.6071,-0.0146,0.67,-16.18,111.88
17130,0.888,0.130,11.594,-0.8641,1.8038,-0.0629,-0.02,-15.12,112.01
17140,0.718,0.032,11.442,-0.2968,2.0945,0.0709,-0.29,-14.12,111.92
17151,0.839,-0.032,11.466,0.1060,2.2021,0.0133,-0.35,-12.71,111.97
17161,0.390,-0.270,10.905,0.4048,1.9718,-0.0061,-0.18,-11.62,112.04
17171,0.234,0.237,11.295,-0.0171,1.8656,-0.0447,0.11,-10.43,112.13
17180,0.151,0.008,10.884,0.2925,2.2578,-0.0041,-0.21,-9.48,111.92
17191,0.044,0.175,10.804,0.2225,2.4962,0.0058,0.46,-7.87,112.11
17200,-0.127,0.194,10.657,-0.6674,2.0900,-0.0211,0.06,-6.59,112.01
17211,-0.410,-0.021,10.571,-0.1701,1.5446,-0.0383,-0.29,-5.48,111.96
17221,-0.722,-0.349,10.071,0.0825,1.9694,0.0212,-0.14,-4.83,112.02
17230,-1.099,0.132,9.649,0.1752,1.6215,-0.0080,-0.19,-3.24,112.14
17240,-0.897,0.199,9.269,-0.1014,0.7384,-0.0566,0.05,-2.95,111.93
17250,-0.840,-0.096,9.258,0.2759,1.2528,-0.0400,-0.31,-2.40,112.04
17260,-0.861,-0.209,8.923,0.1980,1.7646,-0.0395,0.38,-1.54,111.98
17271,-1.237,-0.573,8.587,-0.4155,1.8749,-0.0009,-0.11,-0.39,111.97
17281,-0.980,-0.473,8.418,0.3027,1.7426,0.1477,-0.07,0.63,112.20
17290,-1.156,0.101,8.344,-0.1105,1.2941,-0.0566,0.28,1.56,111.90
17300,-1.462,0.288,8.167,-0.2252,1.4415,0.0490,-0.22,2.14,112.01
17310,-1.377,-0.052,8.038,0.6771,1.8424,0.0359,-0.00,3.22,111.83
17321,-2.131,0.161,8.052,0.1166,1.5569,0.0237,0.54,4.24,111.96
17330,-1.924,-0.132,7.719,-0.3976,1.3812,0.0080,0.12,4.95,111.89
17341,-1.808,-0.314,7.698,-0.2130,0.9088,0.0216,0.09,5.81,111.98
17350,-1.870,0.462,7.980,-0.3251,0.9893,-0.0932,-0.14,5.99,111.94
17360,-2.319,0.011,7.734,0.5703,1.5801,0.0312,-0.30,6.91,111.96
17371,-1.595,0.387,7.595,0.2141,1.7614,-0.0172,0.52,7.83,111.97
17380,-1.824,0.190,8.214,0.0281,1.8666,0.1043,-0.05,8.91,111.97
17390,-2.152,-0.206,7.912,-0.1246,1.5105,-0.0251,0.57,9.99,111.96
17400,-2.553,-0.314,8.018,-0.1505,1.4330,0.0538,-0.21,10.67,111.97
17411,-2.302,0.544,8.448,0.1361,1.6443,0.0693,0.38,11.65,111.89
17420,-2.548,-0.192,9.102,-0.2115,1.1773,0.0716,-0.06,12.56,111.98
17431,-2.339,0.098,8.944,0.3489,1.8340,0.0099,0.13,13.01,111.80
17441,-2.876,0.134,8.764,0.0191,2.2998,-0.0367,0.37,14.64,112.00
17451,-2.593,0.292,23.238,0.2931,-0.5962,-0.0033,0.14,15.63,111.93
17461,-2.296,0.050,21.888,0.2224,-2.6382,-0.0410,0.69,13.95,112.12
17471,-1.893,0.495,17.805,0.4348,-2.8977,-0.0574,0.42,12.61,111.98
17481,-1.325,0.227,14.559,1.6946,-2.8227,0.0694,1.18,10.62,111.91
17491,-1.182,0.830,11.235,0.8407,-1.7947,0.0225,2.37,9.38,111.80
17501,-1.179,0.124,10.563,0.3176,-1.7555,-0.0154,2.11,8.54,111.98
17510,-0.870,0.581,10.027,0.7722,-2.3679,0.0473,2.70,7.33,111.84
17521,-0.102,0.599,9.824,0.4609,-2.3146,0.0464,2.98,5.81,112.09
17531,-0.012,0.439,9.270,0.3643,-2.6247,0.0143,3.25,4.72,111.86
17540,0.282,0.505,9.775,0.5619,-2.2944,0.0538,3.40,2.82,111.97
17550,0.047,0.051,10.338,1.5279,-2.4058,0.0211,3.90,2.06,112.23
17561,0.627,0.820,10.055,0.9582,-2.0548,-0.0020,5.13,0.06,112.04
17570,0.547,0.899,9.743,-0.1074,0.1339,0.0657,4.98,-0.31,112.08
17580,0.933,0.714,9.938,0.4279,0.2455,-0.0447,5.01,0.25,111.96
17591,1.275,1.266,9.719,1.1512,-0.3703,-0.0684,5.45,-0.00,112.00
17601,0.548,0.777,9.722,0.5877,-0.2393,-0.0886,6.33,-0.20,112.02
17610,0.764,1.240,9.342,0.1709,0.4022,0.0115,6.11,-0.30,111.96
17621,1.191,0.853,9.698,0.4931,0.1098,0.0026,6.52,0.28,111.90
17631,1.732,1.355,9.939,0.3593,-0.1047,0.0319,6.68,-0.15,112.03
17640,1.281,1.352,9.703,1.1842,0.0958,-0.0811,6.92,0.15,111.88
17650,1.395,1.242,9.409,0.7097,-0.3818,-0.0312,8.06,-0.03,112.00
17660,1.103,1.313,9.645,-0.0636,0.0907,-0.0020,7.77,-0.29,112.00
17671,1.418,1.378,9.870,0.2801,0.2627,-0.0807,7.95,0.09,112.06
17681,1.061,1.299,9.636,0.6839,-0.2105,-0.0514,8.09,-0.00,112.09
17691,1.452,1.288,9.536,0.5286,0.1716,0.0394,8.68,-0.14,112.00
17700,1.767,1.254,9.672,0.1498,0.0240,-0.1234,8.67,0.20,111.76
17710,1.617,1.360,9.268,0.3198,0.0416,0.0472,8.90,-0.14,111.78
17720,1.595,1.813,9.867,0.0645,0.2062,-0.0698,8.99,0.24,112.03
17731,1.577,1.509,9.607,0.0615,-0.5002,-0.0305,8.97,0.09,111.99
17741,1.423,1.448,9.837,-0.1874,0.2604,0.0351,9.04,-0.33,111.97
17750,1.245,1.749,9.793,0.1125,0.2944,-0.0314,8.74,0.39,111.82
17760,2.054,1.070,10.025,1.1141,-0.1997,-0.0164,9.18,0.01,112.08
17771,1.702,1.677,9.402,-0.1630,0.4397,-0.0106,10.02,0.15,112.03
17781,1.767,1.652,9.559,-0.5229,-0.2243,0.0148,9.02,0.51,111.98
17791,1.148,1.854,9.489,0.3790,-0.6619,0.1019,9.39,-0.10,112.15
17800,1.083,1.656,9.589,0.2886,0.0019,-0.0227,9.48,-0.32,111.81
17810,1.343,1.192,9.839,0.5267,0.1169,-0.0473,9.69,-0.10,111.79
17820,1.402,1.542,9.138,-0.5248,-0.0492,-0.0209,10.07,-0.20,111.98
17831,1.199,1.322,9.483,-1.0856,0.4892,0.0708,9.08,-0.13,111.92
17841,0.931,1.677,9.471,0.2190,0.3976,-0.0805,8.83,0.38,112.06
17850,1.293,1.685,10.247,0.0706,-0.2110,0.0256,9.29,0.31,112.14
17860,1.202,1.433,9.657,-0.0431,-0.9328,-0.0074,8.90,0.17,112.00
17871,1.397,1.640,9.386,-0.1506,-0.3067,0.0730,9.28,-0.73,111.98
17881,1.012,1.702,9.829,-1.0099,1.1475,0.0311,8.72,-0.18,111.93
17890,0.894,1.564,9.748,-0.5576,0.2262,0.0648,8.10,0.60,111.86
17901,0.656,1.574,9.810,-0.0781,-0.0943,0.0262,8.03,0.09,111.94
17911,0.536,1.393,9.583,-0.2216,0.2954,-0.0581,7.98,0.47,112.04
17921,0.638,1.470,10.336,-0.8444,-0.6115,0.0044,7.76,0.44,111.82
17930,1.044,0.959,9.708,-1.1119,-0.2877,0.0590,7.00,-0.24,111.95
17940,0.414,0.873,10.068,-0.5871,0.5855,0.1222,6.48,0.14,111.85
17951,0.616,0.963,10.177,0.1483,-0.7199,-0.0065,6.28,0.41,111.98
17961,0.866,1.547,10.433,-0.2025,-2.1025,-0.0121,6.63,-0.69,112.00
17970,0.655,0.834,10.421,-1.2150,-3.3212,-0.0008,6.08,-2.00,111.99
17980,1.190,0.830,10.474,-0.7209,-3.1951,-0.0312,5.23,-4.54,111.84
17991,1.333,1.244,10.998,-0.6794,-2.1692,-0.0148,5.26,-5.64,112.02
18001,1.268,0.597,11.448,-0.5384,-2.2878,0.1178,4.48,-7.02,112.05
18010,1.434,0.637,11.617,-0.3672,-3.1015,-0.0413,4.61,-8.26,111.96
18021,1.563,0.453,12.341,-0.7609,-3.4096,-0.0401,4.04,-10.58,111.94
18031,1.823,0.731,12.737,-0.4796,-2.9230,-0.0465,3.74,-12.13,111.95
18040,2.016,0.047,13.286,-0.5237,-2.9116,0.0441,3.48,-13.96,111.88
18051,2.284,0.481,13.545,-0.6890,-2.4106,-0.0752,3.15,-15.51,111.97
18060,2.051,0.166,13.721,-0.4478,-2.0684,-0.0158,2.69,-16.71,112.05
18070,2.376,0.587,13.415,-0.1431,-2.9843,-0.0208,2.64,-17.87,112.04
18081,2.813,0.722,13.088,-0.8692,-2.5147,0.0861,2.54,-20.16,111.93
18091,3.055,0.442,12.602,-1.4302,-2.4442,-0.0235,1.65,-20.76,112.12
18101,2.870,0.039,12.113,-0.7866,-2.9321,-0.0444,0.90,-22.97,111.93
18110,3.122,0.476,11.686,-0.9064,-2.9225,0.0676,0.74,-24.12,111.90
18120,3.593,0.146,10.855,-0.8504,-3.3628,0.0625,-0.14,-26.32,111.99
18130,3.557,-0.322,10.795,-0.1023,-2.9195,0.0978,-0.25,-27.95,111.91
18140,3.708,-0.183,9.917,0.2918,-0.7177,-0.1007,-0.26,-29.65,111.93
18150,3.643,-0.036,9.660,0.5228,1.2120,-0.0026,0.09,-28.72,112.14
18160,3.381,0.144,9.819,0.5019,1.5454,0.0302,0.37,-28.25,112.04
18170,3.224,0.407,9.885,-0.0181,2.6307,-0.0289,0.67,-26.96,112.02
18180,2.838,0.091,10.256,-0.3712,2.0051,-0.0247,0.40,-25.23,111.99
18190,3.250,-0.044,10.050,-0.4943,2.0844,0.0158,0.21,-24.65,111.90
18201,2.250,0.207,10.280,-0.1564,2.8828,-0.0589,-0.21,-22.87,111.96
18210,2.411,-0.075,10.675,0.3412,2.1024,-0.0478,0.02,-21.33,112.02
18220,1.998,0.261,11.144,-0.0241,1.8210,-0.0275,0.16,-20.45,111.78
18231,1.693,0.177,10.940,0.3518,1.7364,-0.0149,-0.04,-19.23,111.89
18241,1.892,0.236,11.679,-0.1794,2.3569,0.0077,0.56,-18.44,111.88
18251,1.437,-0.106,11.403,-0.7042,2.3457,0.1167,-0.25,-16.53,111.89
18260,1.126,0.148,11.652,0.3237,2.0230,-0.0043,-0.21,-15.79,111.88
18270,0.934,-0.023,11.543,0.7138,2.7937,-0.0245,0.11,-14.19,111.83
18281,0.801,-0.040,11.511,-0.6029,2.1443,-0.0212,0.60,-12.58,112.10
18290,0.581,0.205,11.214,-0.7361,1.8217,0.0131,-0.54,-11.71,111.93
18300,0.637,-0.374,11.308,0.8140,2.0274,-0.0830,-0.25,-10.52,111.94
18311,0.654,-0.082,10.945,0.0372,2.2327,-0.0313,0.39,-9.39,112.06
18321,-0.609,-0.092,11.009,0.2039,1.9985,-0.0500,-0.20,-7.93,111.86
18331,-0.163,0.196,10.507,-0.0528,1.5010,0.0434,0.62,-7.08,111.95
18340,-0.564,0.055,10.503,-0.2323,2.3678,-0.0168,-0.25,-6.19,111.93
18351,-0.574,-0.285,10.290,0.2120,2.4465,0.0658,0.32,-4.38,111.95
18360,-0.997,0.102,9.493,-0.1381,1.4877,0.0350,-0.03,-3.41,112.13
18371,-1.146,-0.095,9.814,-0.2588,1.1684,-0.0177,0.14,-2.67,112.05
18381,-1.478,-0.067,9.146,-0.5663,1.6641,0.0103,-0.31,-2.05,112.00
18391,-0.919,-0.011,9.098,0.4631,1.2825,-0.0314,-0.48,-0.73,111.97
18401,-0.745,0.079,8.477,0.2354,1.1600,-0.0131,0.23,-0.59,111.87
18410,-1.345,-0.057,8.826,-0.4477,2.4525,-0.0212,-0.16,0.65,111.92
18420,-1.539,-0.342,8.546,-0.1356,1.9271,0.0824,-0.28,2.24,112.03
18430,-1.548,0.411,7.748,-0.0844,1.1015,0.0406,-0.33,2.87,111.92
18440,-1.604,-0.205,7.660,0.6219,1.2798,-0.0387,-0.31,3.55,112.07
18450,-1.832,0.394,7.872,0.0545,1.6653,0.0233,0.41,4.34,111.98
18460,-1.791,-0.160,8.126,-0.4795,1.9623,-0.0555,-0.28,5.44,111.79
18471,-2.071,0.173,7.191,0.8035,1.6186,-0.0479,-0.16,6.58,111.89
18481,-1.686,-0.394,7.955,0.0276,0.4919,-0.1858,0.59,7.29,111.99
18490,-1.623,-0.084,7.970,-0.5153,1.5053,0.0427,-0.13,7.18,112.10
18501,-2.208,-0.155,7.862,0.2259,2.1159,0.0016,-0.00,9.05,112.12
18510,-1.858,0.151,7.810,-0.0657,1.5912,-0.0992,0.11,9.59,111.99
18521,-2.158,0.298,8.713,-0.2811,1.7885,0.0271,-0.09,10.88,111.92
18530,-2.578,-0.829,8.581,0.4309,1.3933,0.0298,-0.21,11.60,111.96
18540,-2.464,0.018,8.578,0.2784,1.3841,-0.0401,0.38,12.49,111.92
18551,-2.430,-0.048,8.955,-0.4943,1.1772,0.0091,0.10,13.16,111.97
18560,-2.144,-0.311,8.657,-0.4469,1.6872,-0.0268,-0.19,13.85,112.00
18570,-2.541,-0.260,25.639,0.2042,0.1120,-0.0072,-0.40,15.10,111.87
18581,-2.361,-0.345,23.641,0.7584,-2.6938,0.0021,0.05,13.98,112.02
18591,-1.602,0.143,19.015,0.3887,-2.7459,-0.0083,0.47,12.03,112.05
18601,-1.691,0.260,15.067,1.2181,-1.6540,0.0340,0.52,10.86,111.87
18610,-1.169,0.877,12.190,1.3071,-2.2216,0.0370,1.90,10.11,111.87
18620,-1.506,-0.126,10.627,0.5142,-2.9834,0.0053,1.95,8.28,111.92
18631,-0.428,0.444,9.894,0.2153,-2.3797,-0.0378,2.45,6.70,111.91
18641,-0.749,0.433,9.561,0.3866,-1.9539,-0.0340,2.24,5.54,112.05
18650,0.061,0.621,9.893,0.9198,-1.7720,0.0736,2.88,4.45,112.09
18660,0.013,0.518,9.800,0.7944,-2.7215,0.1003,3.31,3.51,111.96
18670,0.427,1.088,9.393,0.6190,-2.0996,-0.0180,3.75,1.32,111.91
18680,0.728,1.000,9.519,0.2080,-1.2072,-0.0191,4.01,1.16,111.99
18691,1.166,0.654,9.775,0.9006,-1.0577,0.1078,4.03,-0.06,112.01
18700,0.993,1.044,9.940,1.0637,-0.1716,-0.0268,5.05,-0.06,111.99
18710,0.822,1.274,9.898,0.2719,0.0224,-0.0171,5.25,-0.24,111.96
18721,0.833,0.467,9.542,0.5897,0.2754,0.0235,5.36,-0.02,111.90
18731,0.860,0.838,9.754,0.7788,0.2184,0.0075,5.94,0.08,112.00
18741,0.652,0.890,9.620,0.5993,-0.1669,0.0160,6.27,0.21,112.00
18751,1.238,1.123,9.616,0.1706,-0.3474,0.0357,6.59,-0.14,111.93
18761,1.437,0.904,9.997,-0.0423,0.1778,-0.0101,6.47,-0.18,111.92
18771,1.460,1.480,9.257,0.2356,0.0628,0.0134,6.57,0.08,111.98
18780,0.948,1.510,9.430,0.7277,-0.6875,-0.0100,6.74,-0.07,112.01
18791,1.488,1.222,9.381,0.2918,-0.2435,-0.0520,7.36,-0.72,111.93
18800,1.527,1.162,9.738,-0.1612,0.5511,-0.0707,7.08,-0.38,111.96
18810,1.545,1.310,9.458,0.6410,0.2348,0.0351,7.20,-0.04,111.89
18820,1.755,1.509,9.391,0.6534,-0.4443,-0.0579,7.80,-0.13,112.09
18830,1.552,1.378,9.725,0.2515,0.6181,0.0165,7.94,-0.53,112.06
18840,1.141,1.710,9.797,-0.1434,0.7003,-0.0724,8.10,0.54,111.85
18850,1.461,1.215,9.877,0.0934,-0.2608,-0.0000,7.77,0.28,111.93
18861,1.404,1.696,9.902,0.6098,-0.4054,0.0332,8.21,0.26,112.06
18871,1.890,1.142,9.407,-0.0709,0.0387,0.0100,8.47,-0.20,111.94
18881,1.053,1.287,9.504,-0.2278,0.1292,-0.0083,8.12,0.31,111.96
18890,1.854,1.527,9.888,0.1140,-0.1757,0.0124,8.22,-0.06,112.03
18900,1.044,1.803,9.624,0.5206,0.0124,-0.0030,8.24,0.11,111.94
18910,1.047,1.183,9.671,0.3144,0.2091,0.0006,8.79,-0.06,111.95
18921,1.532,1.756,10.328,-0.7599,0.1978,-0.0135,8.60,0.32,112.02
18930,1.222,1.785,9.855,-0.7215,-0.2826,0.0007,7.90,0.20,111.88
18940,1.120,0.782,9.981,0.4002,-0.1085,0.0148,7.80,0.04,112.04
18950,0.981,1.377,9.302,0.2232,-0.1144,0.0362,8.39,0.06,112.01
18961,1.442,1.105,9.766,-0.1888,-0.1319,-0.0667,8.05,-0.08,112.03
18970,0.899,1.371,10.131,-0.0740,0.1596,-0.0138,8.18,-0.10,111.86
18980,0.961,1.075,9.534,-0.0786,-0.0337,0.0493,7.98,0.11,112.06
18990,0.786,1.304,9.784,-0.7320,-0.3163,0.0454,8.07,-0.17,112.03
19000,0.994,1.572,9.886,-0.6906,0.3247,0.0565,7.13,-0.26,111.90
19010,1.094,2.015,9.658,0.2046,0.2021,0.0060,7.29,0.18,112.07
19020,0.664,0.945,9.497,-0.1493,-0.1480,0.0368,7.35,-0.06,111.93
19031,1.004,1.480,9.373,-0.6800,-0.4287,-0.0094,7.15,0.04,111.94
19040,0.892,1.208,9.576,-0.5988,-0.0266,0.0862,6.58,-0.56,111.98
19050,0.676,0.874,9.838,-0.3015,0.6240,0.0038,6.48,-0.03,112.07
19061,0.442,0.988,9.753,-0.2641,-0.5101,0.0616,6.23,0.17,111.84
19071,0.988,1.014,10.550,-0.0893,0.2177,-0.0123,6.16,-0.62,111.81
19081,0.289,1.160,10.301,-0.5724,-0.6055,-0.0204,6.09,0.47,111.77
19091,0.660,1.516,10.333,-0.6933,-3.2785,0.0090,5.52,-1.27,112.08
19100,0.710,0.717,10.188,-0.9892,-2.5249,-0.0386,5.27,-3.30,111.94
19111,0.974,0.920,10.953,-0.7925,-2.5647,0.0351,4.38,-4.20,112.10
19121,1.170,0.735,11.485,0.4637,-3.4882,0.0394,4.38,-6.22,111.96
19130,1.707,0.623,12.135,-0.7474,-2.8595,0.0341,4.93,-8.17,111.91
19141,1.306,0.698,12.438,-0.7275,-2.2804,0.0255,3.53,-9.52,111.94
19150,1.428,0.551,13.484,-0.2156,-2.4561,-0.1000,4.11,-10.83,112.08
19160,2.138,0.788,13.753,-1.4874,-3.0739,-0.0539,3.26,-12.37,111.97
19170,1.865,0.297,13.920,-0.1902,-3.1700,-0.0335,2.40,-14.35,111.87
19181,2.539,0.371,13.671,0.1912,-2.7602,-0.0338,3.07,-16.02,111.91
19191,2.303,0.392,14.167,-1.1603,-1.8086,-0.0217,2.65,-17.50,111.92
19201,2.536,0.871,13.843,-0.7177,-2.0876,0.0895,1.74,-18.10,111.92
19210,2.678,0.051,13.793,-0.6150,-3.3431,0.0268,1.77,-19.92,111.92
19221,2.679,-0.014,13.083,-0.8932,-3.0982,-0.0033,1.02,-21.92,112.01
19231,3.411,0.236,12.420,-0.4966,-2.8680,-0.0511,0.76,-23.50,111.75
19241,2.838,0.216,12.151,-0.7144,-2.4367,0.0480,0.41,-25.22,112.05
19251,3.519,0.311,11.115,-0.2597,-2.8852,-0.0221,-0.07,-26.29,111.99
19261,3.724,0.141,10.174,0.1979,-2.6815,-0.0327,0.16,-28.52,112.03
19270,3.638,0.293,9.724,-0.2487,-0.3133,0.0902,0.12,-29.34,111.97
19280,3.487,-0.447,9.912,-0.0331,1.2466,0.0359,-0.16,-28.86,112.06
19290,3.493,0.113,9.779,-0.0166,1.8936,-0.0807,0.09,-27.91,111.94
19300,3.200,0.345,9.984,-0.0526,2.3021,0.0551,-0.16,-26.66,111.84
19310,3.444,0.202,10.145,0.0345,2.1992,0.1294,0.04,-25.29,112.00
19320,2.430,0.251,10.139,-0.0089,2.6240,0.0018,-0.15,-24.15,112.03
19331,2.464,0.067,10.664,0.5640,2.2097,-0.0136,0.03,-22.29,112.04
19340,2.157,0.021,10.742,-0.1951,2.4988,0.0332,0.48,-21.60,112.05
19351,1.328,0.054,10.827,-0.8340,1.6141,0.0085,-0.20,-19.44,112.03
19360,1.584,0.091,11.292,0.6084,0.7926,-0.0521,-0.44,-19.76,111.98
19370,1.692,0.297,11.170,0.4459,2.6596,0.0242,0.48,-18.52,111.89
19381,1.417,0.322,11.392,-0.5977,2.5322,0.0668,0.09,-16.72,111.92
19391,1.209,0.057,11.504,-0.1467,2.1055,0.0115,-0.20,-15.62,111.82
19401,0.531,0.406,11.576,-0.0501,2.1666,0.0470,-0.07,-14.29,111.85
19411,0.539,0.032,11.035,0.3191,1.9371,0.0282,-0.27,-13.16,111.86
19420,0.410,0.157,11.370,0.4230,2.2837,0.0625,0.28,-12.06,111.85
19431,-0.003,0.547,10.921,-0.1137,2.8660,0.0243,0.21,-10.56,112.10
19440,-0.478,-0.348,11.095,-0.1148,2.4953,0.0612,0.19,-8.75,111.85
19450,0.215,-0.119,11.164,-0.6975,1.6224,0.0038,0.07,-7.68,111.88
19461,-0.177,0.068,10.462,-0.3935,1.5366,0.0444,-0.62,-6.92,111.92
19470,-0.501,-0.199,10.541,0.5831,1.9865,-0.0143,-0.36,-5.93,111.97
19481,-0.860,-0.354,9.957,-0.3843,1.1909,0.0277,0.09,-4.66,111.98
19490,-0.531,-0.138,9.802,-0.0928,1.7075,0.0072,-0.80,-4.56,111.96
19501,-0.709,0.176,9.586,0.4030,2.1951,-0.0340,-0.02,-2.72,111.99
19510,-0.805,0.380,8.853,0.2020,0.8330,0.0760,-0.31,-2.06,111.87
19520,-1.637,-0.108,8.788,0.2249,1.7686,0.0166,0.19,-1.75,111.91
19531,-1.512,0.108,8.881,0.1239,1.9212,0.0161,-0.06,0.00,111.95
19550,-1.424,-0.252,7.793,-0.2592,1.9602,0.0717,0.10,1.36,111.93
19560,-1.522,0.205,7.702,-0.3348,1.7423,-0.0249,0.03,2.71,111.96
19570,-1.843,0.077,7.853,0.1623,1.3952,-0.0341,-0.29,3.40,111.86
19581,-1.998,-0.270,7.887,0.8840,1.6719,0.0637,0.19,4.30,112.09
19591,-1.734,-0.210,7.896,-0.6580,1.2386,-0.0219,0.71,5.34,111.92
19601,-1.635,0.286,8.061,-0.8899,1.0232,-0.0453,-0.51,5.71,112.02
19610,-1.994,0.039,8.343,0.8895,1.7132,0.0598,-0.31,6.52,112.01
19620,-1.901,-0.040,7.289,0.4178,2.1538,-0.0317,0.50,7.66,111.87
19631,-2.191,0.202,7.811,-0.4697,1.4574,0.0347,0.15,9.00,112.09
19640,-1.892,-0.056,7.663,0.1017,1.4413,-0.0599,-0.09,9.35,112.04
19651,-2.169,-0.623,8.186,0.1623,1.6397,-0.0414,0.23,10.62,111.84
19661,-2.261,0.020,8.386,-0.3581,1.2534,0.0146,0.10,11.26,111.93
19670,-2.559,-0.019,8.761,-0.2889,1.4309,0.0012,-0.20,12.08,112.12
19681,-2.268,-0.211,9.152,0.4092,1.2961,0.0583,-0.20,12.89,111.88
19691,-2.449,0.290,9.060,0.2579,1.6255,0.0559,0.26,13.54,111.99
19701,-2.603,0.168,9.722,0.3006,0.1594,-0.0367,0.10,14.73,112.02
19710,-2.346,-0.110,22.396,0.6882,-1.7912,-0.0333,0.62,13.69,112.12
19720,-1.731,0.005,18.968,0.2350,-1.6421,-0.0246,0.89,12.66,112.07
19731,-1.932,-0.112,15.489,0.9447,-1.8617,-0.0439,0.91,11.77,112.08
19741,-1.489,0.003,12.433,0.6060,-2.7612,-0.0343,1.95,10.52,112.15
19750,-0.616,-0.284,13.646,0.1788,-2.7494,-0.0371,1.61,8.64,112.13
19761,-0.615,0.072,16.012,0.7436,-2.1051,0.0644,2.14,7.35,112.01
19771,-0.829,0.402,18.015,0.4233,-2.7308,-0.0497,2.43,6.21,111.92
19780,0.350,0.230,17.153,0.9988,-2.8293,-0.0316,2.62,4.19,111.91
19791,-0.057,0.547,13.734,0.7369,-2.3369,-0.0237,3.60,2.96,112.02
19801,0.612,0.434,11.235,0.2776,-2.3494,0.0120,3.46,1.49,111.89
19810,0.603,0.692,10.455,1.1409,-1.7274,0.0110,3.93,0.26,112.05
19821,0.704,0.469,9.952,0.9962,-0.4977,-0.0300,4.77,-0.45,111.91
19830,1.152,0.222,10.178,0.1679,0.2347,0.0741,5.08,-0.32,111.99
19840,0.825,0.877,9.912,-0.0423,0.4870,0.0356,4.96,-0.18,111.97
19850,0.658,0.584,9.436,0.6702,-0.2309,-0.0756,5.07,0.23,111.88
19861,1.283,1.084,9.752,0.4461,-0.4963,-0.0182,5.73,-0.48,111.86
19871,1.546,1.134,9.460,0.2686,0.1636,-0.0317,5.57,-0.35,111.78
19881,1.475,0.935,9.828,0.7750,0.3117,0.0640,6.02,-0.29,111.91
19890,1.231,0.995,9.852,0.6789,0.4226,0.0082,6.47,0.01,111.86
19901,1.304,0.883,9.630,0.3370,0.0882,-0.0301,6.79,0.19,111.94
19910,1.357,1.035,9.664,0.3902,0.1721,0.0349,6.90,0.11,112.05
19920,1.468,1.326,9.909,0.8952,0.1545,0.0070,7.24,0.37,111.96
19930,1.416,1.143,9.758,0.5635,-1.3717,0.0564,7.90,0.29,111.95
19940,1.269,1.488,9.561,0.3774,-0.4527,-0.0357,7.85,-1.21,111.83
19951,1.209,1.431,9.155,0.3208,0.6641,0.0827,8.24,-0.21,111.97
19961,1.500,1.623,9.640,-0.0344,-0.0738,-0.0154,8.25,-0.43,111.90
19970,1.856,1.333,9.824,-0.3207,0.3154,-0.0115,8.18,-0.29,111.91
19981,1.899,1.327,9.383,-0.2376,0.4573,-0.0796,7.86,-0.03,111.86
19990,1.860,1.467,9.754,0.4242,-0.1635,-0.0153,7.91,0.26,111.93
20001,1.438,1.928,9.864,0.3643,-0.3881,0.0015,8.38,-0.22,112.09
20011,1.361,1.941,9.765,-0.1467,0.6096,0.1171,8.32,-0.20,111.94
20020,1.364,1.073,10.274,0.2507,0.4611,0.0343,8.20,0.46,111.93
20030,1.218,1.123,10.036,0.6097,-0.8283,-0.0424,8.62,0.32,112.11
20040,1.021,1.509,9.616,-0.0957,-0.3209,-0.0503,8.87,-0.51,111.89
20051,1.883,1.492,9.370,-0.3504,0.3671,0.0450,8.46,-0.08,111.88
20060,1.591,1.029,9.575,-0.2235,0.1016,0.0732,8.47,-0.05,111.96
20071,0.902,1.062,9.141,-0.3359,0.4479,0.0177,8.22,-0.00,112.04
20081,1.174,1.567,9.876,0.5002,-0.1172,-0.0213,8.10,0.48,111.96
20090,1.108,1.110,9.686,-0.3356,-0.4838,0.0504,8.81,-0.14,111.94
20100,0.867,1.691,9.935,-0.7590,0.1260,0.0398,7.72,-0.08,112.03
20110,0.910,1.412,9.489,-0.0410,0.0569,-0.0398,7.92,0.01,111.82
20120,0.539,1.615,9.744,-0.2469,0.1192,-0.0016,7.69,0.00,112.06
20131,0.776,1.336,9.637,0.0720,-0.3187,-0.0029,7.62,0.14,111.98
20141,1.521,1.290,9.182,-0.0355,-0.0545,0.0629,7.78,-0.35,111.89
20151,0.843,0.974,9.704,-0.6664,0.3377,0.0029,7.57,0.07,111.89
20161,0.490,1.033,9.884,-0.3306,0.0944,-0.0344,7.01,0.01,111.99
20170,0.823,1.112,9.709,-0.5456,-0.1939,0.0161,7.16,0.21,112.12
20181,0.496,1.380,10.293,-0.6297,-0.3084,0.0353,6.34,-0.24,111.85
20191,0.939,0.666,9.808,0.2209,-0.0594,-0.0484,6.42,-0.14,111.96
20200,0.642,0.784,10.323,-0.7144,-1.3314,-0.0023,6.57,-0.29,111.98
20210,0.338,0.857,9.998,-0.9385,-2.3657,-0.0339,5.57,-1.68,111.82
20220,0.567,1.395,10.574,0.0145,-2.6211,-0.0433,5.50,-2.99,112.07
20230,1.177,1.266,10.924,-0.8453,-2.6618,-0.0820,5.57,-4.65,112.03
20241,1.311,0.705,11.119,-0.9595,-3.0235,-0.0934,4.55,-5.97,111.87
20250,1.538,0.852,11.844,-0.4386,-3.1743,-0.0002,4.48,-8.12,111.95
20260,1.474,0.321,12.357,-0.9200,-2.8620,0.0310,4.02,-9.62,111.77
20271,2.045,0.449,12.213,-0.3985,-2.9479,-0.0575,3.42,-11.45,111.99
20280,2.106,0.587,13.165,-0.5374,-2.3105,-0.0782,3.51,-13.02,111.91
20291,1.916,0.534,13.235,-0.3061,-2.6567,-0.0660,2.77,-14.11,112.06
20301,2.427,0.341,13.773,-0.4547,-2.8968,-0.1299,3.14,-16.05,111.87
20311,2.269,-0.140,13.540,-1.1928,-2.9348,0.0577,2.26,-17.42,112.06
20321,3.259,0.544,13.299,-0.6670,-2.3931,-0.0355,1.80,-19.44,112.02
20331,2.593,-0.122,13.116,-0.6404,-2.7436,-0.0136,1.48,-20.19,112.08
20340,2.722,-0.033,12.676,-0.7766,-3.2446,0.0028,1.10,-22.58,111.81
20351,3.061,0.199,11.956,-0.6873,-2.4102,-0.0028,0.61,-23.90,112.08
20360,3.258,0.269,11.543,-0.6774,-2.6905,-0.0068,0.29,-25.29,111.92
20370,3.335,-0.222,10.507,-0.3930,-2.9296,0.0656,-0.17,-27.00,111.84
20381,3.756,-0.289,10.490,0.2895,-2.4919,0.0070,-0.15,-28.63,112.03
20390,3.624,0.405,10.245,-0.4405,0.0505,-0.0595,0.16,-29.81,111.83
20401,3.360,-0.333,9.868,-0.3680,2.1373,-0.0278,-0.64,-28.56,111.94
20410,3.345,-0.077,9.395,0.5756,2.4775,0.0122,-0.24,-27.38,112.00
20420,3.016,-0.048,10.319,0.2736,1.8798,0.0424,0.00,-25.72,111.90
20431,3.204,0.096,10.572,-0.0982,2.0095,0.0367,0.10,-25.23,111.90
20441,2.262,0.037,10.516,-0.0649,2.4979,0.0035,-0.12,-23.40,111.96
20450,2.429,0.352,11.306,-0.0045,1.2531,-0.0953,0.04,-22.37,111.98
20460,2.605,0.295,10.755,-0.5070,2.6245,-0.0823,-0.10,-21.92,111.86
20471,1.928,0.271,11.047,0.3289,2.9782,-0.0523,-0.56,-19.39,111.94
20481,2.065,-0.110,10.988,0.5680,1.9853,0.0582,0.28,-18.52,112.12
20491,1.348,-0.157,11.321,-0.5007,2.0069,0.0690,0.08,-17.14,112.03
20501,1.124,-0.203,11.531,0.3200,1.8639,-0.0589,-0.29,-16.23,111.96
20510,0.988,-0.074,11.141,0.4217,2.5470,-0.0198,0.44,-14.99,112.01
20520,0.722,0.014,11.553,-0.5539,2.0261,-0.0164,0.20,-13.31,111.95
20530,0.401,-0.114,11.441,0.0637,2.4138,-0.0551,-0.19,-12.64,111.99
20541,-0.108,0.136,11.223,0.2923,2.4887,0.0519,0.33,-10.53,111.87
20550,0.307,-0.130,11.260,-0.0846,1.6563,0.0207,0.16,-9.82,111.83
20560,0.051,0.149,10.891,-0.3097,2.1607,0.0178,0.25,-8.65,111.91
20571,-0.349,-0.169,10.636,-0.3496,2.7304,0.0078,-0.18,-7.32,111.87
20580,-0.608,-0.279,10.342,-0.0411,1.6306,-0.0847,-0.17,-5.53,112.05
20591,-0.640,-0.688,10.363,-0.0155,1.1029,0.0554,-0.25,-5.43,112.09
20600,-0.342,-0.337,9.781,-0.3977,2.5719,-0.0247,-0.16,-4.28,112.04
20610,-1.249,-0.017,9.464,0.4472,2.1806,-0.0350,-0.69,-2.51,111.95
20621,-1.074,0.141,8.829,0.3106,1.0438,-0.0425,0.33,-1.79,111.92
20630,-1.270,-0.070,8.984,-0.1548,0.8580,-0.0071,-0.35,-1.30,111.98
20641,-1.445,0.588,8.810,0.0008,2.0009,-0.0092,0.17,-0.85,111.97
20650,-1.604,0.181,8.183,-0.0900,2.0405,0.0360,-0.39,1.00,111.93
20661,-1.320,-0.016,8.314,-0.0121,1.6275,0.0531,0.04,1.49,112.03
20671,-1.638,-0.060,7.419,-0.0070,1.5187,-0.0384,-0.36,2.86,112.02
20680,-1.834,-0.057,7.894,-0.0996,1.2544,0.0982,-0.01,3.23,111.97
20691,-2.146,0.323,8.103,-0.1219,1.5161,-0.0246,-0.48,4.27,112.06
20700,-1.387,0.052,7.561,0.5800,1.5724,-0.0506,-0.18,4.98,111.92
20710,-1.451,-0.430,7.893,0.2223,1.6819,0.1107,0.20,6.07,112.02
20721,-2.088,0.034,7.692,-0.1527,0.9934,-0.0222,0.06,6.96,111.91
20730,-2.208,0.176,8.031,-0.2787,1.5582,0.0091,0.05,7.19,111.93
20740,-2.314,-0.290,8.119,-0.6345,1.8668,-0.0931,-0.26,8.77,112.04
20750,-1.493,-0.285,8.467,0.0118,1.5253,0.0437,-0.66,9.30,112.02
20760,-2.626,-0.178,8.419,0.4333,1.8582,0.0090,-0.27,10.53,112.02
20771,-2.076,0.033,8.124,0.6361,1.6896,0.1011,-0.15,11.44,111.83
20781,-2.766,0.142,9.034,0.2831,1.2192,-0.0194,0.44,12.46,112.11
20790,-2.205,0.076,8.633,-0.2753,2.0785,-0.0877,0.17,12.85,111.92
20811,-2.551,-0.038,25.026,0.1877,-1.0127,0.0088,-0.15,15.08,112.07
20821,-2.390,0.084,22.989,1.1360,-2.5064,0.1295,0.28,13.59,111.97
20830,-1.508,0.253,18.872,0.9093,-2.4324,0.0186,1.17,12.21,111.99
20840,-1.190,0.082,14.397,0.5599,-2.2475,0.0258,1.34,10.80,112.00
20850,-1.120,0.130,11.876,1.4151,-2.3234,0.0463,1.82,9.63,111.97
20861,-0.530,0.689,10.631,0.6439,-2.4459,-0.0199,2.97,8.10,112.12
20870,-0.358,0.408,10.190,0.1859,-2.2240,-0.0107,2.56,6.85,112.06
20881,-0.605,0.538,9.845,0.9898,-1.9649,0.0077,3.23,5.57,111.89
20890,-0.173,0.169,9.984,0.6683,-2.1221,-0.0062,3.69,4.63,112.00
20900,0.104,0.584,9.848,0.4635,-2.4601,0.0661,4.01,3.13,111.93
20911,0.517,1.076,10.135,1.2465,-2.3323,0.0054,4.21,1.82,111.90
20921,1.197,0.523,9.533,0.7176,-1.9141,0.0061,5.44,0.43,111.95
20930,1.152,1.190,10.056,0.1836,-1.2313,-0.0057,5.04,-0.35,112.03
20940,1.249,1.037,9.834,1.1376,0.4458,0.0473,5.59,-0.98,112.16
20951,1.189,1.025,9.913,0.5882,0.4068,-0.0120,6.33,0.17,111.95
20960,0.957,1.245,9.881,0.5537,-0.2000,-0.0150,6.25,-0.49,112.04
20970,1.499,1.135,9.269,0.8871,0.6278,0.0079,6.94,-0.07,111.94
20980,1.163,1.503,9.786,0.5745,-0.3064,0.0247,7.25,0.20,112.05
20991,1.370,1.114,9.257,0.6058,-0.1151,-0.0036,7.59,-0.39,112.01
21001,0.855,1.207,9.806,0.2256,0.6018,-0.0196,7.93,0.06,112.03
21011,1.341,1.205,9.923,0.3970,-0.0075,0.0636,7.84,0.30,111.92
21020,1.401,1.373,9.484,1.1879,-0.2603,-0.0235,8.38,0.02,111.98
21030,1.408,1.351,9.484,0.8714,0.1923,0.0152,9.19,0.00,111.99
21041,1.003,1.556,9.752,-0.0859,-0.1478,-0.0705,9.39,0.24,112.00
21050,1.668,1.236,9.724,0.3027,-0.3767,0.0122,9.09,-0.21,111.93
21060,1.356,1.543,9.995,0.2500,0.3617,-0.0474,9.79,-0.17,111.97
21070,1.713,1.670,10.099,-0.3461,0.3783,-0.0769,9.36,0.19,111.94
21080,1.407,1.670,9.588,-0.0156,-0.3757,0.0224,9.40,0.22,112.02
21090,1.395,1.881,9.816,0.3243,-0.1736,0.0394,9.34,-0.26,111.99
21101,1.414,1.810,9.619,0.8239,0.0861,0.0333,9.73,0.01,111.93
21111,2.066,1.901,9.606,0.3430,0.2147,0.0802,10.29,-0.19,112.01
21121,1.353,1.576,9.435,0.4675,0.2641,0.0083,10.13,0.25,112.03
21130,1.234,1.675,9.746,0.3851,0.4333,0.0436,10.78,0.07,112.06
21141,1.474,1.902,9.958,-0.4796,-0.5583,0.0090,10.56,0.76,111.94
21151,1.765,1.611,9.586,-0.2791,-0.8248,0.0107,10.21,-0.55,112.00
21160,1.391,1.546,10.284,-0.0058,0.4001,0.0227,10.24,-0.18,111.97
21171,1.473,1.409,9.437,0.2607,0.0396,0.0576,10.20,-0.07,112.04
21181,1.578,1.699,9.529,-0.1604,0.0122,-0.0974,10.51,-0.18,112.04
21190,1.379,1.771,10.066,-0.3778,0.4040,0.0164,10.01,-0.10,112.00
21200,1.305,1.653,10.104,-0.3113,-0.6255,0.0330,10.02,0.27,112.05
21210,1.148,1.615,9.783,0.1476,-0.3439,-0.0247,9.68,-0.83,112.14
21220,1.400,1.861,9.763,-0.1740,1.1363,0.0324,10.15,-0.12,112.08
21230,1.069,1.835,9.678,-0.8215,-0.0177,-0.0228,9.49,0.48,112.01
21240,0.989,1.198,9.912,-0.6415,-1.0675,-0.1125,9.21,-0.16,112.22
21251,0.940,1.565,9.797,0.0355,0.0711,0.0292,8.74,-0.71,112.01
21260,0.886,1.835,10.364,-0.1601,0.3510,-0.0879,9.26,-0.05,112.11
21270,1.109,1.925,9.854,-0.7033,-0.0684,-0.0876,8.55,-0.25,111.87
21280,1.061,1.519,9.733,-0.4071,0.4673,-0.0024,8.44,-0.16,112.00
21290,0.481,1.541,9.630,-0.5581,-0.0123,-0.0041,8.06,0.28,111.95
21300,0.823,0.835,9.384,-0.9504,-0.1622,0.0829,7.82,-0.19,112.00
21310,0.560,0.771,9.939,-0.7233,0.0036,-0.0332,6.97,0.08,111.97
21321,0.834,1.262,9.906,-0.3647,-1.4800,-0.0703,6.99,-0.19,112.02
21330,0.891,1.114,10.236,0.1507,-3.0487,-0.0282,6.55,-1.61,112.04
21341,0.531,1.490,10.496,-0.0396,-2.9987,-0.0618,7.17,-3.68,112.14
21351,1.300,1.085,11.008,-1.1102,-2.5196,0.0069,6.54,-5.04,111.95
21360,0.747,0.734,11.656,-0.3966,-2.9062,0.0356,5.88,-6.59,112.01
21370,1.423,0.846,12.061,-0.5321,-2.8711,-0.0067,6.09,-8.41,111.88
21381,1.543,1.079,12.724,-1.6736,-2.6893,-0.0311,5.31,-9.90,112.10
21390,2.109,0.580,13.629,-1.4321,-2.6256,-0.0532,4.10,-11.48,111.90
21401,1.909,0.796,13.614,-0.3306,-2.6490,0.0086,3.68,-12.91,112.10
21411,1.647,0.625,13.938,-0.4364,-2.0208,-0.0409,3.70,-14.50,111.88
21421,2.119,0.263,13.853,-0.8474,-2.7574,0.0547,3.15,-15.25,111.97
21430,2.667,0.213,13.971,-1.0026,-3.7208,0.0552,2.78,-17.65,112.19
21440,2.364,0.509,14.020,-0.4030,-2.5413,-0.0166,2.00,-19.50,112.16
21450,2.565,0.244,13.713,-0.7020,-2.2535,0.0011,2.34,-20.59,112.10
21460,2.745,0.380,12.790,-1.0053,-2.8626,0.0504,1.20,-22.08,112.09
21470,3.014,-0.115,12.283,-0.3782,-2.5043,0.0272,1.17,-23.90,111.89
21481,3.179,0.044,12.001,-1.1759,-2.3261,0.0920,0.79,-24.88,111.93
21490,3.476,-0.214,10.966,-0.5314,-3.7300,0.0088,-0.18,-26.55,112.05
21501,3.864,0.132,10.750,0.5333,-2.6515,-0.0936,0.17,-29.13,112.04
21511,4.263,0.263,10.261,0.2464,0.0820,0.0185,0.48,-29.58,111.94
21521,3.870,0.054,9.402,-0.2343,1.5695,-0.0466,0.44,-29.01,111.93
21530,3.668,0.504,10.056,-0.2728,2.0494,0.0392,0.23,-27.77,112.03
21541,3.097,0.315,9.226,-0.1829,2.3873,-0.0079,0.13,-26.67,112.02
21550,3.553,-0.057,10.306,0.2133,2.4984,0.0003,0.02,-25.03,111.89
21561,2.826,0.160,10.426,0.1341,1.8333,0.0074,0.38,-23.78,111.92
21571,2.602,-0.212,10.430,-0.3041,2.0760,-0.0631,0.17,-22.95,111.82
21581,2.062,0.345,11.150,-0.2715,2.4013,-0.0232,0.04,-21.39,112.04
21590,2.316,-0.091,11.004,-0.3997,1.7572,0.0251,-0.14,-20.23,111.81
21600,1.683,-0.074,10.808,0.0725,2.1251,-0.0615,-0.41,-19.35,112.06
21610,1.250,-0.009,10.970,0.8523,2.8476,0.0638,-0.05,-17.77,112.04
21621,1.405,0.408,11.248,-0.0824,2.5870,0.0297,0.56,-16.07,112.02
21630,0.940,0.188,11.459,-0.6593,1.8923,0.0513,-0.15,-14.79,111.88
21640,1.033,-0.213,11.571,0.0301,1.7473,0.0657,-0.19,-13.87,112.01
21650,0.431,-0.129,11.318,0.1415,2.0118,0.0858,-0.07,-12.80,112.08
21661,0.047,-0.119,11.192,-0.1023,1.9680,0.0049,-0.06,-11.56,111.98
21671,0.078,-0.060,11.148,0.2300,2.2435,0.0483,-0.17,-10.53,111.90
21681,0.408,0.237,10.781,0.2223,2.2678,0.0033,0.19,-8.97,111.87
21690,-0.173,0.587,10.713,0.1188,2.2020,-0.0128,0.10,-7.92,112.05
21700,0.227,-0.259,10.398,0.0621,2.3303,0.0458,0.35,-6.46,111.96
21711,-0.864,-0.240,9.897,-0.2752,1.4236,0.1020,0.18,-5.26,111.91
21720,-0.723,0.019,10.001,-0.6931,1.3932,0.0551,0.06,-4.85,111.98
21731,-0.380,-0.133,9.408,0.0413,1.6919,0.0650,-0.63,-3.66,112.05
21741,-1.151,-0.019,9.526,0.4095,1.7027,0.0733,0.06,-2.91,111.97
21751,-0.957,0.132,8.991,0.2113,1.9290,-0.0343,-0.20,-1.69,111.72
21760,-0.988,0.114,8.787,0.1982,1.6501,-0.0073,0.32,-0.73,111.96
21770,-1.588,0.401,8.397,-0.4452,1.7098,-0.0608,0.02,0.20,111.94
21781,-1.134,0.072,8.517,-0.1502,1.3014,0.0413,-0.23,1.22,111.87
21791,-1.277,0.228,8.246,-0.1137,1.2353,-0.0348,-0.16,1.72,111.98
21800,-1.642,-0.305,7.879,-0.0145,1.6304,-0.0278,-0.36,2.65,112.02
21810,-1.272,0.248,7.929,0.4036,1.5959,0.0791,-0.16,3.62,112.11
21820,-1.979,-0.053,8.050,0.4242,1.4767,0.0402,0.09,4.52,112.09
21831,-1.589,0.202,7.768,0.0796,1.3256,0.0330,0.35,5.27,112.12
21840,-1.729,0.113,7.645,-0.0902,1.8610,0.0196,0.16,6.04,111.97
21850,-1.995,0.277,8.234,0.0814,1.1843,0.0476,0.24,7.40,112.06
21861,-2.264,0.064,8.016,-0.2758,0.8891,-0.0059,0.27,7.37,112.09
21871,-1.704,0.128,7.735,0.1921,1.9078,-0.0012,-0.10,8.43,111.90
21880,-2.043,-0.200,8.037,-0.2408,1.9734,0.0303,0.44,9.55,112.06
21890,-2.170,-0.229,8.485,-0.3473,1.6150,-0.0238,-0.41,10.73,111.91
21901,-2.422,0.258,8.444,0.1939,1.9304,0.0173,0.04,11.40,112.03
21910,-2.411,-0.274,8.607,-0.5587,1.7019,-0.0344,-0.16,12.94,111.87
21921,-2.431,-0.046,8.984,0.5756,1.0616,0.0155,-0.59,13.37,112.03
21930,-2.319,0.394,9.516,0.0449,1.2200,-0.0667,0.50,14.14,111.91
21940,-2.282,-0.053,23.355,0.1255,-0.0670,-0.0306,-0.57,14.77,111.96
21950,-1.839,0.224,21.556,1.7527,-2.1843,-0.0496,0.68,14.03,111.97
21961,-1.950,-0.102,17.174,0.5095,-3.0831,-0.0867,1.45,12.25,112.03
21971,-1.379,0.143,14.243,0.2479,-2.3342,0.0485,1.30,10.50,111.90
21980,-1.171,-0.182,11.255,0.3481,-1.8278,0.0133,1.76,9.58,112.00
21990,-1.024,0.265,10.461,0.7345,-2.1854,0.0553,1.66,8.42,112.03
22001,-0.872,0.421,9.747,1.6453,-2.3239,-0.0652,2.59,7.07,112.16
22010,-0.047,0.605,10.052,0.6427,-2.3816,0.1981,3.52,5.75,112.01
22020,0.317,0.443,9.860,0.0783,-2.7803,0.0806,3.35,4.37,112.02
22031,0.562,0.682,10.176,0.2435,-2.1832,0.0498,3.63,2.56,111.94
22041,0.810,1.325,9.810,1.2482,-1.8208,-0.0256,3.63,1.85,112.02
22050,0.781,0.999,9.768,1.3728,-1.7063,-0.0090,5.10,0.49,111.94
22060,1.013,0.380,10.040,0.2466,-0.7336,0.0733,5.22,-0.06,111.88
22071,0.928,0.999,9.998,0.8007,0.3699,-0.0027,5.38,-0.33,111.89
22080,0.925,1.581,9.827,0.5543,0.1793,-0.0378,6.15,0.36,112.05
22091,1.206,1.332,9.652,0.1993,-0.5024,0.0142,6.02,-0.13,112.03
22101,1.419,1.225,9.262,1.2784,0.3231,0.0254,6.42,-0.20,112.07
22111,0.845,1.079,9.479,0.3905,0.0221,-0.0190,7.48,0.23,111.90
22121,0.953,1.326,9.363,0.0229,-0.1953,0.0458,6.88,-0.15,112.04
22130,1.280,1.227,9.535,0.7946,0.1247,0.0860,7.53,0.02,111.93
22140,1.526,1.386,9.969,0.4243,0.0510,-0.0592,7.78,0.01,111.99
22150,1.367,1.670,9.956,0.3750,0.6023,-0.0711,8.01,0.09,112.05
22160,1.125,1.437,9.801,0.0687,-0.1454,0.0726,8.22,0.69,112.03
22170,1.590,1.367,9.973,0.3392,-0.3125,-0.0262,8.06,-0.09,112.01
22181,1.928,1.322,10.106,0.6581,0.0252,-0.0111,8.62,0.33,111.95
22190,1.855,1.520,9.317,0.2014,-0.8199,0.0265,8.77,-0.05,112.11
22201,1.521,1.432,9.547,0.1485,0.1882,0.0576,8.82,-0.60,111.91
22211,1.672,1.611,9.662,0.1732,0.2055,-0.1105,8.92,0.14,111.87
22220,1.572,2.055,9.737,0.2405,-0.0318,-0.0341,9.00,-0.34,112.03
22231,1.354,2.000,9.582,0.5662,0.1191,0.0306,9.18,0.10,111.93
22241,1.226,1.832,9.489,0.3722,-0.2174,-0.0001,9.63,-0.20,112.03
22251,1.238,1.301,9.205,0.4725,-0.3592,-0.0478,9.60,-0.19,112.02
22261,1.307,1.567,9.886,0.2132,0.1934,-0.0029,10.13,-0.62,111.93
22271,1.675,1.847,10.373,-0.5778,0.7030,0.0315,9.85,0.04,111.97
22281,1.457,1.858,9.933,-0.2730,-0.0643,-0.0022,9.51,0.17,112.09
22291,1.709,1.987,9.606,0.0743,0.1574,0.0303,9.51,-0.04,111.91
22301,1.006,1.295,9.646,0.0135,-0.3426,0.0102,9.60,0.32,111.98
22310,1.104,1.676,9.608,-0.0531,-0.0866,-0.0238,9.49,-0.43,111.97
22320,0.880,2.057,9.200,0.4839,0.7545,0.1180,9.53,0.26,111.94
22330,1.588,2.057,9.654,-0.2190,-0.2945,0.0161,10.02,0.44,112.04
22340,1.536,1.674,9.850,-0.6712,-0.0558,-0.0075,9.29,-0.08,111.87
22350,0.660,1.568,9.542,-0.4941,0.3580,-0.0361,9.24,0.38,111.97
22361,0.890,1.550,9.936,-0.6931,-0.2382,0.0337,8.70,0.36,112.02
22371,0.871,1.184,9.638,-0.0475,-0.2199,0.0155,8.44,0.10,111.88
22381,1.050,1.241,9.992,-0.0913,-0.0035,0.0513,8.66,0.05,112.05
22390,0.976,1.644,9.762,-0.2583,-0.2901,-0.0663,8.37,0.09,111.84
22401,1.297,1.454,9.133,0.0882,-0.0187,-0.0804,8.33,-0.25,111.89
22411,0.509,1.368,10.208,-0.6262,0.1282,0.0346,8.44,0.10,112.04
22420,0.526,1.828,9.848,-0.9790,0.1107,-0.1011,7.62,-0.11,111.98
22431,1.031,1.292,9.803,-0.0938,-0.2739,-0.0089,7.30,0.21,111.99
22441,0.287,1.223,9.797,-0.4650,0.1512,0.0075,7.51,-0.38,111.99
22451,0.273,1.502,10.099,-0.7918,-1.4974,0.0732,6.78,0.40,111.94
22461,0.690,1.189,10.495,-0.4872,-2.7345,0.0200,6.61,-2.11,111.95
22471,0.726,1.112,10.330,-0.1065,-2.2195,0.0915,6.22,-2.74,111.82
22480,0.724,1.032,10.571,-1.0565,-2.7106,0.0562,6.47,-4.69,111.96
22491,1.207,1.061,10.406,-1.3765,-2.5400,-0.0329,5.05,-5.83,111.92
22500,0.731,1.109,11.979,-0.0361,-2.8771,0.0105,4.93,-7.62,111.90
22510,1.549,0.898,11.852,-0.1775,-2.4894,-0.0542,4.99,-9.11,112.05
22520,1.202,0.484,12.120,-1.1135,-2.6701,0.0149,4.76,-10.48,112.00
22530,2.179,1.212,12.325,-0.7217,-2.7442,0.0208,3.70,-12.16,111.89
22541,1.803,0.478,13.262,-0.5724,-2.4636,0.0505,3.95,-13.63,112.08
22550,2.127,0.723,13.615,-1.2192,-2.5142,-0.0799,3.04,-15.02,112.06
22561,2.625,0.515,13.633,-0.8238,-2.5967,-0.0057,2.54,-16.53,111.98
22570,2.687,0.572,13.838,-0.4859,-2.7352,0.0193,2.14,-18.03,111.95
22580,2.569,0.023,13.388,-0.4631,-3.1141,-0.0411,2.00,-19.64,111.83
22590,2.876,0.549,12.999,-1.0391,-3.2047,-0.0591,1.60,-21.58,112.00
22601,3.082,-0.355,12.295,-0.8281,-2.4496,0.0220,0.75,-23.28,111.98
22611,3.303,-0.175,12.237,-0.6656,-2.3864,0.0273,0.63,-24.39,111.93
22620,3.480,-0.012,11.013,-0.8464,-2.6220,-0.0196,0.01,-26.01,112.09
22630,3.687,0.484,10.756,0.4257,-2.5631,0.0982,-0.36,-27.41,112.01
22641,3.477,0.138,10.110,0.0746,-2.4731,-0.0951,0.51,-28.95,112.01
22650,3.938,-0.120,9.655,-0.3926,0.9903,0.0384,-0.29,-30.24,111.86
22661,3.461,0.305,9.820,-0.0503,2.8662,-0.0538,0.03,-27.88,112.13
22670,3.044,0.194,9.707,-0.1323,2.0909,-0.0321,-0.35,-26.94,112.11
22680,3.379,-0.505,10.328,0.3334,1.9206,-0.0487,-0.13,-25.49,112.03
22690,3.018,0.508,10.400,0.1543,2.2609,-0.0121,0.03,-24.77,111.98
22700,2.693,0.047,11.012,-0.2792,1.9555,0.0273,0.05,-22.90,111.91
22721,1.919,0.023,10.630,0.3902,2.4344,0.0558,-0.04,-20.82,111.98
22731,2.056,0.219,10.928,0.4410,1.7507,0.0150,0.10,-19.73,111.88
22741,1.851,0.356,11.665,0.1169,1.9788,-0.0112,0.45,-18.80,111.99
22750,1.362,-0.173,11.356,-0.0942,2.7329,-0.0560,0.24,-17.44,112.03
22761,1.263,0.878,11.391,-0.0296,2.4524,-0.0201,0.32,-15.70,111.93
22770,0.751,0.100,10.883,-0.4605,1.6757,-0.0553,0.19,-14.60,112.00
22780,0.633,0.317,10.893,-0.2313,1.8899,0.0005,-0.20,-13.81,112.00
22791,0.703,-0.538,11.556,0.4100,2.6044,-0.1014,-0.10,-12.41,111.95
22800,0.902,0.071,11.044,-0.0871,2.4710,-0.0323,0.27,-10.81,111.91
22810,-0.128,-0.219,10.643,-0.5265,1.2802,-0.1103,-0.21,-9.58,112.03
22820,-0.278,0.028,11.028,0.1773,1.5677,-0.0102,-0.34,-9.36,111.96
22830,-0.215,-0.334,10.385,-0.1368,2.1940,-0.0171,-0.01,-7.82,112.01
22840,-0.193,0.235,10.327,-0.1950,2.3851,0.0641,-0.55,-6.86,112.08
22851,-0.630,0.050,10.259,0.1619,2.7102,0.0007,-0.23,-5.09,111.97
22861,-0.591,0.261,9.865,0.0513,1.5244,0.0315,-0.34,-3.74,111.93
22870,-0.838,-0.349,9.749,0.6826,1.0669,-0.0541,-0.12,-3.33,112.04
22881,-1.036,0.013,9.157,0.6992,1.6584,-0.0073,0.39,-2.53,111.95
22890,-1.158,-0.185,9.354,-0.1809,1.6443,0.0924,0.70,-1.43,112.08
22900,-1.078,-0.018,8.674,-0.8527,1.2671,0.0249,0.18,-0.65,112.05
22911,-1.255,-0.176,8.340,0.0128,1.3372,0.1123,-0.29,0.04,111.90
22920,-1.299,0.207,7.628,0.3245,1.5208,0.0677,0.22,0.87,112.08
22930,-1.445,-0.013,8.373,-0.3601,2.0935,-0.0773,0.13,1.77,111.77
22941,-2.129,0.169,7.565,0.1553,1.3018,-0.0707,-0.18,3.27,111.98
22950,-1.212,-0.119,7.909,0.0220,1.3421,0.0652,0.26,3.24,112.04
22960,-1.625,-0.112,7.856,-0.3549,2.4035,0.0158,-0.15,4.79,111.92
22971,-1.922,0.500,7.907,0.1595,1.3327,0.0265,-0.17,5.98,112.03
22980,-1.762,-0.358,8.161,0.2998,0.8817,-0.0129,0.02,6.33,111.88
22991,-1.760,0.081,7.624,-0.0779,1.7683,-0.0500,0.21,7.00,112.05
23001,-2.503,0.088,7.978,-0.1011,1.5315,0.0233,-0.11,8.34,112.08
23011,-2.023,-0.262,8.026,-0.3443,1.7401,-0.0464,0.11,8.73,111.85
23021,-2.545,-0.034,8.301,0.0048,1.4337,0.0004,-0.55,10.31,112.00
23031,-1.619,-0.159,8.670,0.3530,1.3024,0.0225,0.09,10.38,112.04
23041,-2.092,0.204,8.698,-0.1858,2.0183,0.1500,-0.14,11.82,111.94
23050,-2.099,-0.024,8.864,-0.5584,1.2991,0.0208,-0.16,12.67,111.96
23061,-2.205,-0.334,9.352,-0.2529,1.3447,0.0963,-0.76,13.33,112.06
23070,-2.128,-0.228,9.671,0.2601,1.0809,-0.0249,-0.43,14.23,111.91
23080,-2.567,-0.083,26.177,1.0024,-0.7045,0.0087,-0.45,14.55,111.92
23090,-2.377,0.404,23.412,0.9924,-2.6135,0.0314,0.69,13.39,111.89
23101,-1.830,0.612,18.799,0.6765,-2.3636,-0.0688,0.66,11.55,112.03
23111,-1.224,0.324,14.159,1.1865,-1.5523,0.0180,1.46,10.65,111.84
23120,-1.553,0.381,11.465,0.5349,-2.0464,0.0020,2.00,9.77,112.03
23130,-1.042,0.455,10.213,0.3083,-2.2455,-0.0429,2.07,8.29,111.97
23141,-0.680,0.929,10.377,1.1650,-1.7831,-0.0010,2.34,7.21,111.97
23150,-0.451,0.418,9.900,1.0894,-2.4132,0.0146,3.43,6.26,112.00
23161,0.550,0.373,9.413,0.0610,-2.7591,0.0708,3.55,4.46,111.91
23171,0.043,0.672,9.821,0.7810,-2.1456,-0.0059,3.51,3.09,112.00
23181,0.379,0.540,10.033,0.8239,-2.0313,-0.0038,4.42,2.00,111.99
23191,0.936,0.437,9.514,0.6694,-1.6094,0.0242,4.46,0.77,112.00
23201,1.356,0.570,9.485,1.0475,-1.0210,-0.0826,5.17,0.16,112.20
23210,1.574,1.542,9.700,0.2898,-0.2837,0.0162,5.65,-0.40,111.99
23221,1.084,0.909,9.812,0.5130,0.4151,0.0256,5.51,-0.15,112.04
23231,0.763,1.262,9.839,-0.0187,0.0691,0.0375,6.24,0.11,111.96
23240,1.442,0.848,9.450,0.6013,-0.0050,0.0172,5.52,-0.12,111.91
23250,1.185,0.996,9.991,0.8406,-0.0810,-0.0123,6.91,0.12,112.02
23260,1.430,1.187,9.597,1.0307,-0.0209,0.0103,6.46,-0.23,112.07
23271,0.829,1.390,9.810,1.0994,0.1632,-0.0563,8.09,0.08,112.06
23280,0.743,1.658,9.099,-0.3624,0.0241,0.0298,7.71,-0.02,111.83
23291,1.262,1.006,9.382,0.6368,0.1230,0.0995,7.68,0.14,111.95
23301,1.253,1.553,9.742,0.3640,0.1823,0.1121,8.44,0.13,111.98
23311,0.998,1.017,9.808,0.1187,-0.0627,-0.0299,8.09,0.38,111.99
23321,1.678,1.028,10.507,0.4631,-0.4255,-0.0214,8.57,-0.02,111.94
23331,1.495,1.656,9.991,0.2785,0.2410,-0.0327,8.64,-0.11,112.05
23340,1.649,0.853,9.694,0.2418,-0.0702,0.0010,8.89,0.28,111.99
23351,1.665,1.852,9.949,0.3840,0.0170,-0.0926,8.88,-0.17,112.07
23360,1.155,1.520,9.343,0.1642,0.3760,0.0254,9.31,0.26,111.93
23371,1.542,1.049,9.668,0.0890,-0.0210,0.0996,9.07,0.26,111.91
23380,1.412,1.785,9.780,0.5085,-0.0609,0.0240,9.42,0.24,112.03
23391,1.762,1.881,8.953,-0.0444,0.3357,-0.0449,9.65,0.19,111.88
23401,1.212,1.895,9.343,0.1319,-0.2880,-0.0495,9.34,0.62,111.94
23410,1.697,1.480,9.540,0.3293,-0.4388,0.0071,9.81,-0.14,111.97
23420,1.551,1.642,9.761,-0.2712,0.5780,0.0641,9.72,0.07,111.90
23430,1.570,1.436,9.771,-0.2858,-0.2695,0.0588,9.48,0.50,111.95
23440,1.375,1.489,10.064,0.0242,-0.6750,-0.0732,9.39,-0.23,111.99
23451,1.160,1.406,9.737,-0.0334,0.0269,0.0241,9.49,-0.24,111.99
23460,1.362,1.746,10.030,-0.2526,0.3114,0.0387,9.31,-0.16,112.00
23470,1.481,1.721,9.827,-0.0602,-0.0200,0.0417,9.21,0.10,111.89
23480,0.808,1.562,9.982,-0.1141,-0.2838,0.0363,9.22,-0.18,112.01
23490,1.100,1.526,9.384,-0.1597,0.4136,0.0271,9.07,-0.22,111.82
23500,1.290,1.389,9.635,0.1674,-0.2366,-0.0113,9.03,0.28,111.88
23511,1.103,1.664,9.536,-0.0589,-0.1166,-0.0028,9.27,-0.50,111.98
23520,1.217,1.696,9.594,-0.4570,0.5992,0.0664,8.94,0.15,111.92
23530,0.773,1.531,9.765,-0.4710,-0.1097,-0.0620,8.72,0.21,111.92
23541,0.818,1.183,10.057,-0.7545,-0.2563,0.0549,8.41,0.01,111.89
23551,0.847,1.341,9.620,-0.7991,0.0236,-0.0087,7.85,-0.07,112.02
23560,0.762,0.941,9.848,-0.3356,0.4587,-0.0494,7.46,0.01,111.80
23570,0.705,1.335,9.826,0.1103,0.5107,0.0440,7.45,0.45,111.94
23580,0.554,1.175,9.740,-0.1314,-0.7614,0.0211,7.60,0.61,111.92
23590,0.461,1.600,10.206,-1.2217,-1.1781,-0.0656,7.31,-0.41,111.83
23600,0.810,0.795,9.884,-1.3439,-1.8813,0.1143,6.21,-0.77,111.99
23610,0.971,0.769,10.582,0.2062,-2.6013,-0.0134,5.79,-2.56,111.87
23621,0.098,1.270,10.578,0.2218,-2.3455,-0.0665,6.49,-3.77,111.78
23631,0.681,0.737,10.938,-1.2246,-2.4178,-0.0018,6.07,-5.27,111.88
23640,1.341,0.824,11.483,-1.0314,-2.5649,-0.0079,5.10,-6.56,111.86
23650,1.071,1.124,12.038,-0.5113,-2.7712,0.0288,4.89,-8.19,111.73
23661,1.705,0.221,12.010,-0.3261,-2.5027,-0.0051,4.55,-9.72,111.95
23670,1.795,0.645,13.138,-0.8074,-2.4215,-0.0205,4.48,-11.07,111.95
23680,1.705,0.685,13.140,-0.8255,-3.0224,-0.1004,3.61,-12.47,111.85
23690,2.329,0.466,14.201,-0.5256,-3.0042,0.0390,3.52,-14.50,112.00
23700,2.213,0.604,13.892,-0.7987,-3.0822,-0.0485,3.02,-15.90,111.90
23711,2.830,0.200,14.376,-0.5056,-2.3730,0.0054,2.61,-18.01,111.94
23721,2.432,0.562,14.104,-0.7805,-2.3029,-0.0277,2.41,-18.58,111.85
23731,2.623,0.550,13.979,-1.3425,-2.9567,0.0665,1.71,-20.69,111.92
23740,2.920,0.363,13.597,-0.5671,-2.4349,-0.0983,0.85,-22.01,111.96
23750,3.321,0.619,12.627,-0.5575,-2.8869,-0.0244,1.07,-23.46,111.85
23760,3.606,0.027,11.716,-0.6773,-2.8509,0.0490,0.22,-25.32,112.03
23771,3.182,0.186,11.011,-0.1173,-2.4046,-0.1250,0.27,-26.68,111.98
23781,3.328,-0.591,11.081,-0.5173,-2.7410,-0.0992,0.08,-28.08,111.92
23791,4.102,-0.190,10.148,0.0461,-1.2342,-0.0099,-0.29,-29.80,111.92
23800,3.500,0.135,10.094,0.1165,1.8677,0.0499,0.08,-29.47,112.08
23810,3.137,0.244,9.583,-0.0043,2.6445,0.0271,-0.19,-27.65,111.90
23821,3.171,-0.073,9.998,0.0594,2.2787,-0.0360,0.08,-26.44,112.06
23831,3.009,0.178,10.223,0.1773,1.7373,-0.0266,-0.12,-25.01,111.98
23841,2.767,0.037,10.718,-0.0883,1.5775,0.0113,0.30,-24.42,111.97
23850,2.793,-0.391,10.584,-0.3432,2.4571,-0.0085,-0.21,-23.22,112.09
23860,2.046,0.120,11.264,-0.0084,2.6570,0.0985,-0.11,-21.61,111.95
23871,1.747,0.029,11.263,-0.1178,2.5047,0.0817,-0.21,-20.15,112.04
23880,1.536,-0.060,11.144,0.1288,2.1241,0.0495,-0.24,-18.72,111.84
23891,1.706,0.519,11.192,0.2620,1.6810,0.0349,-0.08,-17.73,112.17
23901,1.093,0.133,11.388,0.1922,1.5955,0.0472,0.06,-16.78,111.86
23910,1.457,-0.316,11.494,-0.0368,2.1193,0.0721,0.17,-15.89,111.94
23920,0.819,-0.053,11.286,-0.2815,2.2786,-0.0434,0.02,-14.32,111.90
23930,0.726,-0.127,11.478,-0.3923,2.0468,0.0020,-0.14,-13.26,112.05
23941,0.781,-0.567,11.409,0.3678,2.0464,-0.0482,-0.47,-12.01,112.19
23951,0.292,0.484,10.959,0.2673,2.2396,-0.0438,0.28,-10.91,111.99
23961,-0.025,-0.326,10.957,-0.1405,2.0129,-0.0316,-0.15,-9.45,111.94
23970,-0.120,0.098,10.677,-0.1427,2.1326,-0.0174,0.12,-8.61,111.96
23980,-0.292,-0.311,10.816,0.2554,2.2476,0.0294,-0.32,-7.01,112.04
23991,-1.059,0.212,10.312,0.4726,1.6016,-0.0428,0.45,-6.07,112.11
24001,-0.266,0.488,10.154,-0.6436,2.0729,-0.0427,0.21,-5.22,111.99
24011,-1.083,0.010,9.443,-0.1046,1.6202,0.0329,-0.27,-3.66,111.91
24020,-0.660,0.166,9.637,0.5755,1.5100,-0.0111,0.10,-3.33,111.79
24031,-1.235,0.275,9.062,-0.1610,1.7741,0.0289,0.40,-1.92,111.84
24040,-1.281,-0.211,8.917,-0.7677,1.2116,0.0105,-0.05,-1.30,111.99
24051,-1.119,-0.097,9.057,0.1541,1.8578,-0.0151,-0.51,-0.57,111.92
24060,-1.060,0.082,8.219,0.9306,1.3044,0.0708,0.14,0.84,111.94
24070,-1.633,0.378,8.533,-0.5662,1.0854,-0.0002,0.55,0.91,112.00
24080,-1.515,-0.089,7.839,-0.1828,1.2257,-0.0215,-0.48,2.08,111.98
24091,-1.305,-0.578,8.757,0.3494,1.3609,-0.0087,0.31,2.30,112.06
24101,-1.399,0.097,8.147,-0.2868,2.1208,-0.0142,-0.07,3.63,111.86
24110,-1.838,0.032,7.940,0.1085,1.2058,0.0180,-0.03,4.70,112.01
24120,-1.639,0.020,7.501,0.0541,1.7203,-0.0213,0.06,5.02,111.95
24130,-1.620,-0.027,7.473,0.1772,2.3708,0.0406,0.00,6.69,111.91
24141,-1.954,0.093,7.778,-0.3131,1.3819,-0.0637,0.26,7.76,111.99
24151,-2.100,-0.308,7.976,-0.2426,1.0699,0.0614,-0.35,8.27,112.02
24161,-2.315,0.374,8.191,0.0420,2.0180,0.0083,-0.03,8.99,112.09
24170,-2.248,0.190,8.169,-0.1321,1.4914,0.0227,-0.28,10.55,111.96
24181,-2.378,-0.040,8.766,0.9994,1.3472,0.0155,-0.15,10.69,111.89
24190,-2.681,-0.175,8.277,-0.0277,1.5032,-0.0766,0.89,12.13,111.88
24200,-2.522,-0.195,8.762,-0.6409,1.5368,-0.1072,-0.25,12.35,112.00
24211,-2.625,-0.094,9.542,0.3218,1.5227,0.0501,0.13,13.91,112.24
24221,-2.440,-0.445,9.034,-0.5700,1.1092,0.0672,0.09,14.08,111.92
24230,-2.266,-0.005,25.930,0.0439,-0.3211,0.0118,-0.51,15.14,112.05
24241,-2.073,-0.351,23.518,0.8049,-2.7300,-0.0368,0.16,13.72,111.90
24251,-2.033,-0.125,18.613,0.9972,-2.7130,-0.0229,0.41,12.03,111.95
24261,-1.346,0.473,14.492,0.8781,-2.0869,0.0117,1.34,10.63,111.94
24271,-1.103,-0.144,11.517,0.5819,-1.6446,-0.0338,1.43,9.66,111.98
24281,-0.832,0.544,10.195,0.7234,-2.4016,0.0168,1.99,8.75,111.92
24291,-0.770,0.400,10.457,1.1473,-2.5076,-0.0635,2.23,6.88,111.93
24300,-0.686,0.654,9.555,1.2935,-2.2329,-0.0889,3.31,5.88,111.97
24311,-0.473,0.694,9.618,0.9369,-2.4046,-0.0203,3.71,4.33,112.00
24321,-0.040,0.584,10.124,0.5175,-2.0028,0.0088,4.39,3.17,112.00
24331,0.399,1.058,10.308,0.4719,-1.7829,0.0307,4.29,2.03,111.94
24341,0.485,0.867,9.743,1.0060,-2.1527,-0.0117,4.96,1.05,112.02
24350,1.189,1.268,9.883,1.0036,-1.0537,-0.0520,5.46,-0.43,111.87
24360,0.836,1.025,9.894,-0.0008,0.4130,0.0854,6.12,-0.16,111.99
24370,0.908,0.869,9.582,-0.1066,-0.4641,0.0244,5.48,0.06,111.75
24380,1.088,0.624,9.699,0.6541,0.1994,-0.0138,5.97,-0.69,112.02
24391,1.450,1.231,9.886,0.4458,0.6823,-0.0015,6.26,0.26,111.91
24401,1.407,0.802,10.135,1.0399,-0.7902,-0.0738,6.46,0.05,112.06
24410,1.154,1.412,10.079,1.0943,0.0251,-0.0434,7.40,-0.61,111.94
24420,0.979,1.181,9.473,-0.0700,0.1846,0.0075,7.71,0.06,111.92
24431,1.361,1.848,9.490,-0.0014,-0.0671,-0.0050,7.35,-0.40,112.02
24441,1.773,1.051,9.796,0.9019,0.6589,0.0400,7.71,-0.00,111.93
24450,1.533,0.875,9.613,0.5718,-0.1185,0.0101,8.39,0.38,111.95
24460,1.539,1.566,9.888,0.3412,-0.3327,-0.0005,8.38,-0.10,111.94
24470,1.130,1.534,9.384,0.4331,0.0460,-0.0385,8.81,0.01,111.97
24481,2.048,1.646,9.850,0.5557,-0.2912,-0.0397,8.90,-0.03,111.79
24490,1.274,1.432,9.410,0.6218,-0.4157,-0.0573,9.45,-0.30,112.00
24501,0.998,1.561,9.640,-0.4839,-0.1729,-0.0243,9.63,-0.47,111.93
24511,2.206,1.575,9.776,0.2981,0.4668,0.0439,8.89,-0.52,111.99
24520,1.535,2.166,9.528,0.5704,0.3832,0.0033,9.98,0.06,112.02
24530,1.363,1.247,9.851,-0.5071,-0.2061,-0.0077,9.54,-0.10,112.01
24541,1.583,1.252,9.610,0.4324,-0.1673,0.1015,9.43,-0.19,112.09
24551,1.055,1.821,9.769,0.1462,0.1829,-0.0574,10.02,-0.30,111.95
24561,1.321,1.624,9.915,-0.4355,0.0816,-0.0370,9.60,0.02,112.04
24570,1.267,1.536,9.572,0.1683,-0.0143,0.0793,9.55,-0.23,111.98
24580,1.590,1.502,9.884,0.6867,0.0337,-0.0312,9.83,0.00,111.97
24591,1.570,2.092,9.792,-0.3819,0.3696,-0.0478,10.34,-0.19,111.98
24600,1.167,1.713,9.583,-0.7176,0.0366,-0.0226,9.35,0.38,111.89
24610,1.133,1.786,9.601,-0.0490,-0.6717,0.0108,9.54,-0.12,111.81
24620,1.720,1.204,9.523,-0.1770,0.0477,0.0851,9.28,-0.36,112.16
24630,1.475,1.551,9.616,0.2512,0.0016,0.0836,9.34,-0.02,112.05
24640,1.055,1.976,9.806,-0.2623,-0.0183,-0.0364,9.55,-0.36,111.96
24651,1.012,1.550,9.726,-0.1182,-0.0463,0.0651,9.07,-0.05,111.95
24661,0.864,1.776,9.660,0.1189,0.0386,-0.0140,9.42,-0.45,112.00
24681,0.558,1.591,9.865,0.1687,-0.2387,-0.0434,9.20,-0.13,111.97
24690,1.135,1.205,9.959,-0.7785,0.0213,-0.0667,9.36,-0.29,112.12
24700,0.925,1.959,9.502,-1.0153,0.6311,-0.0653,8.27,-0.13,112.06
24711,0.794,1.253,9.745,-0.3303,-0.3330,-0.0543,8.19,0.44,112.07
24721,0.816,1.541,9.432,-0.4497,-0.6675,-0.0605,7.90,-0.52,111.98
24730,0.774,1.652,9.541,-0.2465,0.0897,0.0464,7.68,-0.32,111.99
24740,0.652,1.414,9.540,-0.2051,0.5068,0.0637,7.66,-0.41,111.97
24751,0.937,1.068,10.230,-0.7764,-0.2270,-0.0062,7.42,0.26,112.00
24761,0.778,0.923,10.318,-0.3706,-2.1683,0.1025,6.78,-0.69,111.85
24770,0.791,1.592,10.135,-0.5140,-2.1023,0.0372,7.01,-2.18,111.96
24781,0.762,1.206,10.769,-0.9573,-2.6404,-0.0252,6.19,-3.11,112.09
24791,0.679,0.835,11.066,-0.7901,-2.5236,0.0725,5.89,-5.18,111.93
24800,1.048,0.860,11.837,-0.4125,-2.4797,0.0432,5.29,-6.02,112.01
24810,1.024,0.437,12.030,-0.2017,-2.8962,-0.0477,5.39,-8.05,112.02
24821,1.293,0.669,12.654,-0.8805,-2.2990,0.0147,5.03,-9.35,112.04
24830,1.649,0.292,13.430,-1.4184,-2.5443,0.0572,4.42,-10.70,111.93
24840,1.841,0.243,13.614,-0.7441,-2.7728,0.0221,3.37,-12.30,111.95
24850,2.542,0.604,13.947,0.0161,-3.4027,0.0140,3.53,-13.89,111.98
24861,2.286,0.490,14.325,-0.8013,-2.6183,-0.1396,3.37,-16.18,111.82
24870,1.998,0.459,14.134,-0.8980,-2.0621,0.0031,2.64,-16.91,111.96
24881,2.507,0.539,14.600,-0.4631,-2.4869,-0.0194,2.31,-18.54,111.99
24890,2.437,-0.003,14.048,-1.1873,-2.3550,-0.0188,2.06,-19.73,112.01
24901,2.779,0.084,13.397,-0.6887,-3.3909,0.0156,0.92,-21.22,111.91
24911,3.373,0.702,13.052,-0.7651,-3.1498,-0.0145,1.27,-23.60,111.92
24921,3.285,0.045,12.022,-0.9705,-2.0030,-0.1012,0.02,-24.78,111.96
24931,3.746,0.045,11.750,0.1395,-1.9703,-0.0463,0.17,-25.92,111.94
24940,3.256,-0.145,10.707,-0.2897,-2.9399,0.0461,0.17,-27.00,111.95
24950,3.938,-0.434,10.342,-0.0168,-2.3043,-0.0692,-0.15,-29.27,111.83
24960,4.380,0.261,10.095,0.2546,0.3440,-0.0076,0.14,-29.63,111.96
24970,3.825,0.206,9.986,-0.2628,2.0549,-0.0226,0.15,-28.87,112.03
24980,3.259,-0.252,9.860,-0.2691,2.3723,0.0410,-0.16,-27.29,112.01
24991,2.859,0.265,10.414,0.3488,2.0959,-0.0553,-0.13,-26.12,111.86
25001,3.136,-0.233,10.501,0.1960,1.9373,-0.0221,0.24,-24.89,111.99
25011,2.853,0.240,10.437,-0.0412,2.1717,-0.0212,0.09,-23.86,111.89
25021,2.516,-0.016,10.846,0.0269,1.9575,0.0056,0.18,-22.39,111.97
25030,1.651,0.122,10.660,-0.3000,2.3081,0.0886,0.12,-21.58,111.85
25040,2.130,0.070,11.142,-0.3663,2.5504,0.0085,-0.17,-19.77,111.92
25051,1.705,-0.132,11.237,-0.1163,2.0456,-0.0040,-0.32,-18.66,111.92
25061,1.728,0.034,11.739,-0.0945,1.8349,0.0128,-0.31,-17.42,111.91
25070,1.316,0.357,10.985,-0.2470,1.5725,0.0742,-0.40,-16.54,112.01
25080,1.676,0.398,11.117,0.1622,1.6172,-0.0441,-0.60,-15.60,111.97
25091,0.984,0.321,11.554,0.2862,2.1114,0.0404,-0.18,-14.70,111.96
25100,0.814,-0.173,11.291,0.1598,2.0910,0.0747,-0.27,-13.17,111.98
25110,0.338,-0.001,11.066,0.1636,1.8603,0.0686,0.02,-12.33,111.94
25120,0.694,0.144,11.089,0.0852,3.0191,-0.0261,-0.07,-11.05,111.94
25130,-0.013,0.002,10.638,0.3411,2.3627,-0.0586,0.11,-8.87,112.04
25140,0.284,0.438,10.857,-0.3366,1.2984,0.0801,0.34,-8.36,111.87
25151,-0.152,0.213,10.668,-0.3331,1.9855,-0.0207,-0.29,-7.33,112.11
25160,-0.210,-0.376,9.577,0.2186,1.9098,-0.0406,-0.08,-6.10,112.01
25171,-0.507,-0.152,9.960,-0.1763,2.0589,0.0003,-0.11,-5.16,111.93
25181,-0.855,-0.005,9.693,-0.2015,1.8787,-0.0047,-0.26,-3.74,111.95
25191,-0.467,-0.034,9.925,0.2347,1.0128,0.0457,-0.36,-3.07,111.97
25200,-1.100,0.300,8.958,0.3785,1.5909,-0.0190,0.02,-2.56,112.00
25211,-1.373,0.280,9.098,-0.1043,1.9838,-0.0502,0.08,-1.28,111.80
25221,-1.653,-0.154,8.536,0.0935,1.5055,0.0466,-0.08,-0.30,111.90
25231,-1.228,0.617,8.650,0.1608,1.1176,-0.0381,0.17,0.45,111.88
25240,-1.468,0.161,8.444,0.1116,1.3783,-0.0386,0.09,0.98,112.05
25251,-1.577,0.570,7.964,-0.1113,1.8146,0.0139,0.30,2.02,111.98
25260,-1.390,-0.089,7.784,-0.2037,1.5943,0.0449,0.01,3.03,111.96
25271,-1.207,0.084,8.176,0.2866,1.2452,-0.0115,0.05,3.87,112.01
25280,-1.356,-0.089,7.948,-0.1908,1.5015,0.0318,0.34,4.47,111.94
25290,-1.968,-0.419,7.980,-0.1679,1.3184,-0.0530,-0.13,5.58,112.04
25300,-1.844,0.392,7.884,0.3718,1.4619,-0.0390,0.14,5.96,112.00
25311,-1.842,0.258,7.394,0.1267,1.4885,-0.0405,0.30,7.24,111.95
25320,-2.056,-0.023,8.029,-0.0684,1.5001,-0.0279,0.27,7.68,111.96
25330,-1.919,0.310,7.893,-0.0686,2.2433,0.0044,0.25,8.92,111.98
25341,-2.232,-0.029,7.793,-0.3071,1.2176,-0.0772,0.19,10.26,112.04
25351,-2.070,-0.422,8.252,0.0946,1.3203,-0.0906,-0.08,10.33,111.99
25360,-2.243,0.673,8.155,-0.0741,1.1522,0.0136,0.30,11.80,112.08
25371,-1.934,0.145,8.747,-0.3443,1.1451,0.0533,-0.15,11.62,111.83
25380,-1.877,-0.475,8.970,0.0462,1.9583,-0.0175,-0.13,13.13,112.02
25390,-2.101,-0.179,9.211,0.2659,1.4902,-0.0516,-0.06,13.84,111.82
25400,-2.479,-0.220,9.477,0.7073,0.4045,0.0402,0.16,14.80,111.97
25411,-2.530,-0.081,23.407,0.7809,-1.3928,-0.0273,0.75,14.29,111.98
25420,-1.886,0.268,20.311,0.5726,-2.5033,-0.0614,1.05,13.23,111.97
25430,-1.614,0.084,15.892,0.4819,-2.6536,-0.0063,1.43,11.42,111.94
25441,-0.747,-0.002,11.845,0.3667,-2.1303,-0.0546,1.64,10.17,111.82
25451,-1.144,0.370,10.981,0.2643,-2.7575,0.0155,1.86,8.99,111.97
25461,-0.657,0.300,10.029,0.4272,-2.5939,0.0386,1.93,7.02,112.05
25471,-0.221,0.416,10.138,0.9288,-2.1088,-0.0574,2.39,6.03,112.06
25480,0.336,0.576,9.660,1.2260,-2.6066,-0.0578,2.98,4.63,111.86
25491,0.287,0.645,9.421,0.7498,-2.1332,-0.1022,3.81,3.04,112.15
25500,0.722,0.765,10.032,0.2704,-2.4299,0.0852,3.83,2.16,111.91
25510,0.744,0.179,9.344,0.5823,-1.7343,0.0049,4.11,0.25,111.83
25521,0.583,0.517,10.046,0.1657,-0.1533,-0.0653,4.52,0.18,111.85
25531,1.145,0.681,9.388,0.2471,-0.1439,0.0194,4.27,0.06,111.89
25541,1.176,0.706,9.454,1.0459,-0.2294,0.0345,4.79,0.03,112.00
25551,1.271,1.142,9.666,0.9728,-0.0320,-0.0862,5.45,-0.22,111.92
25560,1.176,0.932,9.978,0.2315,0.2821,0.0673,5.90,0.04,111.89
25570,0.852,0.881,9.469,0.3747,0.1094,0.0150,5.70,0.10,111.97
25581,0.920,0.931,9.573,0.1325,-0.3205,-0.0003,6.32,0.15,112.04
25591,1.156,0.946,10.017,0.3917,-0.0966,-0.0783,5.84,-0.28,112.17
25600,0.939,1.732,9.751,1.2990,0.6490,-0.0378,6.80,0.05,111.93
25611,0.981,1.232,10.205,0.2021,0.3701,-0.0438,7.31,0.46,112.02
25621,0.863,0.820,9.504,-0.1274,-0.4381,-0.0005,7.04,0.46,111.98
25631,1.319,1.553,9.604,1.0890,-0.3444,0.0642,7.11,-0.08,111.87
25640,1.696,1.432,10.101,0.4624,0.0608,0.0378,8.28,0.07,112.02
25651,1.673,1.041,9.258,-0.0064,-0.1717,0.0093,7.66,-0.02,111.90
25661,1.391,1.143,9.605,0.1041,-0.2553,-0.0770,8.21,-0.13,112.03
25670,1.564,1.254,9.141,-0.4739,0.2529,0.0044,7.73,-0.31,111.86
25681,1.466,1.212,9.601,-0.0377,0.8092,-0.0382,7.69,0.15,111.92
25690,1.094,0.937,9.134,0.6645,0.1751,-0.0220,7.68,0.61,111.95
25701,1.162,1.011,9.545,0.1006,-0.5658,0.0611,8.52,0.36,111.93
25711,1.463,1.532,9.968,-0.7039,-0.2402,0.0159,7.79,-0.03,112.04
25720,1.810,1.464,9.796,0.3588,-0.1043,0.0292,7.73,0.11,112.08
25731,1.428,0.983,9.538,0.4522,-0.9622,-0.0594,8.17,-0.14,112.02
25740,1.358,1.513,9.775,0.0823,-0.0568,-0.0028,8.25,-1.01,112.01
25750,1.501,1.059,9.422,-0.2547,1.1115,0.0368,8.27,-0.22,111.90
25760,1.296,1.702,9.502,-0.2243,0.5314,-0.0552,7.96,0.26,111.95
25771,1.504,1.603,9.953,0.2660,-0.5919,-0.0092,8.04,0.41,111.93
25780,1.333,1.503,9.472,-0.4436,-0.1542,0.0760,8.24,-0.42,111.89
25790,1.076,1.666,9.470,-0.1497,0.4002,0.0613,7.56,0.24,111.97
25800,1.420,1.283,9.476,0.4729,-0.1543,0.0457,8.07,0.01,111.89
25811,0.923,1.217,9.686,0.0988,-0.3381,-0.0865,8.10,0.02,112.01
25820,0.813,1.269,9.990,-0.2769,-0.5621,-0.0155,8.20,-0.32,112.00
25830,1.223,0.989,9.511,-0.3421,-0.2584,-0.0220,7.77,-0.61,111.94
25841,0.979,1.641,9.968,-0.3602,0.4480,0.0001,7.81,-0.60,111.93
25851,1.116,1.455,9.506,-0.2671,0.3731,0.0277,7.37,-0.05,112.07
25861,0.526,0.717,9.646,-0.3973,0.2950,-0.0364,7.53,-0.18,111.85
25870,0.768,1.366,9.563,-0.2744,0.4086,-0.0182,6.90,0.25,111.90
25881,0.361,1.620,9.728,-0.3141,-0.3292,-0.0143,7.26,0.26,111.87
25891,0.331,1.328,9.647,-1.1438,-0.0584,0.1525,6.57,-0.14,112.05
25900,0.343,1.141,10.653,-0.5567,-0.1057,-0.0294,5.96,0.15,112.04
25910,0.382,1.104,10.189,-0.8234,-1.3553,0.0048,5.91,-0.28,111.99
25921,0.711,0.600,10.430,-0.2412,-2.9715,-0.0400,5.05,-1.44,111.90
25931,1.225,0.993,10.699,-0.1594,-3.3674,0.0105,5.64,-3.68,111.96
25941,1.191,0.894,10.389,-0.5229,-2.2542,0.0543,4.88,-5.34,111.93
25951,0.743,0.554,11.651,0.0935,-2.4016,0.0638,5.01,-6.23,112.01
25960,1.532,0.951,11.201,-0.9483,-3.3953,-0.0394,4.98,-8.13,112.07
25971,1.713,0.834,12.378,-1.1609,-3.3638,0.0136,3.98,-10.12,111.96
25980,1.909,0.425,13.048,-0.6380,-2.5706,-0.0585,3.64,-11.94,111.89
25990,1.963,0.564,13.058,-0.5133,-2.2072,0.0254,3.23,-13.05,112.01
26001,2.479,0.495,13.488,-0.0270,-2.5614,0.0221,3.02,-14.44,112.13
26010,2.754,0.667,13.511,-0.4262,-2.5313,0.0669,3.20,-16.03,111.94
26021,2.421,0.071,14.112,-1.1794,-3.0420,0.0662,2.55,-17.35,112.07
26030,2.832,0.149,13.575,-0.7257,-3.1560,-0.0818,1.86,-19.52,111.94
26040,2.657,0.064,13.568,-1.2502,-2.4180,0.0814,1.72,-20.96,111.95
26061,3.254,0.363,12.402,-0.8913,-2.9978,-0.0480,0.66,-24.08,111.98
26071,3.622,-0.240,11.651,-0.2992,-2.4144,0.0244,-0.61,-25.72,112.13
26081,3.349,-0.472,11.196,-0.0270,-2.8021,-0.0322,0.34,-26.82,111.98
26091,3.593,-0.607,10.118,-0.1530,-3.1140,-0.0286,-0.65,-28.94,111.93
26101,3.550,0.091,9.680,0.3287,0.5238,0.0268,0.16,-30.41,111.97
26110,3.410,0.264,9.579,0.5119,2.6416,-0.0415,-0.27,-28.35,111.99
26121,3.343,0.282,9.880,-0.0591,1.8903,0.0174,0.77,-27.38,112.12
26131,3.173,-0.292,10.551,-0.7691,1.9376,-0.0294,-0.38,-26.18,111.84
26141,2.965,0.082,10.148,0.7393,2.0594,0.0085,-0.10,-25.18,112.00
26150,2.782,-0.017,10.693,0.2296,2.3463,0.0361,0.51,-23.80,112.01
26160,2.405,-0.238,10.695,-0.3902,2.6440,0.0626,0.13,-22.53,111.86
26171,2.525,-0.037,11.033,-0.2163,2.5803,-0.1041,0.06,-20.76,112.04
26180,1.951,0.074,10.931,-0.0276,2.2611,0.1052,-0.07,-19.61,112.06
26191,1.731,-0.157,11.330,-0.1603,1.8766,0.0082,0.03,-18.18,112.04
26200,1.062,0.325,11.291,-0.0461,1.6982,-0.0769,-0.22,-17.47,111.81
26210,1.415,-0.301,11.392,0.1582,2.2582,-0.0608,-0.05,-16.22,112.01
26221,0.926,0.189,11.491,0.2599,1.9229,0.0544,-0.01,-14.89,111.93
26230,0.953,-0.023,11.469,0.0316,2.3698,-0.1581,0.22,-14.01,111.97
26241,0.737,0.153,10.988,0.0186,2.0136,-0.0105,0.02,-12.16,112.03
26250,0.102,0.420,11.060,-0.4192,1.4552,-0.0150,0.25,-11.70,111.99
26261,0.103,-0.102,10.908,0.1199,2.3315,0.0240,-0.45,-10.46,112.00
26270,-0.204,0.144,11.201,0.5130,2.0020,0.0101,0.42,-8.99,112.02
26281,-0.136,0.290,10.533,0.0226,2.0954,0.0630,0.14,-8.13,111.91
26290,-0.686,-0.008,10.062,-0.0085,3.1032,-0.0371,0.49,-6.59,112.14
26301,-0.600,-0.293,10.351,-0.4356,1.6863,0.0301,0.16,-4.58,111.96
26310,-0.273,0.144,9.707,-0.1088,1.2426,-0.0341,-0.03,-4.62,112.06
26320,-0.894,0.689,9.253,-0.2896,2.3730,0.0049,0.04,-3.14,112.11
26331,-0.696,0.262,9.413,-0.1265,1.4760,-0.0030,-0.35,-1.92,112.03
26341,-0.676,0.180,9.181,0.3109,1.2172,-0.0457,-0.07,-1.44,111.97
26350,-1.448,-0.485,8.605,0.1279,1.6706,0.0590,0.06,-0.52,112.00
26360,-1.473,0.031,8.901,-0.4961,1.5949,-0.0051,0.04,0.44,112.05
26370,-1.384,-0.579,8.207,0.0772,1.3467,0.0092,-0.49,1.32,112.13
26380,-1.818,0.024,8.308,0.1795,1.7001,0.0403,0.15,1.97,112.01
26390,-1.069,0.441,7.652,-0.1797,1.7002,0.0189,-0.30,3.28,112.02
26400,-1.544,0.051,7.641,0.4946,1.1423,0.0807,-0.06,3.92,112.09
26410,-2.082,0.503,7.949,-0.1046,1.3452,-0.0164,0.26,4.62,112.02
26420,-1.536,-0.250,8.398,-0.2656,1.7575,0.0023,-0.21,5.46,111.98
26430,-1.674,-0.240,7.199,0.0514,1.2995,-0.0218,-0.04,6.64,111.93
26441,-1.508,-0.337,7.947,0.1522,1.6257,0.0211,-0.13,6.96,112.08
26450,-1.836,-0.183,8.302,-0.2017,2.0857,-0.0808,0.16,8.52,111.99
26461,-2.256,0.073,7.578,-0.5667,1.5282,-0.0374,-0.35,9.32,112.09
26470,-1.709,-0.578,8.525,-0.2239,0.8728,0.0052,-0.47,10.27,112.12
26481,-2.494,-0.011,8.147,0.9422,1.5922,0.0028,-0.62,10.35,111.90
26491,-2.355,0.257,8.548,0.6847,2.5449,0.0112,0.65,12.10,111.97
26501,-1.995,0.168,8.836,-0.1439,1.5159,0.0063,0.20,13.27,112.07
26511,-2.425,0.573,8.890,-0.2845,1.2525,0.0014,0.49,13.84,111.97
26520,-2.424,0.020,9.470,0.0974,0.2819,-0.0371,-0.11,14.70,112.14
26531,-2.068,-0.203,24.460,0.6053,-1.4865,-0.0537,0.58,14.10,112.00
26541,-2.009,0.541,21.216,0.1554,-2.6392,0.0549,0.56,12.98,112.12
26551,-1.579,-0.244,16.997,1.1086,-2.2907,-0.0798,0.77,11.07,112.04
26561,-1.148,0.148,13.143,1.0526,-1.4952,0.0260,1.86,10.32,111.96
26570,-0.892,0.655,10.612,0.6100,-2.4603,-0.0202,1.96,9.37,111.92
26581,-1.063,0.015,9.616,0.9374,-2.8718,-0.0509,2.57,7.52,112.01
26591,-0.360,0.650,9.736,0.8816,-2.7112,-0.0273,3.05,6.09,112.09
26600,0.237,0.540,9.800,0.5829,-2.4318,-0.0991,3.53,4.41,111.97
26611,0.380,0.931,9.605,0.0053,-2.6549,0.0469,3.71,3.36,112.15
26620,0.721,0.257,9.854,0.4846,-2.5211,-0.0494,3.50,1.36,111.89
26631,1.349,0.605,9.867,1.4035,-0.9375,0.0616,4.24,0.49,112.11
26641,0.828,0.900,9.392,1.4636,-0.7734,0.0258,5.16,0.26,111.95
26650,0.871,1.151,10.065,0.4865,-0.3007,0.0001,5.96,-0.38,112.15
26660,0.650,1.054,9.546,0.5115,0.8104,0.0120,5.74,-0.10,111.93
26670,1.055,1.004,9.469,0.0151,0.1494,-0.0440,6.52,0.54,111.94
26680,0.894,1.195,9.888,0.6134,0.1226,0.0637,5.74,0.07,111.89
26690,0.868,0.999,9.925,0.8708,-0.1562,-0.0382,7.23,0.66,111.96
26700,2.201,1.308,9.705,-0.1648,-0.8390,-0.0416,6.75,-0.11,111.86
26710,1.207,0.983,9.532,0.7406,-0.1181,0.1069,7.09,-0.31,112.13
26721,1.624,1.211,9.472,0.8335,0.2154,-0.0252,7.59,-0.25,111.93
26731,1.512,1.421,9.324,0.2183,0.3085,0.0337,8.03,-0.11,112.07
26741,1.459,1.283,10.336,0.5703,0.0093,-0.0239,7.83,0.09,112.14
26750,1.343,1.586,9.922,0.2979,-0.1094,0.0743,8.72,-0.08,112.09
26760,1.927,1.329,9.723,0.1106,0.0587,-0.0070,8.20,0.01,112.05
26770,1.354,1.371,9.834,0.4866,0.2542,-0.0046,8.87,-0.00,112.15
26780,1.319,1.463,10.013,0.2839,0.1767,-0.0452,8.73,0.28,111.98
26791,2.108,1.593,9.584,-0.0434,0.2239,-0.0821,9.21,0.20,112.19
26800,1.296,1.718,9.589,-0.0967,-0.1145,0.0624,8.68,0.53,112.05
26811,1.554,1.384,9.473,0.3781,-0.0961,-0.0115,9.10,0.04,111.94
26821,1.348,1.622,9.569,0.6138,-0.4452,0.0197,9.11,0.40,111.89
26830,1.369,1.806,9.945,-0.1722,-0.2844,-0.0182,9.82,-0.47,112.03
26841,1.571,1.591,9.498,0.2939,0.4778,0.0204,8.93,0.10,111.91
26850,1.684,1.609,9.641,0.4865,-0.1102,-0.0618,10.14,0.09,111.97
26860,1.563,1.599,9.816,-0.4196,-0.2056,0.0355,9.48,-0.00,111.95
26871,1.412,1.648,10.165,-0.5710,0.1101,-0.0110,9.67,-0.18,111.96
26880,1.120,1.529,10.075,-0.3351,0.2529,0.1131,8.81,0.13,111.90
26890,1.337,1.702,9.618,0.7654,-0.2000,0.0002,9.28,0.09,112.08
26900,1.499,1.955,9.815,0.4271,0.3091,0.0281,9.69,-0.14,111.97
26910,1.137,1.702,9.600,-0.7031,-0.0487,-0.0264,9.78,0.41,112.10
26920,0.948,1.541,9.621,-0.3204,-0.4044,0.0682,8.91,-0.15,111.96
26931,1.452,1.348,9.497,0.0192,-0.1129,0.0542,9.41,-0.05,112.06
26940,1.053,1.134,10.047,-0.4003,0.1100,0.0876,8.96,-0.27,111.98
26950,0.911,1.778,9.822,-0.4700,0.4507,-0.0132,8.91,0.06,112.02
26960,1.132,1.549,10.047,-0.1068,0.1259,-0.0295,8.45,0.19,112.02
26970,0.761,1.525,9.864,-0.7691,-0.1167,-0.0659,8.75,0.21,111.86
26980,1.031,1.694,10.110,-0.6617,-0.0556,-0.0260,7.54,0.08,112.08
26990,1.106,1.458,9.686,0.3508,-0.0814,0.0031,7.99,0.14,111.93
27001,0.932,1.596,10.536,-0.4765,-0.2407,-0.0159,7.98,-0.04,112.03
27010,0.854,1.083,10.013,-1.0017,-0.0111,0.0028,7.46,-0.14,111.87
27021,0.408,0.781,10.119,-0.6067,-0.9020,0.0113,6.84,-0.07,111.91
27031,0.938,1.521,10.371,-0.4968,-2.3290,-0.0069,6.75,-1.18,112.16
27041,0.946,1.240,10.386,-0.8012,-2.6297,0.0029,6.34,-2.76,112.03
27051,0.810,1.120,10.866,-0.3966,-2.7778,-0.1867,5.83,-4.20,112.01
27061,1.321,0.718,11.140,-0.2019,-3.1685,-0.0287,5.86,-5.91,111.93
27070,1.279,0.704,11.862,-1.2941,-2.5957,-0.0629,5.57,-7.83,111.86
27081,1.518,1.009,11.740,-0.5669,-2.3030,-0.0065,4.37,-8.89,112.00
27091,1.491,0.985,12.414,-0.3653,-2.9371,0.0033,4.93,-10.47,111.98
27101,1.704,0.829,13.293,-1.2393,-2.6481,0.0104,3.98,-12.24,111.92
27110,2.089,0.776,13.566,-0.4808,-2.7717,-0.0299,3.49,-13.50,112.02
27121,2.327,0.608,13.805,-0.8883,-3.1565,0.0595,3.40,-15.40,111.80
27130,2.050,0.542,14.251,-0.8839,-2.6170,0.0178,2.46,-17.15,111.99
27141,2.662,0.715,14.259,-0.6498,-2.2449,-0.0297,2.39,-18.42,111.92
27150,2.573,0.045,14.330,-0.9418,-2.6122,0.1047,1.70,-19.71,112.07
27160,2.509,0.431,13.008,-0.6217,-2.7883,-0.0019,1.34,-21.35,111.89
27170,3.402,0.523,13.199,-0.8068,-3.3339,0.0486,1.02,-22.92,111.85
27180,3.197,-0.082,12.000,-0.9742,-3.0106,0.0799,0.45,-25.17,112.03
27190,3.531,0.100,11.171,-0.0649,-2.8947,-0.0676,-0.10,-26.39,112.05
27201,3.737,0.178,10.674,0.2123,-3.3302,-0.0244,0.36,-28.51,112.07
27210,3.990,0.044,9.394,-0.1956,-0.0655,-0.0215,0.17,-30.20,111.94
27220,4.000,0.278,9.766,0.0822,1.9280,0.0281,0.15,-28.57,111.87
27230,3.375,0.169,9.871,-0.6798,2.0276,-0.0061,0.27,-27.99,112.03
27240,3.271,0.064,9.699,0.0028,2.2487,0.0519,-0.63,-26.29,111.98
27251,2.817,0.485,10.211,1.1701,1.8446,-0.0073,0.27,-25.40,111.98
27261,2.349,0.625,10.861,-0.5327,2.1035,-0.0414,0.69,-24.17,111.77
27270,2.869,-0.119,10.563,0.0432,2.7148,-0.0537,-0.31,-22.98,111.91
27281,2.069,0.591,11.134,-0.1874,2.0341,0.0442,0.76,-21.08,111.93
27291,2.524,-0.536,10.888,-0.8680,1.8414,-0.0090,-0.54,-20.65,112.02
27300,1.607,-0.003,11.296,0.6418,2.2664,-0.0044,-0.21,-19.00,112.07
27311,1.346,-0.332,11.420,0.0157,1.8361,0.0730,0.20,-18.03,112.01
27321,1.521,-0.328,11.281,-0.4306,3.0813,0.0173,-0.18,-16.90,111.94
27331,1.066,0.219,11.574,0.2292,2.4161,-0.0631,-0.27,-14.55,112.06
27341,0.929,-0.293,11.116,0.3129,1.6619,-0.0024,0.05,-14.09,111.86
27350,0.741,-0.273,11.221,0.1852,2.0522,-0.0140,0.13,-12.68,111.91
27361,0.328,0.334,10.992,-0.2082,1.8258,-0.0167,0.26,-11.73,111.97
27370,-0.240,-0.183,10.997,-0.7941,2.6294,0.0038,-0.08,-10.58,111.93
27381,0.192,-0.412,10.982,0.2377,2.3303,-0.0526,-0.61,-8.72,112.03
27391,-0.408,-0.563,10.810,0.8932,1.9891,-0.0430,0.17,-7.90,112.01
27401,-0.686,0.144,10.100,-0.2697,2.6506,-0.0156,0.39,-6.43,112.05
27411,-0.919,-0.412,9.807,-0.1561,1.7705,0.0570,-0.14,-4.90,112.00
27420,-0.577,-0.284,9.990,-0.2706,1.3757,0.0457,0.24,-4.38,112.03
27430,-0.669,-0.221,9.931,-0.4186,1.6002,0.0257,-0.41,-3.36,111.85
27441,-1.035,-0.025,9.010,0.0013,1.6328,-0.0849,-0.22,-2.59,111.90
27450,-1.237,0.038,8.847,0.1832,1.6105,0.0391,-0.36,-1.47,111.88
27460,-0.947,0.173,9.041,-0.0030,1.5669,0.0509,0.03,-0.72,111.96
27470,-1.523,0.099,8.696,0.4475,1.2560,0.0474,-0.35,0.32,112.08
27481,-1.478,-0.400,8.307,0.4583,1.3892,-0.0069,0.50,0.71,111.97
27491,-1.438,0.358,8.368,-0.4303,1.7374,0.0108,0.15,1.92,111.99
27500,-1.339,-0.217,7.883,0.0698,1.6205,0.0152,0.01,2.69,112.13
27510,-1.634,0.247,8.188,0.3257,1.4618,0.0116,0.21,3.80,111.98
27520,-1.380,-0.004,7.824,-0.0860,1.7717,0.0084,0.38,4.36,112.05
27530,-1.929,0.171,8.017,-0.5416,1.7715,0.0426,0.12,5.82,112.19
27540,-1.946,0.334,7.755,-0.0865,2.1773,0.0172,-0.25,6.40,111.86
27551,-1.901,-0.272,7.934,0.1403,1.7702,-0.0745,0.03,8.34,111.99
27560,-2.259,-0.301,7.649,0.1488,0.8493,0.0625,-0.13,8.39,111.93
27570,-1.887,-0.069,7.596,0.0255,1.8046,-0.0064,0.16,9.28,112.03
27580,-2.146,0.510,7.913,-0.1477,1.6639,-0.0350,-0.12,10.47,112.04
27590,-2.224,-0.125,8.540,0.3823,1.3879,-0.0575,0.02,11.20,111.94
27601,-2.206,0.185,8.855,-0.2379,1.4657,0.0190,0.32,12.05,112.03
27610,-2.542,-0.173,8.724,-0.3388,1.9947,0.0273,-0.24,12.84,112.17
27621,-2.689,-0.228,8.971,0.1574,1.3478,0.0351,-0.04,14.31,112.07
27631,-2.823,-0.156,9.001,0.1817,-0.4353,-0.0361,-0.07,14.44,111.83
27640,-2.142,-0.218,24.535,1.4681,-1.4019,-0.0000,0.15,13.77,111.85
27650,-2.590,0.250,20.562,1.3197,-1.8375,0.0352,1.59,12.84,112.00
27660,-1.513,0.132,16.015,-0.0307,-2.5022,0.0651,1.66,11.65,111.91
27670,-0.737,0.782,12.657,0.3526,-2.4113,-0.0451,1.60,9.95,112.02
27680,-0.905,0.515,10.713,1.0959,-2.2500,0.0484,2.09,8.87,112.04
27690,-0.712,0.698,9.990,1.3421,-2.6938,0.0348,2.86,7.34,111.85
27700,-0.303,1.006,9.841,0.6816,-2.1102,0.0221,3.61,5.77,112.04
27711,-0.332,0.794,9.541,0.6826,-1.7496,-0.1069,3.66,4.95,111.95
27721,-0.069,0.683,9.898,0.3594,-2.2679,0.0199,4.41,3.78,112.01
27730,0.441,0.564,9.471,0.6682,-2.8086,0.0218,4.08,2.35,112.01
27741,0.696,0.511,9.486,1.5511,-2.0317,0.0172,5.16,0.57,111.97
27750,0.835,0.995,10.045,0.6920,-0.4832,-0.0160,5.87,0.00,111.91
27761,1.384,1.169,9.806,0.2162,-0.1016,0.0457,5.94,-0.00,112.01
27770,1.427,1.197,10.121,0.9593,-0.3049,-0.0414,6.10,-0.11,111.96
27780,0.972,1.062,9.789,0.6060,0.3009,-0.0721,7.02,-0.32,111.99
27790,1.124,1.406,9.750,0.3065,0.1311,-0.0584,6.76,0.25,112.16
27801,1.949,1.203,9.986,1.0234,-0.0487,-0.0022,7.34,-0.19,111.94
27811,0.796,1.239,9.601,0.4594,-0.3157,-0.0076,7.95,0.22,112.00
27821,1.374,1.507,9.079,1.0618,-0.0288,0.0846,7.82,-0.53,111.85
27830,1.586,1.615,9.821,0.6980,0.7331,-0.0221,9.20,0.19,112.08
27841,1.758,1.497,9.494,-0.7274,-0.2970,0.0423,8.65,0.29,111.98
27850,1.571,1.614,9.740,0.7712,-0.2179,-0.0055,8.38,-0.11,111.90
27861,1.222,1.628,9.784,1.0293,-0.2580,0.0103,9.57,0.05,111.91
27870,1.178,1.640,9.692,0.0726,0.1327,0.0599,9.58,-0.32,111.93
27880,1.460,1.339,9.977,0.3985,0.3750,-0.0575,9.68,0.17,112.07
27891,1.213,1.780,9.492,0.4912,0.0064,0.0489,10.04,0.08,111.83
27900,0.897,1.778,9.451,0.1504,0.2576,-0.0024,10.26,0.23,112.07
27910,1.893,1.551,9.472,0.2718,-0.4345,-0.0081,10.19,0.41,111.88
27920,1.266,2.018,9.563,0.3474,-0.1819,0.0728,10.56,-0.29,112.02
27930,0.938,1.996,9.401,0.2496,-0.0002,0.0485,10.58,0.21,112.12
27941,1.995,2.127,9.824,-0.0982,-0.6615,-0.0263,10.84,-0.33,111.95
27951,1.376,2.044,9.259,-0.2467,0.0557,-0.0181,10.48,-0.58,112.02
27960,1.240,1.822,9.795,0.3543,0.1530,-0.0592,10.55,-0.30,111.94
27970,1.702,1.907,9.520,0.3202,0.3456,-0.0933,10.88,-0.40,112.06
27980,1.341,2.253,9.362,-0.2226,0.8414,0.0362,10.90,0.13,111.90
27990,0.901,1.759,10.121,-0.2081,-0.0913,0.0545,10.66,0.58,111.86
28000,1.427,1.834,9.902,0.1409,-0.2445,-0.0177,10.65,0.03,111.96
28011,1.176,1.729,9.642,-0.3893,0.1949,0.0026,10.84,0.30,111.91
28021,1.150,1.529,10.194,-0.7420,-0.1521,0.0034,10.20,0.25,111.95
28031,1.435,1.994,9.154,0.2295,-0.0794,0.0620,9.98,0.14,111.98
28040,1.287,2.112,10.140,0.1709,0.3394,-0.0710,10.45,0.21,111.92
28051,0.741,1.989,9.628,-0.6950,-0.5062,0.0069,10.17,0.52,111.94
28061,1.150,1.601,9.927,-0.5313,-0.4481,0.0402,9.66,-0.38,111.95
28070,0.415,1.742,9.804,-0.4048,0.1206,0.0454,9.59,0.01,111.82
28081,1.048,1.285,9.781,-0.4725,-0.2602,0.0149,9.23,-0.26,111.93
28091,0.730,1.595,9.697,0.1458,0.3968,-0.0993,9.06,-0.30,111.99
28101,0.617,1.525,9.562,-0.3410,-0.0054,0.0016,9.35,0.22,111.94
28110,1.102,1.120,9.339,-1.1224,-0.0110,-0.0331,8.69,-0.30,112.00
28120,0.750,1.410,9.468,-0.4167,0.2731,-0.0647,8.05,0.24,111.88
28130,0.504,1.312,9.258,-0.1162,-0.0057,0.0831,8.23,0.01,111.98
28140,0.755,0.978,10.001,-0.7258,-0.3039,-0.0116,7.89,0.20,112.09
28150,0.609,1.815,10.380,-0.7778,-1.8166,0.0176,7.37,-0.36,112.02
28160,0.716,1.239,10.768,-0.5081,-2.9174,-0.0178,7.00,-1.87,111.92
28171,1.173,1.079,10.571,-0.4402,-2.9248,-0.0467,6.80,-3.71,111.94
28180,1.575,0.747,11.132,-0.7996,-2.5853,-0.0304,6.49,-5.20,111.83
28191,1.429,0.692,11.743,-1.0519,-2.7577,0.0254,5.82,-6.67,112.02
28201,1.001,0.817,11.941,-0.7436,-3.2413,0.0264,5.26,-8.35,112.03
28210,1.490,0.726,12.605,-0.3370,-2.8379,-0.0553,4.93,-10.40,112.00
28221,1.954,0.909,13.051,-0.4899,-1.9233,0.0162,4.86,-11.63,111.98
28231,1.636,0.832,13.498,-1.1473,-2.9677,-0.1173,4.34,-12.60,112.03
28240,2.296,0.851,13.672,-0.2704,-3.2196,-0.0363,3.53,-15.04,112.18
28251,2.339,1.072,13.886,-0.0426,-2.5302,0.0320,4.04,-16.30,111.93
28260,2.547,0.183,13.977,-1.8399,-2.9185,0.0392,3.47,-17.93,111.95
28270,2.919,-0.025,14.234,-1.2323,-2.6766,0.0588,1.92,-19.64,112.01
28281,2.951,0.005,13.509,-0.8266,-2.5748,0.0467,2.06,-21.00,112.01
28291,3.079,0.270,12.570,-1.1272,-2.9507,0.0556,0.97,-22.61,111.97
28300,3.800,0.309,11.756,-0.1955,-2.5082,-0.0338,0.79,-24.39,112.09
28310,3.508,0.102,11.583,-0.5039,-2.3659,-0.0166,0.75,-25.49,112.12
28320,3.136,0.076,10.626,-0.9903,-2.4595,0.0563,0.23,-27.05,111.93
28331,3.704,-0.344,10.648,-0.0550,-2.3068,-0.0297,-0.36,-28.29,112.12
28340,4.140,0.087,9.912,-0.2996,-0.4277,0.0326,0.16,-29.67,112.07
28351,3.496,-0.210,9.975,-0.5751,1.9428,-0.0211,-0.74,-28.81,111.98
28361,3.503,-0.262,10.158,0.6200,1.6652,0.0267,-0.48,-27.43,111.84
28371,3.033,0.195,9.880,0.1960,1.9027,0.1045,0.01,-26.88,112.00
28380,3.247,0.156,10.084,0.4126,2.5885,0.0180,-0.25,-25.27,112.04
28391,2.872,0.545,10.551,0.2701,2.3873,-0.0325,0.47,-23.89,111.97
28401,2.123,-0.078,11.157,-0.0619,1.8392,-0.0671,0.04,-22.53,112.04
28410,2.349,0.061,10.436,0.0064,2.4477,-0.0333,0.38,-21.81,111.99
28421,1.790,0.148,11.123,-0.2870,2.9745,-0.0161,0.04,-19.69,111.94
28431,1.670,-0.249,11.107,0.0189,2.3971,-0.0598,0.05,-18.39,112.06
28441,1.620,0.483,11.003,0.4714,1.8944,-0.0840,0.05,-16.91,112.02
28451,1.326,0.536,11.272,0.3545,1.6241,0.0990,0.59,-16.22,111.98
28460,1.219,0.123,11.781,-0.7587,2.1920,-0.0919,0.49,-15.07,112.02
28470,0.980,-0.186,11.240,-0.4746,2.3574,0.0036,-0.34,-13.66,111.99
28480,0.241,0.064,11.331,0.7581,1.5370,-0.0408,-0.08,-12.40,111.98
28490,0.445,0.174,11.437,-0.3268,1.5911,0.0732,0.51,-11.90,111.92
28501,0.250,-0.443,11.344,0.0470,2.1917,0.1100,-0.45,-10.56,111.85
28510,0.019,-0.044,10.789,0.5682,2.3371,0.0166,0.55,-9.38,111.97
28521,-0.130,0.026,10.913,-0.7472,2.7393,0.0185,0.19,-7.88,112.01
28530,-0.336,0.105,10.182,-0.7343,2.2506,0.0254,-0.31,-6.27,111.87
28541,-0.467,-0.374,10.041,0.3226,2.1027,0.0410,-0.67,-5.31,112.01
28550,-0.671,-0.126,10.141,1.0264,1.3953,0.0288,0.02,-3.88,112.03
28560,-0.909,-0.240,9.849,0.0325,0.8274,-0.0361,0.52,-3.72,112.08
28570,-0.926,0.049,9.404,-0.3063,1.6251,0.0384,0.07,-2.96,111.81
28580,-1.064,0.672,9.460,0.0503,1.7737,0.0588,0.17,-1.89,111.99
28590,-1.289,-0.016,8.708,-0.1928,1.1726,-0.0471,0.15,-0.92,112.06
28601,-1.084,0.173,8.539,-0.0115,1.5420,-0.0418,-0.07,-0.56,112.11
28611,-1.323,0.321,8.251,-0.1175,2.1412,0.0012,0.12,0.86,112.07
28620,-1.480,0.284,7.991,-0.2637,1.8704,0.0773,-0.19,1.91,111.86
28630,-1.825,0.011,8.166,-0.0905,1.3228,-0.0545,-0.17,3.00,111.98
28641,-1.685,0.323,7.636,0.0537,1.2197,0.0029,-0.28,3.39,111.81
28650,-1.755,0.096,8.134,0.1649,1.3814,0.0320,-0.11,4.42,112.00
28660,-1.664,0.327,7.820,0.1670,1.3298,-0.0700,-0.11,4.98,112.02
28670,-2.123,0.074,7.836,0.0286,1.6980,-0.0384,0.06,5.97,112.06
28681,-1.644,-0.142,7.676,-0.4528,1.3562,0.0332,-0.10,6.90,112.03
28690,-2.066,0.133,8.103,-0.1913,1.2893,-0.0454,-0.50,7.44,111.95
28700,-2.001,-0.266,7.836,0.3950,2.2273,0.0522,-0.33,8.39,112.03
28711,-2.064,-0.288,8.083,0.4178,2.4033,0.0044,-0.08,10.01,111.99
28721,-2.378,-0.264,8.142,0.0035,1.2926,-0.0069,0.16,11.13,111.94
28731,-2.564,0.053,8.482,-0.0355,1.0761,-0.0779,-0.09,11.51,111.98
28740,-2.026,0.073,9.044,-0.3336,1.0599,-0.0127,0.12,12.37,111.84
28750,-2.091,-0.472,9.157,0.2205,1.4548,-0.0647,-0.46,12.73,112.02
28761,-2.318,-0.128,9.360,0.2600,2.3688,-0.0145,0.36,14.02,111.97
28771,-2.509,0.492,9.194,-0.2208,-0.3451,-0.0736,-0.14,15.46,111.92
28780,-2.382,0.327,23.749,0.7675,-2.8975,0.0074,0.12,13.63,111.94
28791,-1.834,0.501,19.933,1.0148,-2.2936,0.0438,0.76,12.17,112.03
28800,-1.308,0.372,15.291,0.6291,-2.4264,-0.0345,1.27,10.97,112.20
28810,-1.042,0.404,12.123,0.6569,-2.7183,0.0195,1.45,9.42,111.86
28821,-1.144,0.061,10.310,0.2414,-1.7314,0.0332,2.10,7.87,112.02
28830,-1.004,-0.020,9.818,0.4629,-2.3960,0.0128,1.75,7.42,112.03
28840,-0.219,0.203,9.682,1.3260,-2.7843,-0.0393,2.62,5.14,111.98
28850,0.060,0.259,9.508,0.7711,-1.8881,0.0148,3.27,4.22,112.00
28861,0.280,0.246,9.262,0.2924,-2.2442,-0.0664,3.52,2.98,112.10
28870,0.239,0.539,9.604,0.5640,-2.1610,-0.0689,3.64,1.64,112.02
28881,0.981,0.985,10.026,1.1086,-1.6679,-0.0406,4.17,0.49,112.02
28890,0.202,1.070,9.966,0.2118,-0.5904,0.0115,4.93,-0.31,111.96
28901,0.765,0.662,9.293,0.1803,0.6766,-0.0124,4.39,-0.14,112.18
28910,0.770,0.581,9.265,0.8632,-0.0660,0.0637,5.12,0.47,112.10
28921,1.342,1.115,9.893,0.6380,0.0621,0.0489,5.38,-0.21,111.97
28931,1.121,0.937,9.276,0.1726,0.1207,-0.0033,5.84,0.53,111.97
28941,1.427,0.668,9.875,0.7231,-0.9892,-0.0765,5.57,-0.08,112.03
28951,1.120,1.006,9.946,0.9815,0.0926,0.0381,6.66,-0.63,112.00
28961,0.967,0.392,9.514,0.5984,0.5818,-0.0108,6.69,0.01,111.92
28970,1.244,1.253,9.773,0.2376,-0.0584,-0.0781,7.36,0.06,111.81
28980,1.223,1.025,9.719,-0.3509,0.0353,0.0196,6.91,-0.08,111.82
28991,1.056,1.001,9.829,-0.1382,-0.0097,-0.0135,6.92,0.12,111.91
29001,1.527,1.351,9.865,0.3257,-0.1289,-0.1077,6.75,-0.08,112.06
29011,1.618,1.414,9.505,0.4495,0.0866,0.0793,7.32,0.01,112.04
29021,1.455,1.213,9.722,-0.1490,0.2499,0.0375,7.24,0.03,111.86
29030,1.775,1.092,9.062,0.3481,0.1654,-0.0382,7.16,0.28,111.99
29040,1.537,1.334,9.692,0.6308,-0.3308,0.0046,7.63,0.22,111.97
29051,1.416,1.589,9.323,0.3313,0.1992,-0.0487,7.92,-0.09,112.08
29060,1.849,1.883,9.496,0.8661,-0.2688,0.0373,8.04,0.44,112.03
29070,1.550,1.930,9.618,0.5805,-0.1437,-0.0931,8.93,-0.38,111.99
29080,1.533,1.406,9.631,-0.5455,0.6019,0.0137,8.68,0.29,111.88
29091,1.544,1.162,9.714,-0.1885,0.2798,-0.0574,8.30,0.32,111.99
29100,1.583,1.531,9.897,-0.1678,-0.3418,-0.0458,8.48,0.63,111.95
29110,1.268,2.051,9.811,-0.3150,-0.4559,-0.0147,8.15,-0.05,112.03
29120,1.838,1.362,9.503,0.1794,-0.1327,-0.0795,8.12,0.11,112.00
29131,1.490,1.740,9.958,0.0154,0.3318,0.0564,8.35,-0.20,112.00
29141,1.053,1.276,9.676,0.1793,-0.2218,-0.0749,8.11,0.47,111.90
29151,1.353,1.878,10.016,0.1056,-0.2290,0.0076,8.55,-0.45,111.88
29161,1.167,1.411,9.910,-0.8728,0.3933,-0.0113,8.21,0.18,112.03
29171,1.141,0.971,9.708,-0.7657,0.0256,-0.0269,7.56,-0.01,111.96
29181,1.685,1.669,10.260,0.0754,0.2786,0.0738,7.30,0.19,112.01
29190,1.191,1.179,9.798,0.4233,0.0501,0.0426,7.65,0.34,111.84
29201,0.657,1.112,9.546,-0.6212,-0.1005,-0.0321,7.80,0.22,111.96
29210,1.339,1.038,10.051,-0.9018,-0.0558,0.0488,6.94,0.23,111.89
29221,0.670,1.152,9.888,0.5115,-0.3946,0.0119,6.79,0.19,112.09
29231,0.931,1.286,9.957,-0.1164,-0.2340,0.0041,7.57,-0.22,111.95
29240,0.587,1.084,10.301,-1.1056,-0.1543,0.0470,6.64,-0.10,111.89
29251,0.212,1.204,10.042,0.1879,0.0717,-0.0627,6.29,-0.38,112.00
29261,0.487,1.186,10.026,-0.4556,0.3667,-0.0828,6.88,-0.02,112.07
29271,0.576,1.367,10.315,-1.4094,-1.1252,0.0137,5.78,0.07,111.99
29280,0.938,1.022,10.029,-0.3907,-2.7690,-0.0900,5.25,-1.32,112.01
29290,0.536,1.136,10.924,-0.5773,-3.1232,-0.0253,5.32,-3.09,111.89
29301,0.498,0.555,10.735,-0.9830,-2.8316,0.0434,4.61,-4.94,112.06
29310,1.281,0.890,11.425,-0.0061,-3.2184,-0.0027,4.20,-6.34,111.99
29321,1.662,0.493,11.981,-0.3152,-2.7088,0.0446,4.64,-8.65,111.95
29331,2.015,0.739,12.741,-0.7106,-1.9068,0.0318,3.84,-9.45,112.07
29340,1.729,0.031,12.487,-0.7276,-2.3909,0.0089,3.81,-10.84,111.92
29351,1.826,0.767,13.569,-0.8019,-2.5927,-0.0375,2.98,-12.18,112.04
29360,1.796,0.571,14.144,-0.6343,-3.0285,0.0910,2.88,-13.82,111.99
29370,2.027,-0.023,13.976,-0.8579,-2.5502,0.0210,2.22,-15.62,112.15
29380,2.591,0.525,14.045,0.1577,-3.1293,-0.0530,1.93,-16.77,111.95
29391,2.746,0.293,14.321,-0.2115,-2.9538,-0.0157,2.36,-19.22,111.92
29401,2.295,0.293,13.661,-0.9578,-2.1548,-0.0357,1.68,-20.17,112.04
29410,3.282,0.518,13.220,-0.8798,-3.2283,-0.0637,1.28,-21.71,111.97
29420,2.964,-0.222,12.254,-0.9351,-3.1848,-0.0287,0.68,-23.85,112.07
29431,3.255,-0.073,11.705,-0.6370,-2.8222,-0.0088,0.19,-25.35,111.97
29440,3.847,-0.380,11.384,-0.2672,-2.8908,0.0391,-0.01,-27.15,111.92
29450,3.776,-0.154,10.727,0.1630,-2.6998,0.0633,-0.13,-28.66,112.01
29461,4.188,-0.040,9.856,0.1000,-0.4994,-0.0814,0.15,-30.25,111.97
29471,3.878,0.006,9.898,-0.1209,2.4450,0.0296,-0.03,-29.21,111.88
29480,3.334,0.195,9.582,0.7218,2.1003,0.0095,0.06,-27.43,111.94
29490,3.084,0.392,10.274,-0.0302,2.0785,0.0054,0.80,-26.79,112.03
29500,2.548,-0.183,9.958,-0.9998,2.6652,-0.0096,-0.00,-25.08,111.99
29511,2.431,0.239,10.514,0.4201,2.6282,0.0469,-0.33,-23.68,111.95
29520,2.202,0.100,10.587,0.0597,2.1223,-0.0478,0.48,-22.05,111.96
29530,2.142,0.392,10.403,-0.7047,1.1013,0.0686,-0.31,-21.22,111.92
29541,2.268,-0.244,10.522,0.7638,2.4482,0.0218,-0.31,-20.75,112.03
29550,1.853,0.055,11.312,0.4111,2.5562,0.0197,0.54,-18.37,112.05
29560,1.636,-0.115,11.612,-0.7350,1.6966,-0.0403,0.13,-17.84,112.01
29571,1.285,0.154,11.777,-0.1011,2.5927,-0.0411,-0.30,-16.43,111.87
29580,1.115,0.387,11.380,0.6475,2.2531,-0.0317,0.03,-14.84,111.89
29590,0.713,0.081,11.175,-0.2547,1.9058,0.0710,0.43,-13.84,111.98
29601,0.889,-0.271,11.835,-0.3327,2.4087,-0.0418,-0.27,-12.67,112.00
29610,0.236,-0.503,11.167,0.8741,2.3463,-0.1555,0.06,-11.07,112.08
29621,0.537,0.457,10.917,-0.0928,2.1389,-0.1057,0.73,-9.99,112.04
29630,0.007,-0.116,10.952,-1.0726,2.0422,0.0146,-0.04,-8.64,111.93
29640,-0.283,0.075,11.052,-0.0652,2.1083,0.0259,-0.50,-7.59,111.98
29651,-0.423,0.058,10.377,0.3263,2.3053,0.0200,-0.11,-6.21,112.08
29661,-0.499,-0.171,10.163,-0.0179,1.3748,0.0336,-0.08,-4.97,112.16
29671,-0.729,-0.279,10.063,0.5158,1.5483,-0.0607,-0.16,-4.63,111.89
29681,-1.251,0.470,9.934,0.1839,1.8378,0.0369,0.53,-3.18,112.12
29690,-0.813,-0.117,9.397,-0.4646,2.2593,0.0327,0.06,-2.51,112.00
29701,-1.381,0.297,8.981,0.1022,1.6349,-0.0197,0.01,-0.57,111.98
29710,-1.774,-0.035,8.632,0.0431,0.8263,0.0487,0.17,-0.62,112.12
29721,-1.709,0.375,8.555,-0.6786,2.0134,0.0311,0.05,0.39,111.99
29730,-1.393,-0.113,8.438,0.1415,1.3764,-0.0632,-0.58,1.68,111.89
29740,-1.173,0.333,8.196,0.6465,1.2531,0.0330,0.20,1.97,111.98
29750,-0.950,0.641,8.089,-0.1172,2.0736,-0.0163,0.17,3.10,111.93
29761,-1.844,0.286,8.410,0.0367,1.6586,0.0443,0.12,4.31,112.09
29771,-1.657,-0.254,7.933,0.1936,1.2617,-0.0619,0.22,4.99,112.11
29781,-1.524,0.171,7.566,0.1537,1.6014,0.0269,0.34,5.77,111.93
29790,-1.792,0.156,8.315,-0.7148,1.4704,-0.0848,0.42,6.78,111.97
29801,-1.721,0.123,7.965,-0.5688,1.4934,0.0601,-0.48,7.42,112.02
29811,-1.620,-0.215,8.437,0.1460,2.1107,-0.0404,-0.23,8.48,111.91
29821,-2.026,0.022,7.904,0.1067,1.1630,-0.0030,-0.31,9.84,112.07
29830,-2.028,-0.159,8.019,0.3432,1.2150,-0.0551,-0.14,9.84,111.87
29841,-2.335,-0.391,8.482,-0.3688,1.8785,0.0145,0.11,11.24,112.08
29851,-2.133,0.001,8.429,0.0679,1.4089,-0.0348,-0.54,12.01,112.01
29860,-2.188,0.382,9.232,0.0799,1.7708,-0.0213,0.20,12.86,112.10
29871,-2.689,0.032,9.429,-0.4132,1.6472,-0.0161,-0.45,14.05,112.02
29881,-2.778,0.001,9.289,0.3178,-0.2421,-0.0218,-0.30,14.78,112.00
29890,-2.049,0.034,25.147,0.7748,-1.5641,-0.0082,-0.06,13.77,112.05
29900,-2.217,0.271,20.717,1.0858,-2.0996,-0.0656,0.55,12.99,112.00
29910,-1.683,-0.349,15.908,0.2744,-2.8151,-0.0136,1.18,11.35,112.08
29921,-1.064,0.422,12.140,0.9556,-2.4322,0.0410,0.86,9.76,111.89
29930,-1.418,0.375,10.384,0.9311,-2.2136,0.0306,2.32,8.56,111.99
29941,-0.997,0.181,10.109,0.8181,-2.3330,-0.0081,1.94,7.20,112.06
29951,-0.720,0.493,9.993,0.5017,-2.0137,0.0035,3.26,5.88,112.12
29961,-0.135,1.136,9.641,0.2804,-2.3234,0.0158,2.52,4.89,112.01
29970,0.318,0.856,9.630,1.1747,-2.5655,-0.0427,3.60,3.17,112.24
29980,0.432,0.120,10.095,0.2990,-1.8239,0.0414,3.87,1.97,111.82
29991,0.539,0.789,9.772,0.0550,-1.8488,0.0105,3.97,1.10,112.08
30000,1.237,0.810,10.179,0.5354,-0.3135,0.0428,3.95,-0.15,112.08
30010,0.858,1.054,9.936,1.2669,0.5960,0.0439,4.57,0.72,111.94
30020,0.627,1.083,9.243,0.8782,-0.5670,-0.0596,5.41,0.55,112.12
30030,1.134,1.001,9.379,0.4045,-0.2610,0.0489,5.59,0.08,112.01
30041,1.225,0.906,9.702,0.6472,-0.2772,-0.0347,5.89,0.26,111.96
30050,1.005,1.596,9.485,0.3998,0.0070,0.0641,6.36,-0.27,112.03
30060,1.096,1.303,9.620,0.0039,0.3388,-0.0106,6.33,0.27,112.01
30071,1.800,1.091,9.344,0.5534,-0.1785,-0.0210,6.43,0.11,111.94
30080,1.566,1.349,9.570,0.6251,-0.0520,-0.0029,6.95,0.06,111.96
30090,1.162,1.350,10.256,0.5218,0.1127,0.0707,7.13,0.03,112.25
30100,1.282,1.245,9.708,0.3238,-0.0371,-0.0601,7.55,0.15,111.98
30110,1.499,0.959,9.582,0.1577,-0.1608,-0.0387,7.48,-0.05,112.03
30121,1.781,1.920,9.886,0.4449,0.2725,0.0778,7.70,-0.04,112.05
30130,0.927,1.475,9.601,0.1084,-0.1464,-0.0229,7.99,0.29,112.15
30141,1.711,1.192,10.119,-0.3174,-0.8152,0.0101,7.84,-0.23,111.94
30151,1.303,1.161,9.713,0.1877,0.5984,-0.0174,7.64,-0.67,112.01
30161,2.120,1.248,9.817,0.5180,0.1961,-0.0314,8.08,0.52,112.00
30170,1.544,1.889,9.645,0.4648,-0.5040,0.0468,8.22,-0.43,112.10
30180,2.065,1.093,9.726,0.2555,0.0193,0.0518,8.61,-0.04,111.90
30190,1.600,1.540,9.886,-0.3521,0.1160,0.0417,8.53,-0.42,111.92
30200,1.156,0.610,9.524,-0.0498,0.3338,-0.0115,8.23,0.07,112.09
30210,1.501,1.461,9.472,0.1155,0.2436,0.0267,8.47,-0.04,112.00
30220,0.980,1.414,9.725,-0.1984,0.3068,-0.0387,8.33,0.32,112.10
30231,1.454,1.424,9.534,0.2804,-0.2911,-0.0598,8.26,0.33,112.07
30240,1.452,1.113,9.111,-0.1863,-0.4145,-0.0515,8.62,-0.02,111.95
30251,1.488,1.131,9.441,-0.0122,0.0014,-0.0281,8.02,-0.15,111.92
30260,1.048,1.642,10.014,0.0370,0.0048,-0.0247,8.59,0.00,111.93
30271,1.251,1.865,9.842,-0.3247,-0.0910,-0.1066,8.09,-0.12,111.95
30281,0.990,1.296,9.663,-0.2100,-0.1219,0.0086,8.22,-0.11,111.90
30290,1.401,1.595,9.560,-0.5029,0.1822,-0.0438,7.86,-0.29,112.00
30301,1.549,1.120,9.811,-0.3081,0.4267,-0.0296,7.65,0.14,112.06
30311,1.424,1.096,9.882,0.1501,-0.2244,-0.0174,7.51,0.16,111.99
30320,0.518,1.332,9.714,-0.5951,-0.2021,0.0368,7.78,-0.15,111.98
30331,1.260,1.095,9.530,-0.5163,-0.0951,-0.0496,6.84,-0.07,111.98
30341,0.544,0.958,9.389,-0.0813,-0.0556,0.0068,7.18,-0.27,111.89
30351,0.537,1.048,9.219,-0.5219,0.4549,0.0279,6.74,-0.14,111.98
30361,0.315,1.252,9.659,0.2142,-0.0523,0.0306,6.55,0.28,111.99
30371,1.087,0.805,9.887,-0.4584,-0.0848,0.0118,7.01,-0.20,111.84
30380,0.425,1.047,9.870,-1.1259,-0.0874,0.0329,6.00,0.18,112.06
30391,0.177,0.841,10.087,-0.7075,-1.5513,-0.0310,5.71,-0.30,111.99
30400,0.528,0.716,10.326,-0.8057,-2.5180,-0.0194,5.19,-1.61,111.94
30410,0.951,0.534,10.684,-0.1734,-3.2880,0.0720,4.80,-3.17,111.98
30421,1.399,0.707,11.125,-0.2463,-2.9907,-0.0095,4.98,-5.40,111.91
30431,1.167,0.782,11.447,-0.3122,-2.3358,-0.0426,4.53,-6.63,111.86
30440,1.232,0.589,12.026,-0.3698,-2.0537,-0.0089,4.61,-8.08,112.10
30451,1.914,0.936,12.387,-1.0185,-2.6894,0.1190,4.13,-8.97,111.97
30460,1.515,0.692,13.317,-0.2918,-3.5327,-0.0512,3.45,-11.21,112.15
30471,1.909,0.908,13.582,-0.1071,-3.0466,-0.0663,3.81,-13.03,111.89
30490,1.927,0.729,14.396,-0.7055,-2.3485,-0.0071,2.64,-15.47,112.03
30501,2.695,0.538,14.298,-0.1934,-2.7931,-0.0441,2.50,-17.39,112.03
30510,2.256,0.355,14.169,-0.7513,-2.3090,-0.0197,2.40,-18.67,112.01
30521,3.137,0.502,14.093,-1.2843,-2.6946,-0.0358,1.62,-20.05,111.93
30530,3.069,0.576,13.300,-0.7556,-3.2194,0.0504,0.95,-21.74,112.00
30541,3.644,0.352,12.517,-0.4810,-3.0393,-0.0341,0.76,-23.80,111.98
30551,3.075,-0.091,12.056,-0.6048,-2.2194,0.0243,0.39,-25.23,111.94
30560,3.324,-0.041,11.468,-0.0507,-2.5116,-0.0317,0.08,-26.37,111.85
30570,3.491,0.341,10.471,0.0245,-2.8170,-0.0619,0.34,-28.14,112.10
30580,3.397,-0.243,10.261,-0.7270,-0.8772,-0.0364,0.10,-29.58,111.96
30590,3.974,0.047,9.538,-0.2883,1.3481,-0.0123,-0.50,-29.16,111.98
30601,3.201,0.011,10.092,0.1257,2.2379,-0.0400,-0.24,-28.02,112.21
30610,2.775,-0.437,9.796,0.2767,2.6251,0.0597,-0.32,-26.59,111.81
30621,3.149,0.133,10.529,0.2057,2.3882,-0.0086,0.11,-25.02,112.00
30630,2.656,0.087,10.256,-0.0167,1.7112,-0.0213,-0.08,-23.88,111.92
30640,2.304,-0.118,10.580,-0.0543,2.0274,0.0935,0.11,-23.09,111.98
30651,2.795,0.131,10.606,-0.2869,2.5681,-0.0806,-0.15,-21.55,112.07
30660,1.848,-0.086,11.355,0.3589,2.2212,-0.0129,-0.22,-20.13,111.96
30670,1.609,0.036,10.960,0.2720,2.0270,0.0966,0.31,-19.02,112.03
30681,1.240,0.292,11.389,-0.3123,2.1910,0.0477,0.12,-17.86,111.94
30690,1.305,0.151,11.585,-0.5648,2.1324,-0.0551,-0.07,-16.55,112.09
30701,0.735,0.181,11.411,-0.2609,1.9376,0.0220,-0.50,-15.40,111.88
30711,0.933,0.169,11.649,0.1521,2.6086,-0.0829,-0.39,-14.31,112.06
30721,0.819,-0.327,11.265,0.3175,2.5891,-0.0887,-0.36,-12.47,111.87
30730,0.342,-0.143,11.196,0.0723,1.9674,-0.0017,-0.02,-11.33,111.70
30741,0.062,0.095,11.230,0.3150,1.8897,-0.0160,-0.29,-10.21,111.85
30751,-0.317,0.163,10.703,0.4442,2.1827,0.0217,0.32,-9.17,111.84
30760,-0.078,-0.045,10.210,-0.3285,2.2180,-0.0098,0.22,-7.68,112.00
30770,-0.788,0.131,10.092,-0.4007,1.7460,-0.0324,-0.05,-6.69,112.04
30781,-0.273,-0.014,9.913,-0.0843,2.2344,-0.0797,-0.26,-5.67,111.95
30791,-0.690,0.384,10.077,0.3124,1.8423,0.0640,-0.15,-4.09,112.07
30801,-0.587,-0.069,9.411,0.1591,1.1914,-0.0046,0.09,-3.55,111.85
30811,-0.674,0.007,9.232,-0.1341,1.2077,0.0343,0.01,-2.75,111.83
30821,-1.023,0.418,9.100,0.3237,1.5298,0.0784,-0.06,-2.20,111.79
30830,-1.061,0.198,8.756,-0.0480,1.4300,-0.0072,0.35,-1.02,111.98
30841,-1.004,0.136,8.282,-0.3708,1.3523,0.0526,-0.10,-0.55,111.91
30851,-1.591,0.098,8.311,0.2550,2.0085,-0.0866,-0.04,0.54,111.97
30860,-1.406,0.116,8.122,0.1067,1.5703,-0.0255,0.17,1.71,111.99
30871,-1.686,0.713,8.191,0.1377,1.3651,-0.0202,0.08,2.34,112.09
30881,-1.493,0.025,7.770,-0.1819,1.4718,0.0062,0.32,3.25,112.10
30891,-2.040,-0.100,8.095,-0.4832,1.7068,-0.0295,-0.15,4.04,112.01
30901,-1.412,0.195,7.877,0.2828,1.7897,-0.0366,-0.23,5.27,112.03
30911,-1.477,0.090,7.783,0.2485,1.6687,0.0101,0.20,6.08,112.00
30921,-1.803,-0.070,7.921,0.0541,2.0581,0.0117,0.04,7.20,111.97
30931,-1.705,0.003,7.985,0.1878,1.3318,-0.0809,0.24,8.42,111.99
30940,-2.065,0.021,8.094,-0.0246,1.0673,0.0480,0.22,8.75,111.90
30950,-2.372,0.179,7.949,-0.4613,1.5793,-0.0820,0.21,9.62,111.98
30960,-2.171,0.187,8.703,-0.1946,1.7620,0.0482,-0.29,10.56,112.04
30970,-2.424,0.028,8.538,0.1286,1.6064,0.0291,-0.03,11.66,111.97
30980,-2.360,0.054,8.977,-0.1230,0.9389,-0.0490,-0.16,12.41,112.05
30991,-2.582,-0.087,8.875,0.1636,1.1251,-0.0752,-0.14,12.73,112.02
31000,-2.313,0.000,9.092,0.5452,1.9472,-0.0190,0.04,13.73,112.01
31011,-2.419,-0.148,23.866,0.9376,-0.2193,-0.0232,0.47,14.96,112.16
31021,-2.337,0.090,22.047,0.2152,-2.1659,0.0067,1.13,13.48,112.05
31031,-2.053,-0.101,18.212,0.2808,-2.3654,0.0158,0.74,12.48,112.00
31040,-1.292,-0.085,14.274,0.8570,-2.8839,0.0550,1.45,10.73,111.86
31051,-1.710,0.415,11.497,0.6559,-1.8335,-0.0062,1.70,9.16,112.04
31061,-0.670,-0.160,10.328,0.9440,-2.1132,-0.0364,2.18,8.61,112.01
31071,-0.960,0.432,9.567,0.5643,-3.0729,0.0645,2.80,6.73,111.99
31080,0.115,0.575,9.753,0.9457,-2.5040,0.0219,2.86,5.14,112.02
31091,-0.063,0.488,10.053,0.9052,-2.6056,-0.0161,3.90,3.86,112.05
31101,0.472,0.453,9.322,0.6395,-2.2900,-0.0104,3.90,2.16,111.94
31111,0.575,1.092,9.631,0.8052,-1.8691,-0.0246,4.62,1.28,111.94
31120,0.813,0.988,9.372,0.9486,-0.9934,0.0506,4.86,0.04,112.11
31130,0.592,0.650,9.870,1.1107,-0.2308,0.0575,5.71,0.12,112.03
31140,1.373,1.311,9.599,0.6832,0.4262,0.0373,6.14,-0.21,111.89
31151,0.942,0.818,9.304,0.4320,-0.4057,0.0871,6.47,0.60,111.87
31161,1.374,0.944,9.731,0.0432,-0.6568,-0.0339,6.64,-0.64,112.04
31171,1.354,1.361,9.984,0.3360,0.7683,0.0342,6.53,-0.13,111.92
31181,1.445,1.171,9.517,1.1398,0.4106,-0.0050,7.03,0.26,111.99
31190,1.481,1.694,9.885,0.6843,-0.1903,-0.0296,7.80,0.32,112.04
31200,1.497,1.438,9.962,0.3037,-0.4434,-0.0197,7.78,0.02,111.95
31210,1.416,1.848,9.923,0.7569,0.1149,0.0562,8.15,-0.19,111.96
31221,1.252,2.130,9.777,1.0459,0.0399,0.0033,8.67,0.14,111.99
31231,1.523,1.798,9.859,0.0773,-0.5177,0.0145,9.39,-0.10,111.89
31241,1.897,1.087,9.362,-0.0934,0.0754,0.0042,8.76,-0.48,111.95
31251,1.282,2.106,9.841,0.3753,0.2959,-0.0444,9.31,-0.01,112.02
31260,1.847,0.792,9.379,-0.1280,-0.0472,-0.0369,9.19,-0.13,111.96
31271,1.331,1.747,9.504,0.3218,0.1627,-0.0727,9.18,-0.06,112.03
31280,1.727,1.968,9.714,0.4357,-0.0639,-0.0281,9.55,0.08,111.98
31290,1.324,1.558,9.313,0.1685,0.0987,-0.0564,9.69,-0.14,112.15
31300,1.635,1.502,9.599,0.3450,0.3285,0.0655,9.73,0.20,111.92
31311,1.376,1.439,9.581,0.1156,-0.1330,0.0456,10.08,0.23,111.96
31321,1.145,1.612,9.976,-0.6278,-0.0258,0.0306,9.88,0.05,111.98
31331,1.353,1.465,9.300,0.2103,-0.3896,-0.0283,9.37,0.18,112.04
31340,2.040,2.095,9.525,0.6000,0.3310,0.0202,10.14,-0.37,111.91
31351,1.367,1.667,10.256,-0.5817,0.1236,-0.0082,10.10,0.57,111.95
31361,1.102,1.290,9.608,-0.4109,-0.4518,-0.0428,9.48,-0.20,112.01
31371,1.427,1.695,9.657,0.0790,0.0082,0.0465,9.63,0.01,111.99
31381,1.387,1.812,10.071,0.1686,0.1153,0.0137,9.59,-0.17,111.80
31390,1.304,2.178,9.888,-0.1524,0.0224,0.0286,9.82,0.14,112.02
31400,1.091,1.059,9.962,-0.1956,-0.0642,0.0597,9.40,-0.15,112.02
31411,0.689,2.116,9.733,-0.4212,0.0608,0.0063,9.60,0.02,112.02
31421,0.838,1.395,9.907,-0.3581,-0.2090,0.0525,8.90,-0.07,112.01
31431,0.970,1.891,9.398,-0.1663,0.6056,-0.0573,9.17,-0.26,112.02
31440,0.745,2.005,9.377,-0.7470,-0.0014,0.0294,8.69,0.63,111.99
31451,0.548,1.119,10.374,-0.2082,-0.4551,0.0666,8.33,-0.26,111.94
31461,0.866,2.166,9.330,-0.1788,0.5245,0.0319,8.42,0.17,111.86
31471,0.785,1.243,9.912,-0.5766,-0.0235,0.0293,8.12,0.38,111.99
31481,0.656,1.130,10.049,-0.8169,-0.4204,0.0086,7.75,0.16,112.07
31490,0.644,1.414,9.939,-0.4179,-0.4587,0.0073,7.21,-0.11,112.01
31500,0.848,1.542,10.467,-0.2668,-1.5493,-0.0620,7.22,-0.38,112.02
31510,0.267,1.397,10.510,-1.0176,-3.2771,0.0014,6.91,-1.94,111.96
31520,0.584,1.437,10.807,-0.9204,-3.2299,-0.0253,6.08,-4.10,111.97
31531,1.103,1.209,11.537,-0.9704,-2.6019,-0.0915,5.82,-5.61,112.07
31541,1.170,0.690,11.706,-0.9161,-2.3996,0.0642,4.93,-7.12,112.14
31551,1.504,0.825,12.001,-0.0691,-2.8908,-0.0107,4.77,-8.37,112.03
31561,1.997,1.141,12.457,-0.8181,-3.3677,-0.0024,4.84,-10.44,111.92
31570,2.119,0.587,13.285,-0.9151,-3.0501,-0.0209,3.82,-12.23,111.96
31580,2.077,0.719,13.572,-0.5246,-2.7613,-0.0142,3.77,-13.94,112.06
31590,2.319,0.476,14.054,-0.4816,-2.4034,0.0280,3.20,-15.39,112.02
31601,2.313,0.553,13.434,-0.7963,-2.8485,-0.0992,3.24,-16.65,111.97
31610,2.487,0.467,13.479,-1.7666,-3.1124,-0.0601,2.32,-18.64,111.83
31620,2.873,0.187,13.227,-0.9637,-3.1704,0.0216,1.24,-20.23,112.08
31630,2.838,-0.331,12.860,-0.2498,-2.8542,0.0406,1.20,-22.23,111.99
31640,2.711,0.438,12.055,-0.5701,-3.1942,-0.0174,0.97,-23.49,112.08
31650,3.842,0.562,11.230,-0.7133,-2.5759,0.0322,0.54,-25.89,111.93
31661,3.195,-0.154,10.719,-0.1143,-2.2456,0.0899,0.14,-26.45,112.14
31670,3.353,0.436,10.449,-0.0470,-3.0432,-0.0515,0.38,-28.49,111.98
31681,4.044,0.350,9.659,-0.8187,0.0817,0.0291,0.08,-29.92,112.03
31690,3.588,-0.117,9.980,-0.2380,1.8386,-0.0369,-0.57,-28.38,112.03
31701,3.945,-0.064,9.797,0.5240,1.7244,-0.0019,-0.19,-27.78,111.82
31711,3.352,0.463,10.062,0.0198,2.3755,-0.0237,0.06,-26.38,111.91
31721,2.516,0.205,10.206,0.0657,2.3054,-0.0101,-0.21,-25.06,111.91
31731,2.808,0.339,10.585,0.2332,2.7090,0.0203,0.10,-23.74,112.22
31741,2.729,-0.107,10.837,0.3265,2.6452,0.0459,0.09,-21.93,111.94
31751,1.602,0.038,11.362,-0.2377,1.8251,0.0203,0.48,-20.72,112.03
31760,2.000,0.247,11.402,-0.6984,2.4353,0.0311,-0.21,-19.79,111.97
31771,1.118,0.054,11.232,-0.1254,2.8128,0.0541,-0.36,-17.95,111.99
31780,1.269,-0.090,11.704,0.2017,1.7677,-0.1075,-0.38,-16.58,112.14
31791,1.132,-0.470,11.131,0.4844,1.8838,-0.0488,-0.14,-15.89,111.91
31801,1.371,-0.298,11.485,0.0628,2.3301,-0.0176,0.15,-14.41,112.04
31811,0.735,0.020,11.282,-0.3060,2.3564,-0.0437,-0.05,-13.23,112.05
31820,0.562,-0.103,11.204,-0.2999,2.2850,0.0839,-0.21,-11.69,112.04
31831,0.054,0.054,11.200,0.1263,2.4670,-0.0745,-0.33,-10.63,112.02
31840,-0.224,0.232,11.034,0.4419,2.5737,-0.0084,-0.07,-8.85,112.09
31851,-0.340,0.180,10.469,0.3754,1.6229,-0.0188,0.19,-7.66,112.11
31860,-0.595,0.042,10.406,0.1610,1.9674,-0.0294,0.33,-6.98,112.06
31871,-0.255,0.000,10.823,-0.0749,2.0344,-0.0511,0.37,-5.41,112.07
31881,-0.783,-0.004,9.863,-0.2626,1.7072,0.0334,0.21,-4.62,112.02
31890,-0.625,-0.041,9.543,-0.3415,2.1354,-0.0969,0.09,-3.42,112.02
31901,-0.594,-0.071,9.177,-0.0227,2.0679,-0.0017,-0.19,-2.21,112.05
31910,-1.178,0.132,9.347,0.5652,1.1492,0.0365,0.09,-1.07,111.98
31920,-1.851,-0.181,8.571,-0.0461,1.1919,-0.0009,0.45,-0.85,112.02
31931,-1.767,-0.173,8.433,-0.1873,1.3533,0.0492,0.03,0.26,111.92
31941,-1.179,-0.022,8.317,-0.0349,1.7316,0.0749,0.22,0.72,111.99
31951,-1.579,0.147,7.731,-0.0762,2.1922,-0.0073,0.00,2.23,112.09
31960,-1.380,0.402,7.731,-0.2280,1.7340,-0.0058,0.14,3.22,111.98
31970,-1.077,0.183,7.734,-0.4773,1.6106,0.0430,-0.28,4.17,111.98
31981,-1.833,-0.178,7.637,-0.0261,1.5377,-0.0473,-0.38,5.07,112.08
31990,-1.885,-0.262,8.028,-0.1666,1.2691,0.0403,-0.30,5.93,111.97
32001,-1.595,0.000,7.532,0.5054,1.2574,-0.0029,-0.58,6.53,111.99
32010,-1.495,-0.184,8.029,1.1207,1.8267,-0.0831,0.26,7.36,111.93
32020,-2.719,0.366,7.029,-0.2971,1.7231,0.0302,0.72,8.60,112.04
32031,-2.448,0.070,8.168,-0.8086,2.1553,0.0294,-0.06,9.31,111.96
32040,-2.348,0.088,8.238,0.1726,1.8317,-0.0321,-0.24,11.07,111.95
32051,-2.116,-0.047,8.542,0.6444,1.3642,-0.0196,0.11,11.39,111.94
32060,-2.627,0.177,8.518,-0.0474,1.6583,-0.0411,0.48,12.65,111.95
32071,-2.272,0.057,8.835,-0.0953,1.4486,0.0253,0.03,13.26,111.99
32080,-2.710,0.232,9.172,-0.0276,1.2268,-0.0743,0.39,14.33,112.02
32091,-2.587,0.277,24.336,0.0231,-0.2231,-0.0817,0.02,14.70,112.01
32100,-2.483,0.083,22.867,0.2477,-1.9418,-0.0497,0.45,14.10,112.08
32110,-2.119,-0.165,18.362,0.6361,-2.5986,-0.0740,0.29,12.49,111.93
32120,-1.737,0.184,14.152,0.7828,-2.1020,-0.0560,1.21,11.15,111.99
32131,-1.612,0.703,11.595,0.2492,-2.2412,0.0051,1.18,10.07,112.06
32140,-1.121,0.049,10.277,0.4528,-2.6832,-0.0239,1.50,8.55,111.93
32161,-0.163,0.238,9.642,1.6254,-2.4806,0.0315,2.69,5.41,112.01
32170,0.061,0.716,9.801,0.2368,-2.3198,0.0510,3.54,4.13,111.95
32181,0.358,0.722,9.457,-0.1009,-2.3654,-0.0556,2.97,2.74,111.95
32190,0.967,0.620,9.513,0.6544,-2.2787,-0.0228,3.43,1.43,111.97
32201,0.825,0.617,9.824,0.7356,-0.8280,-0.0740,3.72,0.12,112.06
32211,1.042,0.442,10.099,0.8831,-0.3742,0.0558,4.27,0.51,112.14
32221,1.110,1.021,9.914,0.3938,-0.3258,0.0121,4.74,-0.29,112.01
32231,1.163,0.909,10.157,0.1254,0.4588,0.0714,4.72,0.14,111.95
32241,1.632,0.545,9.372,0.0463,-0.1431,-0.0638,4.90,0.23,112.09
32250,1.464,0.434,9.793,0.7684,0.0436,0.0022,4.75,-0.01,112.00
32260,1.568,1.009,9.723,0.9347,-0.1930,-0.1470,5.73,0.26,111.84
32270,1.576,1.288,10.220,-0.2388,0.0060,-0.0436,5.81,-0.22,111.96
32280,1.313,0.812,9.638,0.0480,0.2992,0.0645,5.48,0.26,111.93
32291,1.306,1.179,9.640,0.5905,-0.2636,-0.0294,5.89,0.16,112.03
32301,1.626,1.426,10.170,0.5157,-0.3238,0.0407,6.15,-0.07,112.04
32311,1.628,0.507,9.789,0.3243,-0.2602,0.0131,6.51,-0.24,111.98
32321,1.431,1.027,9.836,0.6358,0.2885,-0.0046,6.55,-0.43,111.95
32330,1.288,1.530,9.930,0.2709,0.8321,0.0566,7.21,0.09,111.99
32340,1.554,1.008,9.446,-0.1196,0.1113,-0.0214,6.84,0.51,112.04
32350,1.588,1.352,9.657,0.1972,-0.5579,-0.0258,7.11,0.23,112.03
32361,1.081,1.444,10.150,0.5133,-0.0066,-0.0160,7.06,-0.11,111.83
32370,1.377,1.159,9.911,0.3001,-0.0456,0.0268,7.68,0.23,112.01
32380,1.669,1.042,9.464,-0.0304,-0.1309,-0.0211,7.43,-0.14,111.95
32390,1.332,1.460,9.524,0.3736,0.4758,-0.0734,7.62,0.07,112.09
32400,1.770,1.166,9.580,0.1121,-0.0526,-0.0532,7.84,0.41,112.03
32411,1.565,1.672,9.410,-0.1446,-0.3378,-0.0241,7.70,0.01,111.83
32420,1.528,1.579,9.458,0.2170,-0.0010,-0.0608,7.68,-0.02,111.99
32430,1.279,1.600,9.591,0.1125,-0.1560,-0.1056,7.94,-0.08,111.91
32440,1.325,1.408,9.216,-0.2175,-0.3540,0.0676,7.81,-0.15,112.09
32451,1.197,1.327,10.088,-0.2773,0.2319,0.0881,7.70,-0.47,111.98
32461,1.346,1.885,9.508,-0.1306,0.5351,0.0451,7.49,0.10,112.01
32470,0.978,1.466,9.642,-0.1840,-0.1945,0.0207,7.59,0.15,111.85
32480,1.487,1.604,9.821,0.2033,-0.4290,-0.0590,7.24,-0.16,111.95
32490,1.480,1.436,9.281,0.1046,0.4295,0.0206,7.80,-0.30,111.95
32501,0.623,1.346,9.843,-0.4978,0.1884,0.0154,7.32,0.30,111.99
32510,1.291,0.963,10.014,-0.4773,-0.1227,0.0013,7.23,-0.06,111.96
32521,0.759,1.275,9.690,-0.4345,0.3163,0.0030,6.75,0.20,112.05
32530,1.207,1.450,9.836,0.0726,0.2468,-0.0196,6.71,0.34,111.97
32540,0.353,1.581,9.571,-0.7762,-0.1712,0.0210,6.81,0.47,111.90
32551,0.759,0.692,9.954,-0.5662,-0.6167,0.0013,5.82,0.14,111.93
32561,0.928,0.809,9.677,-0.0442,0.0268,-0.0151,6.11,-0.24,112.00
32570,0.641,0.457,9.452,-0.6324,0.2775,0.0129,5.78,0.16,111.98
32580,0.599,1.270,10.147,-0.0640,-0.4023,-0.0368,5.40,0.09,111.96
32591,0.440,0.970,9.685,-0.3464,-1.1129,0.0506,5.69,-0.27,111.93
32600,0.825,0.789,10.039,-0.9448,-2.1315,0.0102,5.00,-1.18,111.93
32610,0.814,0.669,10.509,-0.0166,-3.0357,-0.0145,4.64,-2.70,112.10
32621,1.226,0.624,10.503,-0.7057,-2.8288,-0.0462,4.97,-4.63,112.10
32630,1.045,0.440,11.477,-0.5191,-2.5303,-0.0326,3.81,-5.91,112.04
32640,1.197,0.316,11.858,0.1935,-2.9855,-0.0993,4.38,-7.56,111.96
32650,2.121,0.630,12.713,-1.3492,-2.5970,-0.0010,4.08,-9.31,112.02
32660,1.682,0.187,12.889,-0.8672,-3.4889,-0.0134,2.83,-10.53,112.09
32670,1.815,0.642,13.359,0.0330,-3.2917,-0.0176,3.05,-13.35,112.01
32681,1.754,0.811,13.177,-0.2571,-2.0609,0.0270,2.86,-14.28,111.98
32691,2.531,0.459,13.316,-0.7935,-2.6054,0.0124,2.74,-15.71,111.92
32700,2.322,0.595,13.875,-0.9378,-3.0520,-0.1104,1.93,-17.23,111.78
32711,2.594,0.031,14.111,-0.2705,-2.7440,-0.0233,1.69,-19.19,112.09
32720,2.687,-0.287,13.536,-0.8166,-2.6011,0.0360,1.61,-20.42,112.16
32731,3.309,0.177,13.322,-0.6616,-2.6113,-0.0263,0.76,-22.13,112.09
32740,3.205,0.088,12.635,-0.1194,-2.5196,-0.0019,0.84,-23.40,112.06
32750,3.714,0.513,11.778,-1.0290,-3.1775,0.0515,0.64,-25.03,111.99
32760,3.380,0.247,10.993,-0.4916,-2.8671,-0.1060,-0.31,-27.04,111.91
32780,3.525,-0.251,9.716,-0.3573,-0.2468,-0.0367,0.02,-29.72,111.98
32790,3.324,-0.102,9.841,0.0051,1.8807,-0.0679,-0.32,-28.61,112.09
32800,3.241,0.072,9.553,0.1879,2.1248,0.0158,0.05,-27.57,111.96
32811,2.821,0.088,10.006,-0.2710,1.9210,0.0980,-0.08,-26.13,111.96
32820,2.931,-0.013,9.971,-0.0563,1.6694,-0.0250,-0.24,-25.35,112.04
32831,2.614,-0.421,10.433,-0.0640,2.3645,0.0008,-0.11,-24.27,112.01
32841,2.458,-0.086,10.752,0.2247,2.4175,-0.0543,-0.29,-22.62,111.91
32851,2.625,0.141,11.195,0.4027,2.2761,-0.0315,0.12,-21.47,112.04
32860,1.739,-0.436,10.972,0.0621,2.2942,0.0422,0.12,-20.02,111.80
32870,1.976,0.159,10.272,-0.0774,2.0959,0.0550,0.23,-18.86,112.04
32881,1.648,-0.010,11.292,-0.1139,1.9506,-0.0233,0.03,-17.62,112.06
32891,1.216,0.058,11.492,-0.1579,1.9840,-0.0118,0.06,-16.62,111.88
32900,1.064,-0.003,11.334,0.0958,1.7344,-0.0024,-0.17,-15.35,112.00
32911,0.711,-0.064,11.476,-0.0082,2.3622,-0.0063,0.20,-14.65,111.92
32921,0.575,-0.534,11.721,-0.0181,3.7740,0.0704,-0.19,-12.65,111.85
32930,0.811,0.001,11.347,0.0172,2.0964,-0.0149,0.17,-10.36,112.05
32940,0.402,-0.306,10.902,-0.3833,1.3297,-0.0435,-0.14,-10.27,111.98
32950,-0.065,-0.413,10.852,0.2445,2.0071,-0.0138,-0.23,-8.82,112.05
32961,-0.228,0.283,10.511,0.5881,1.9323,0.0510,0.12,-7.93,112.03
32970,-0.893,0.035,10.280,0.1187,2.5197,-0.0554,0.49,-6.59,111.92
32980,-0.712,0.104,9.821,-0.5479,2.6022,-0.0489,0.26,-5.03,111.95
32991,-0.636,-0.005,9.985,-0.6101,1.4830,-0.0387,-0.13,-3.64,111.86
33000,-0.976,0.086,9.613,-0.2727,1.0703,0.0175,-0.42,-3.39,111.95
33010,-0.877,-0.152,9.020,0.4460,2.0547,0.0368,-0.45,-2.40,111.95
33021,-1.042,0.424,9.122,0.4442,1.6760,0.0218,0.08,-1.05,111.96
33031,-1.010,-0.399,8.724,-0.5652,0.9032,-0.0375,0.05,-0.50,112.07
33040,-0.781,-0.416,8.389,-0.0569,1.7029,-0.0712,-0.58,0.03,111.98
33051,-1.576,-0.068,7.704,0.7752,1.9743,0.0315,-0.05,1.43,111.91
33060,-1.776,0.128,7.808,0.0559,0.8340,0.0691,0.32,2.29,112.04
33070,-1.947,-0.138,7.860,-0.2824,1.3960,-0.0348,-0.01,2.44,111.84
33081,-1.562,0.408,7.951,-0.2927,1.9243,0.0495,-0.01,3.89,111.90
33091,-2.198,0.142,7.775,0.1660,1.4130,-0.0469,-0.35,4.63,112.10
33101,-1.791,0.005,7.214,0.1145,1.6306,0.0213,0.21,5.51,111.95
33110,-1.523,-0.452,8.099,-0.3336,1.8681,-0.0206,-0.21,6.54,112.00
33121,-2.205,0.028,7.540,0.5227,1.4105,0.0352,-0.17,7.67,111.85
33130,-2.468,0.271,8.009,-0.1007,1.3656,0.0166,0.34,8.13,111.96
33141,-2.394,-0.090,7.677,-0.3535,1.7284,0.0159,-0.30,9.21,111.88
33161,-1.819,-0.299,7.958,0.1569,1.3282,-0.1107,-0.00,10.93,111.93
33170,-2.512,-0.470,8.536,0.4179,1.8628,0.0540,0.12,11.64,111.93
33181,-2.254,0.101,8.878,-0.0814,1.4255,0.0139,0.46,13.07,112.03
33191,-2.441,-0.041,9.098,-0.2316,1.0594,0.0622,-0.01,13.26,111.96
33201,-2.173,-0.320,9.175,0.2025,0.7597,0.0759,0.16,14.30,111.81
33210,-1.876,0.229,24.936,0.0382,-1.0726,0.0059,0.22,14.07,111.99
33220,-2.242,0.051,20.910,1.1336,-2.3963,0.0144,0.19,13.08,111.81
33231,-1.807,0.369,16.425,1.4150,-2.1957,0.0316,1.47,11.34,112.04
33241,-1.530,0.385,13.000,0.8166,-2.2633,0.0810,1.80,10.54,111.92
33251,-1.294,0.754,10.277,0.2798,-2.9202,0.0330,2.38,8.71,111.84
33260,-0.474,0.363,10.114,0.4598,-2.0626,0.0139,2.14,7.16,111.84
33271,-0.785,0.567,9.639,1.5053,-2.1174,-0.1403,2.93,6.33,111.74
33280,0.311,1.261,10.014,1.2503,-2.4930,0.0616,3.88,4.71,112.05
33291,0.086,0.906,9.643,0.2255,-2.3264,0.0690,4.38,3.45,111.96
33300,0.227,0.563,9.364,0.1754,-2.3586,0.0110,4.15,2.06,111.98
33311,0.273,0.895,10.114,0.4423,-2.1864,-0.0526,4.61,0.75,111.85
33321,0.731,0.663,9.881,0.5186,-1.0511,0.0206,4.62,-0.46,111.89
33331,1.195,0.531,9.559,0.7070,0.4533,-0.0229,5.23,-0.45,111.91
33341,1.045,0.748,9.641,0.9374,0.7292,-0.0764,5.42,0.03,111.79
33350,1.327,0.972,9.795,0.6909,0.3077,-0.0671,6.32,0.40,111.78
33361,1.364,0.774,9.882,0.2506,-0.4668,-0.0766,6.22,0.39,111.92
33370,1.075,0.604,9.708,0.8741,-0.4973,0.0092,6.63,-0.13,111.98
33380,1.217,1.277,9.987,0.4793,-0.1280,0.0591,7.21,-0.21,112.20
33391,1.099,1.323,9.762,0.5763,-0.0665,0.0399,7.22,-0.25,111.80
33400,1.455,1.262,9.806,0.4344,0.2684,0.0459,7.85,-0.28,111.99
33410,1.106,1.298,9.382,0.3618,-0.0170,-0.0407,7.74,0.05,111.94
33420,1.484,1.233,9.753,0.1440,0.1339,0.0255,8.26,-0.30,111.91
33430,1.401,1.472,9.758,0.1457,0.2477,-0.1070,7.95,0.24,111.78
33441,1.312,1.317,9.803,0.2326,0.0793,0.0945,8.45,-0.02,112.08
33450,2.104,1.256,9.511,0.0707,-0.1397,0.0741,8.20,0.28,111.95
33460,1.260,1.374,9.792,0.4653,-0.3535,0.0050,8.55,-0.13,111.96
33471,1.600,1.158,9.469,0.9792,0.1507,-0.0598,8.73,-0.11,112.02
33480,1.692,1.504,9.651,0.1021,0.4365,-0.0360,9.66,0.05,112.00
33491,1.094,1.528,9.697,0.1592,0.0173,-0.0284,8.86,0.41,111.96
33501,1.046,1.706,9.168,0.5407,-0.2691,-0.0163,9.84,0.05,111.97
33511,1.288,1.588,9.715,-0.3087,0.2892,-0.0031,9.52,0.08,111.92
33520,1.870,2.178,9.555,-0.3397,0.1225,0.0346,9.50,0.38,112.01
33530,1.825,1.543,9.896,0.0997,-0.6670,0.0175,9.17,0.26,111.93
33541,1.484,1.760,9.490,0.6566,-0.0732,0.0132,9.63,-0.38,111.90
33550,1.373,1.998,9.415,-0.0318,0.8507,-0.0515,9.93,0.17,111.97
33560,1.576,1.156,9.737,-0.4865,-0.0904,0.0032,9.61,0.62,111.94
33570,1.065,1.870,10.072,-0.3636,-0.4180,0.0089,9.37,0.05,112.06
33581,0.732,1.202,10.108,-0.1140,0.0429,0.0562,9.18,0.15,111.88
33590,1.355,1.372,9.346,-0.1882,-0.6670,-0.0393,9.26,0.12,111.92
33601,1.579,1.174,9.613,-0.4535,-0.1413,0.0350,8.97,-0.62,111.93
33610,1.489,1.436,9.266,-0.1023,0.2839,0.0743,8.72,-0.02,112.09
33621,0.697,1.806,9.741,-0.3346,-0.2880,0.0214,8.87,-0.30,112.10
33631,0.545,1.254,9.403,-0.3611,0.8326,-0.0153,8.32,-0.34,111.99
33640,1.756,1.743,9.788,0.2534,0.4763,-0.0358,8.48,0.64,111.87
33651,0.808,1.601,9.146,-0.3916,-0.7307,0.0376,8.62,0.21,111.83
33660,1.442,0.996,10.183,-1.1050,0.0729,0.0752,8.03,-0.20,112.02
33671,0.436,1.153,9.879,-0.7882,-0.2792,-0.0165,7.34,0.29,111.92
33681,0.957,1.259,9.785,-0.1238,-0.5900,0.1133,7.15,-0.50,112.02
33691,0.559,1.185,10.227,-0.7113,0.5241,-0.0360,7.23,-0.39,111.91
33701,0.608,1.099,10.591,-0.3218,-1.4248,0.0053,6.35,0.10,111.86
33711,0.912,0.838,10.268,-0.3817,-2.9640,-0.0597,6.83,-2.01,111.92
33721,0.646,1.205,11.106,-1.0516,-2.7163,-0.0027,5.88,-3.30,111.88
33730,0.933,1.020,10.877,-0.4553,-2.8919,-0.0785,5.62,-5.09,112.00
33741,1.367,0.755,11.366,0.1777,-2.5502,0.0503,5.34,-6.67,111.98
33751,1.517,1.067,11.605,-0.8102,-2.7409,-0.0293,5.82,-7.98,112.01
33760,1.770,0.544,12.842,-1.6492,-3.1702,-0.0510,4.42,-9.80,111.74
33770,1.462,1.032,13.111,-0.7920,-2.5346,0.0517,3.88,-11.62,111.91
33780,2.248,0.550,13.772,-0.4242,-2.3901,0.0503,3.52,-12.68,111.80
33790,2.527,0.830,14.150,-0.1799,-3.2207,0.1053,3.42,-14.39,111.99
33801,2.638,0.773,13.751,-1.1983,-2.8568,0.0341,3.31,-16.38,111.89
33810,2.985,0.750,13.276,-1.2964,-2.2073,-0.0090,2.07,-17.67,111.87
33821,2.842,0.107,14.018,-0.5573,-3.3751,-0.0644,1.83,-18.96,111.94
33831,3.313,-0.395,13.745,-0.7827,-3.2956,0.0069,1.43,-21.53,111.97
33840,2.840,0.135,12.958,-0.3212,-2.9668,0.0378,0.94,-22.71,112.00
33850,3.019,-0.073,12.303,-0.4496,-2.4987,0.0350,1.06,-24.94,111.81
33860,3.596,0.065,11.430,-0.5549,-2.0029,0.0821,0.43,-25.55,111.98
33870,3.505,0.182,10.996,-0.4866,-3.3479,-0.0679,0.42,-27.23,112.02
33881,4.028,-0.197,9.857,-0.6900,-2.4668,0.0135,-0.14,-29.40,111.88
33890,4.063,0.045,10.284,0.0873,0.9376,-0.0990,-0.33,-30.02,111.89
33900,3.605,0.225,9.833,0.0867,2.3858,-0.0244,-0.02,-28.34,112.14
33911,3.513,0.074,10.159,0.0898,2.7611,-0.0210,-0.22,-27.29,111.94
33921,3.011,0.057,10.263,0.4934,2.8067,0.0227,0.06,-25.17,112.00
33931,2.449,0.274,10.009,-0.6530,1.6286,-0.0081,0.32,-24.04,111.86
33940,2.750,0.100,10.937,-0.0955,1.9550,-0.0495,-0.66,-23.30,112.03
33951,2.418,-0.327,10.675,1.1051,1.9666,0.0100,0.22,-21.81,112.16
33961,2.033,0.232,10.819,-0.5182,2.2631,0.0158,0.64,-21.04,111.95
33970,1.721,-0.067,11.208,-0.4824,2.5301,-0.0621,-0.37,-19.25,111.98
33981,1.716,0.120,10.722,0.0319,2.2738,0.0318,0.10,-18.13,112.16
33991,0.799,-0.094,11.513,-0.3107,2.2029,-0.0221,-0.35,-16.64,112.02
34000,1.226,-0.550,11.198,0.3515,2.1328,-0.0123,-0.26,-15.61,111.93
34011,1.236,0.180,11.136,0.6910,1.9780,0.0916,0.03,-14.22,112.05
34021,0.705,0.056,11.130,0.4132,2.0378,0.0038,0.55,-13.37,111.97
34031,0.711,0.113,11.592,-0.4466,2.3481,-0.0476,0.48,-11.91,111.93
34041,0.479,0.084,11.278,-0.1618,2.6680,0.0374,0.03,-10.67,111.90
34051,0.258,0.442,11.114,-0.7677,2.9688,0.0165,0.31,-8.85,111.81
34060,-0.283,-0.349,10.992,-0.3614,1.8648,-0.0493,-0.83,-7.27,112.07
34070,0.006,-0.072,10.760,0.6523,1.7378,-0.0829,-0.11,-6.72,111.94
34081,-0.490,0.041,10.388,0.2424,1.7558,0.0841,-0.08,-5.33,111.81
34091,-0.464,0.229,9.938,-0.1579,1.6232,-0.0305,0.17,-4.71,112.00
34100,-0.879,0.077,9.595,-0.3508,1.8355,-0.0178,-0.24,-3.47,111.97
34111,-1.095,-0.030,9.305,-0.0294,1.5489,-0.0341,-0.27,-2.65,112.01
34120,-0.722,-0.329,8.861,0.3705,1.0561,-0.0243,-0.28,-1.69,111.91
34130,-1.255,0.111,8.508,0.3522,1.9067,0.0366,0.17,-1.44,111.92
34141,-1.152,0.296,8.158,-0.2559,2.4090,-0.0329,0.11,0.48,112.15
34150,-0.956,0.025,8.332,0.1326,1.6113,0.0544,-0.11,1.35,111.91
34161,-1.283,-0.154,8.121,0.0714,1.0361,0.0044,0.28,2.34,111.98
34171,-1.668,0.168,7.805,-0.4411,0.7013,-0.0208,-0.04,2.52,112.09
34180,-1.471,0.050,7.731,-0.0998,1.7577,-0.0263,-0.19,3.15,111.82
34190,-1.483,-0.037,8.184,-0.3590,2.2880,0.0809,-0.21,4.55,111.90
34200,-1.807,-0.237,7.593,0.2236,1.5728,0.1166,-0.63,5.77,111.96
34211,-1.789,-0.164,7.885,0.7232,1.5221,0.0513,0.05,6.36,112.01
34221,-2.140,-0.069,7.611,0.0754,2.0477,0.0278,0.21,7.52,111.96
34230,-2.279,0.567,8.131,0.5245,1.6073,0.0144,0.15,8.69,111.95
34241,-2.314,0.117,7.972,-0.2305,1.4557,0.0041,0.80,9.36,112.05
34251,-2.171,-0.066,8.096,-1.0306,1.5097,-0.0171,-0.11,10.41,112.05
34260,-2.007,-0.147,8.294,0.5661,1.1807,-0.0074,-0.39,11.15,111.91
34270,-2.702,-0.031,8.773,0.7473,1.5054,0.0720,0.54,11.75,112.02
34280,-2.656,0.453,8.853,-0.6652,1.6859,-0.0902,0.47,12.88,111.85
34291,-2.589,-0.061,9.132,-0.4309,1.4915,0.0404,-0.24,13.66,111.92
34300,-2.491,-0.015,9.365,0.3179,0.5007,-0.0206,-0.02,14.57,111.98
34311,-2.606,-0.040,22.627,0.7825,-1.3788,-0.0177,0.16,14.22,112.02
34321,-2.414,0.070,19.602,0.8043,-2.5011,-0.0231,0.90,12.99,111.92
34331,-1.287,0.264,14.751,0.8268,-2.5524,0.0378,1.07,11.37,112.11
34341,-1.376,0.348,12.573,1.1050,-2.8271,0.0478,1.84,10.05,111.96
34351,-1.047,0.503,10.276,1.0740,-2.4012,-0.0252,2.33,8.15,111.91
34360,-0.948,1.107,10.136,0.3526,-1.9347,0.0012,3.05,7.32,112.07
34371,-0.466,0.426,9.496,0.4130,-2.3902,-0.0249,2.75,5.93,111.89
34381,-0.782,0.687,9.681,1.0924,-2.2797,0.0697,3.52,4.54,111.87
34391,-0.066,0.728,9.843,0.5868,-2.1019,0.0559,4.01,3.28,112.07
34401,0.836,1.095,9.410,0.8475,-2.7709,0.0569,4.16,2.16,111.87
34411,0.834,1.089,9.777,0.7145,-1.9331,-0.0611,4.96,0.11,111.99
34420,1.406,1.124,9.628,0.2191,-0.1001,-0.0358,4.98,-0.06,112.03
34431,1.044,0.808,9.804,1.0657,0.5954,-0.0237,5.26,-0.03,112.07
34441,1.082,0.791,9.741,0.3660,0.0082,-0.0937,6.21,0.64,111.93
34451,0.577,0.616,9.578,0.3450,-0.7079,-0.0094,5.68,-0.04,111.96
34461,1.425,0.987,10.293,0.5983,0.4334,-0.0148,6.60,-0.21,111.95
34471,1.011,0.724,9.799,0.4146,0.5361,0.1047,6.33,0.50,112.08
34480,0.942,1.206,9.708,0.9352,-0.8063,0.0447,7.03,0.38,111.93
34491,1.073,1.233,9.648,0.5833,-0.3024,0.0255,7.38,-0.44,111.92
34501,1.270,1.578,9.722,0.6730,0.7998,0.0569,7.69,0.05,112.00
34510,1.420,1.220,9.853,0.0442,-0.3360,-0.0835,8.09,0.46,111.99
34520,1.546,1.174,10.040,-0.3011,-0.4696,-0.0091,7.69,-0.36,111.92
34531,1.368,1.338,10.110,0.6267,-0.0436,0.0053,7.73,-0.07,111.93
34540,1.617,1.850,9.771,0.7194,-0.0128,-0.0555,8.37,-0.37,111.88
34551,1.901,1.012,9.746,0.2593,-0.0552,0.0290,8.58,-0.06,112.02
34561,1.339,1.528,9.393,0.8096,-0.3413,-0.0441,8.62,-0.40,112.08
34571,1.637,1.517,9.338,0.2590,0.4680,-0.0023,9.53,-0.48,112.01
34580,1.446,1.244,9.474,-0.7948,0.4413,-0.0566,8.94,0.13,112.06
34590,1.653,1.640,10.102,-0.0817,-0.2867,0.0950,8.62,0.02,111.99
34601,1.618,1.367,9.486,0.5836,-0.0490,0.0125,8.87,-0.21,111.96
34611,1.385,1.463,9.957,0.2488,-0.2137,0.0290,9.29,-0.06,112.00
34620,1.564,1.643,10.082,0.2149,-0.1187,-0.0711,9.16,-0.44,112.07
34630,1.451,1.590,9.592,0.2574,0.2208,-0.0056,9.56,-0.16,112.03
34641,1.214,1.579,9.465,-0.0877,0.3730,0.0151,9.47,-0.22,111.91
34651,1.479,1.137,9.739,-0.0934,0.5136,0.0334,9.45,0.26,112.03
34661,1.111,1.451,9.886,-0.0986,-0.7458,0.0104,9.39,0.39,111.80
34670,1.549,1.495,9.745,-0.3916,-0.4894,-0.0426,9.31,-0.63,112.02
34680,1.450,1.316,9.497,0.0420,0.3780,-0.1473,8.95,-0.15,111.99
34690,1.101,1.326,9.325,0.1144,0.4215,0.0199,9.35,-0.17,112.07
34700,1.159,1.715,9.676,-0.8267,0.0515,0.0465,9.09,0.38,112.14
34710,1.365,1.013,10.032,-0.4539,-0.5840,-0.0383,8.40,-0.07,111.96
34720,1.605,1.289,9.835,0.1620,-0.2282,-0.0218,8.58,-0.27,111.88
34730,1.175,1.460,9.270,-0.0940,-0.0216,0.0014,8.57,-0.32,112.00
34741,1.008,1.340,9.935,-0.5750,0.0648,0.0094,8.49,-0.31,111.90
34751,0.717,1.888,9.876,-0.5419,-0.0018,0.0045,7.98,-0.24,112.03
34760,0.720,0.862,9.600,-1.0622,0.2336,-0.0225,7.86,-0.32,111.97
34770,0.837,1.199,9.757,-0.7445,0.2740,0.0958,6.76,0.03,111.96
34780,0.634,1.145,9.963,0.0117,-0.2102,-0.1051,7.00,0.01,112.02
34791,0.630,0.926,10.018,-0.7653,-0.0024,-0.0556,6.79,-0.20,111.84
34800,0.567,0.952,9.676,-0.5437,-1.5652,-0.0257,6.18,0.03,111.98
34810,0.709,1.204,10.385,-0.3546,-3.0954,-0.0246,6.16,-1.97,112.01
34821,0.841,1.261,10.162,-0.9256,-2.9307,-0.0378,5.76,-3.52,111.98
34830,1.033,1.013,11.501,-0.3800,-2.4131,0.0421,5.14,-5.35,111.96
34840,1.128,0.814,11.042,-0.5030,-2.4125,0.0418,5.30,-6.29,112.01
34851,1.597,0.600,12.055,-0.9073,-2.8039,0.0008,4.57,-8.13,111.80
34860,1.688,0.836,12.296,-0.2449,-2.5067,0.0329,4.27,-9.49,112.04
34871,1.875,0.513,12.076,-0.7416,-3.2867,0.0457,4.29,-11.00,112.14
34881,1.823,0.574,12.907,-0.6045,-3.0051,-0.0105,3.40,-13.29,111.90
34890,1.718,0.771,13.186,-0.4299,-2.6564,0.0138,3.61,-14.45,111.95
34901,2.483,0.113,13.487,-1.3052,-2.9466,0.0750,2.92,-16.36,112.01
34910,2.765,0.579,13.333,-1.2161,-2.7603,-0.0717,2.11,-17.84,111.97
34921,2.674,-0.183,13.547,-0.4912,-2.3037,0.0214,1.50,-19.51,111.93
34930,2.724,0.827,13.096,-0.5606,-2.7153,0.0314,1.53,-20.50,111.99
34941,2.804,0.523,12.377,-1.0977,-3.5351,0.0088,0.85,-22.63,111.94
34950,3.183,0.340,11.791,-0.8887,-2.6129,0.0330,0.28,-24.52,111.86
34970,3.554,0.181,10.147,0.0429,-2.8366,0.0362,-0.16,-26.85,112.13
34981,3.951,-0.007,10.383,0.1837,-2.0407,-0.0072,-0.14,-28.91,111.89
34991,3.694,-0.004,9.364,-0.1928,0.1508,0.0321,0.05,-29.16,111.85
35000,3.487,-0.151,10.054,-0.1763,2.0540,-0.0066,-0.38,-28.73,111.96
35010,3.121,0.232,10.078,0.1604,3.3120,0.0021,-0.16,-26.81,112.05
35020,3.098,0.278,9.929,-0.0449,2.0647,-0.0616,-0.19,-24.91,111.79
35030,2.650,-0.254,10.029,0.4960,1.0482,0.0252,-0.23,-24.48,111.80
35041,2.280,0.014,10.082,0.2744,2.2530,-0.1256,0.39,-23.71,112.08
35050,2.364,0.196,10.766,0.2374,2.3427,0.0237,0.08,-21.91,111.94
35060,2.501,0.344,10.598,0.1116,2.1521,0.1338,0.64,-21.01,112.06
35071,1.719,0.556,11.037,-0.4730,2.5860,-0.0097,0.24,-19.47,111.99
35081,1.694,-0.018,11.445,0.0948,2.0614,0.0919,0.11,-18.06,112.02
35090,1.472,0.138,11.061,0.1853,2.0032,-0.0351,0.38,-17.10,111.94
35100,1.620,-0.286,11.423,-0.7498,2.0850,0.0724,0.35,-15.76,111.96
35111,1.242,0.277,11.369,-0.5149,2.4408,0.0531,-0.49,-14.72,112.18
35120,0.405,-0.091,11.126,0.3711,2.3985,-0.0214,-0.24,-13.01,112.01
35131,0.686,-0.004,11.299,0.2553,2.3345,-0.0251,-0.07,-11.96,111.99
35140,0.602,0.188,11.096,0.1278,1.7454,-0.0597,0.09,-10.28,112.00
35150,-0.021,0.020,10.688,-0.4824,1.8985,0.0891,0.08,-9.95,111.94
35160,-0.278,-0.435,10.936,0.0613,2.4484,-0.0638,-0.46,-8.11,112.03
35171,-0.292,0.341,10.499,0.5316,2.1410,-0.0258,0.11,-7.17,111.81
35181,0.080,0.215,10.244,-0.3691,2.6714,0.0377,0.13,-5.65,111.98
35190,-0.801,-0.207,9.625,-0.4705,2.1440,0.0082,-0.27,-4.11,111.91
35201,-0.868,-0.633,9.737,0.3862,1.2545,0.0228,-0.35,-3.21,111.95
35211,-1.297,-0.297,9.229,0.2098,0.9142,0.0269,0.17,-2.67,111.94
35221,-1.088,-0.236,8.896,0.0790,1.6901,-0.0202,-0.13,-2.13,111.83
35231,-1.243,0.017,8.842,0.3700,1.8846,0.0525,0.25,-0.76,112.07
35241,-1.052,0.101,8.696,-0.1255,1.3878,0.0387,0.30,-0.01,112.02
35250,-1.395,-0.291,8.227,-0.6071,1.4111,-0.0514,0.11,0.82,111.93
35260,-1.168,-0.302,8.313,-0.3500,1.8241,0.0249,-0.43,1.62,111.98
35270,-1.687,0.018,8.031,-0.0845,1.5112,0.0624,-0.27,2.94,111.93
35280,-1.557,-0.344,7.544,0.1149,1.1325,-0.0606,-0.55,3.32,111.88
35290,-1.415,0.380,7.589,0.2428,1.7918,-0.0003,-0.15,4.25,111.90
35300,-1.883,-0.306,7.503,0.5475,1.5355,-0.0047,-0.27,5.41,112.04
35310,-1.766,0.012,7.485,0.4179,1.5341,-0.0673,0.47,6.01,111.85
35321,-1.708,0.437,7.737,-0.4730,1.3477,0.0456,0.19,7.18,112.14
35330,-1.674,-0.154,7.577,-0.4927,1.5961,0.0176,-0.07,7.58,112.05
35340,-2.106,-0.513,7.952,0.5475,1.9517,-0.1258,-0.37,9.05,112.01
35350,-2.114,0.072,8.090,0.1015,1.6846,0.0734,0.54,9.83,111.93
35360,-2.012,-0.165,8.436,-0.9819,2.0113,-0.0212,-0.26,10.95,111.91
35370,-2.291,-0.355,8.502,0.0217,1.9574,-0.0329,-0.60,12.09,111.91
35381,-2.498,-0.126,8.657,0.1368,1.4771,0.0294,-0.23,13.17,111.90
35391,-2.899,0.013,8.747,0.4255,1.5547,-0.0305,-0.43,13.82,112.14
35401,-2.267,-0.194,9.421,0.2709,0.6327,-0.0190,0.25,14.93,111.89
35410,-2.186,0.009,22.998,0.4454,-1.6312,-0.0486,-0.11,14.56,111.97
35420,-1.475,-0.078,19.804,1.4442,-2.4737,0.0147,0.80,13.05,112.11
35430,-1.597,0.134,15.937,0.4199,-2.3091,-0.0028,1.54,11.72,112.02
35440,-1.350,0.045,12.522,0.3397,-2.1600,0.0380,1.25,10.41,111.91
35451,-0.853,0.537,11.036,1.5174,-2.1583,0.0782,1.93,9.28,112.06
35461,-1.164,0.612,10.484,0.6923,-1.9462,0.0608,2.98,7.90,112.05
35470,-0.645,0.613,9.100,0.1762,-2.5309,0.0559,2.75,7.05,112.07
35480,0.030,0.623,9.518,0.7080,-2.5422,-0.0328,3.18,4.97,112.03
35491,-0.464,0.743,9.749,0.5921,-2.3108,-0.0816,3.58,4.12,111.76
35500,0.492,0.790,9.685,0.6283,-2.8580,0.0759,3.86,2.32,111.98
35510,0.440,0.945,10.067,1.1818,-2.0691,-0.0837,4.25,0.83,111.90
35520,1.222,1.051,10.124,1.2058,-0.8296,0.0035,5.19,-0.06,111.92
35531,1.085,1.129,9.657,0.1551,0.0521,0.0005,5.63,-0.12,111.98
35540,1.381,1.025,10.090,0.8243,0.4351,0.0612,5.36,-0.03,112.02
35550,1.475,1.319,10.063,1.2872,0.1335,0.0125,6.59,0.37,111.98
35560,0.600,1.612,9.790,-0.0089,-0.5100,0.0390,6.82,0.14,112.02
35571,1.457,0.558,9.809,-0.2431,0.2131,0.0000,6.57,-0.23,112.11
35580,1.125,0.951,9.646,0.3470,0.5922,-0.0459,6.48,0.42,111.92
35591,1.223,1.269,9.289,0.8498,-0.1491,0.0667,6.98,0.42,111.90
35600,1.621,1.354,9.203,0.7133,-0.8885,0.0283,7.51,0.21,111.98
35611,1.497,1.033,9.364,0.9438,0.1215,0.0257,7.77,-0.60,111.91
35621,1.239,1.498,9.747,0.1640,0.5052,0.0112,8.61,0.36,111.90
35631,1.695,1.774,9.830,-0.0996,0.0630,-0.0316,7.95,0.01,111.91
35640,1.487,1.418,9.395,0.6376,-0.0108,0.0829,8.52,0.41,112.02
35650,1.651,1.505,9.920,0.5570,-0.3022,0.0360,8.70,-0.01,112.19
35660,1.747,1.942,10.306,0.3171,-0.0244,-0.0108,9.19,0.05,111.95
35671,1.862,1.242,9.639,-0.0539,-0.3799,-0.0329,9.04,-0.07,112.18
35680,1.683,1.512,9.974,0.2771,-0.1718,0.0219,9.17,-0.37,112.02
35691,1.783,1.786,9.702,0.1823,0.4824,0.0217,9.38,-0.25,111.99
35700,1.398,1.595,9.100,0.3190,0.2051,-0.0425,9.35,0.15,112.09
35711,1.678,1.572,9.292,0.3995,-0.0042,0.0273,9.74,0.01,111.98
35721,1.232,1.693,9.375,-0.2861,0.1124,-0.0054,9.81,0.13,111.96
35730,1.728,1.486,9.987,0.1263,-0.3540,0.0727,9.43,0.14,111.90
35740,1.456,1.832,9.825,0.3276,0.5682,0.0266,9.98,-0.27,111.85
35750,1.390,1.455,9.487,-0.2824,0.2219,0.0444,9.82,0.77,111.99
35761,1.728,1.198,9.396,0.1433,-0.8883,-0.0094,9.68,-0.00,111.93
35770,1.294,2.013,9.536,0.2913,-0.0472,-0.0342,9.97,-0.25,111.94
35781,1.120,1.506,9.706,-0.6149,0.2392,-0.0261,10.01,-0.05,111.82
35791,1.102,1.453,9.443,-0.6036,0.2488,-0.0776,9.31,0.02,111.88
35801,1.179,1.223,9.643,0.0563,-0.3818,0.0330,9.34,0.21,112.04
35810,0.795,1.220,10.144,0.2913,0.2314,-0.0254,9.37,-0.42,112.01
35821,1.178,0.777,9.455,-0.1715,-0.0799,0.0077,9.70,0.45,112.06
35830,1.384,1.082,9.372,-0.6996,-0.2683,0.0316,9.16,-0.51,112.09
35841,0.946,1.374,9.717,0.0871,0.2827,-0.0500,8.94,0.14,112.05
35851,0.900,1.505,9.668,-0.4484,0.0548,0.0219,9.28,-0.17,111.87
35861,0.594,1.654,9.446,-0.6537,0.3129,-0.0325,8.39,0.19,112.05
35870,1.105,1.349,9.937,-0.5441,0.3472,-0.0690,8.53,0.23,111.89
35881,-0.050,1.594,9.611,-0.6363,0.1185,-0.1142,7.79,0.58,112.01
35890,0.579,1.556,9.727,-0.0429,-0.7476,-0.0260,7.76,0.34,112.02
35901,0.691,1.144,9.894,-0.7303,-0.3639,0.0079,7.72,-0.29,111.96
35911,0.883,1.496,9.808,-0.9303,0.8300,-0.0204,6.94,-0.07,111.88
35921,0.536,1.311,10.345,-0.3911,-1.4933,-0.0220,6.65,0.70,112.05
35931,0.707,1.155,10.463,0.0109,-3.0202,0.0154,6.48,-1.76,112.12
35940,0.766,1.139,10.435,-1.0374,-2.5887,0.0083,6.63,-2.80,112.10
35951,1.114,0.837,10.292,-1.1904,-2.8942,0.0406,5.34,-4.70,111.88
35961,1.142,0.462,11.145,0.0824,-3.0263,0.0073,5.29,-6.07,112.02
35971,1.328,0.698,11.615,-1.0908,-3.4010,0.0030,5.39,-8.18,111.86
35981,1.212,0.722,11.820,-0.4632,-2.9505,0.0785,4.05,-9.99,112.03
35990,2.242,0.568,12.417,-0.0607,-2.4019,-0.0659,4.88,-11.57,112.05
36001,1.974,0.681,12.509,-0.6711,-1.9036,-0.0999,3.96,-12.75,112.11
36011,1.827,0.686,12.809,-1.0202,-2.3205,-0.0760,4.10,-13.74,112.01
36020,1.976,0.555,13.178,-1.0664,-2.8123,-0.0183,2.79,-15.42,111.86
36031,2.089,0.323,13.253,-0.6708,-3.1640,-0.0324,2.90,-16.97,112.09
36041,2.378,0.324,13.412,-0.9416,-2.5086,0.0401,2.02,-19.05,112.01
36051,2.575,0.381,13.279,-0.7970,-2.0433,0.0472,1.87,-19.79,111.89
36061,3.183,0.144,12.571,-1.0152,-3.1844,0.0273,1.12,-21.37,111.89
36070,2.806,0.161,12.135,-1.0552,-2.5602,0.0138,0.71,-23.44,112.01
36081,3.351,-0.040,11.935,-1.3602,-2.8060,-0.0421,-0.06,-24.30,111.92
36090,3.368,-0.392,10.872,0.0344,-3.2593,-0.0207,-0.85,-26.63,111.90
36101,4.046,-0.563,10.721,1.3508,-2.1877,-0.0411,-0.02,-28.05,112.01
36110,3.801,0.093,9.679,-0.0606,-1.0478,0.0010,0.71,-29.16,111.93
36121,3.866,0.288,9.950,-0.7450,0.9710,0.0291,-0.09,-29.24,111.92
36131,3.815,0.018,9.326,0.2091,2.4135,-0.0017,-0.15,-28.06,112.02
36141,3.382,-0.186,9.825,-0.0812,2.0224,0.0565,0.15,-26.46,111.90
36150,3.171,0.301,9.972,-0.2393,1.9090,0.0529,-0.20,-25.76,111.96
36161,2.740,-0.114,10.313,-0.1590,2.0685,-0.0366,-0.15,-24.30,111.91
36171,2.196,-0.073,10.393,-0.1187,2.0062,-0.1095,-0.38,-23.37,112.03
36180,2.167,-0.285,10.487,0.6210,2.2370,-0.0223,-0.28,-22.00,112.03
36190,2.255,-0.061,10.789,0.0075,2.7239,0.0220,0.32,-20.77,111.94
36200,1.652,-0.106,11.543,-0.2576,2.1956,-0.0041,-0.26,-18.90,111.96
36210,0.987,-0.244,11.716,0.1350,1.2049,0.0292,0.06,-18.26,112.05
36220,1.283,0.309,11.438,-0.2809,1.7199,-0.0147,-0.11,-17.54,112.01
36231,0.870,-0.067,11.521,0.1764,2.0608,0.0200,-0.26,-16.27,112.00
36241,1.197,0.024,11.359,0.4405,2.5549,0.0704,0.09,-15.21,111.91
36250,0.763,-0.348,11.332,-0.3924,2.5211,0.0143,0.25,-13.34,111.92
36261,0.281,-0.090,10.881,-0.0998,1.8877,0.0685,-0.37,-12.31,112.00
36270,0.152,0.303,11.132,0.4922,2.5402,-0.0718,0.10,-11.15,111.98
36281,-0.089,-0.029,10.328,-0.1663,2.4232,-0.0003,0.24,-9.42,112.02
36290,-0.523,-0.060,11.030,-0.2545,2.1301,0.0219,-0.09,-8.36,111.80
36301,-0.303,-0.224,11.419,0.0660,2.2272,-0.0136,-0.02,-6.97,111.93
36311,-0.469,0.027,10.193,0.1134,2.0926,0.0280,0.00,-5.79,111.97
36321,-0.624,-0.115,10.235,-0.3383,1.3298,-0.0042,0.06,-4.61,111.97
36330,-0.854,0.003,9.869,-0.1659,0.9252,0.0578,-0.34,-4.27,111.79
36340,-0.589,0.175,9.244,0.4357,1.8419,0.0083,-0.15,-3.56,111.95
36351,-1.195,-0.066,8.763,-0.0857,2.1727,0.0231,0.12,-2.16,111.92
36361,-1.330,-0.263,9.164,-0.1070,1.2909,0.0508,-0.23,-1.06,111.91
36370,-1.001,-0.043,8.388,0.1955,1.3907,0.0020,-0.03,-0.67,112.06
36381,-1.210,-0.227,8.476,-0.1512,1.5007,0.0493,-0.02,0.53,112.02
36391,-1.558,-0.137,7.945,0.0824,1.4145,0.0128,-0.23,1.05,111.96
36401,-1.521,-0.077,7.859,0.5693,1.3684,0.0446,0.04,2.13,111.88
36410,-1.521,-0.087,7.912,-0.2393,1.5042,-0.0173,0.39,2.65,112.00
36420,-2.094,0.033,7.877,-0.5060,1.4480,0.0747,-0.24,3.84,111.85
36430,-1.757,-0.147,7.682,0.1503,1.6382,-0.0478,-0.18,4.31,111.96
36441,-1.828,0.290,7.584,-0.1607,2.0824,0.0347,-0.05,5.74,111.93
36451,-2.138,-0.003,7.479,-0.1063,1.1943,-0.0381,-0.36,6.70,112.04
36460,-2.441,-0.208,8.186,-0.0790,1.2901,0.0043,-0.18,7.13,111.98
36471,-2.001,0.056,7.908,-0.2889,2.0886,0.0185,-0.45,8.17,112.00
36481,-2.584,0.067,7.971,0.4872,2.1279,-0.0113,-0.56,9.52,112.07
36490,-2.385,-0.164,8.893,0.7059,1.1355,0.0048,0.10,10.61,111.90
36500,-1.943,-0.061,8.056,0.3872,0.2773,-0.0300,0.25,10.83,111.97
36510,-2.019,-0.116,8.777,-0.2811,1.3849,-0.0556,0.52,10.91,112.00
36521,-2.252,0.129,8.871,-0.2055,1.7039,-0.0409,-0.05,12.37,111.90
36531,-2.752,0.033,9.095,-0.0281,1.3886,0.0413,0.29,12.84,111.97
36541,-2.222,-0.412,9.188,-0.3062,1.2204,0.0350,-0.09,13.96,111.93
36550,-2.391,0.028,23.901,0.7550,-0.1076,0.0373,-0.06,14.25,112.00
36561,-2.438,-0.353,21.507,0.8936,-2.3647,-0.0640,0.80,13.88,112.00
36571,-1.651,-0.233,17.188,0.7499,-2.7206,-0.0669,0.98,11.51,112.01
36581,-1.775,0.731,13.366,0.8904,-1.7170,0.0067,1.70,10.79,112.00
36591,-1.334,0.681,10.931,0.3452,-2.5573,-0.0080,2.04,9.55,112.07
36600,-0.531,0.332,10.189,0.3968,-2.4079,0.0039,2.09,7.81,111.99
36611,-0.864,0.120,9.738,0.7278,-1.9485,-0.0279,2.49,6.78,112.02
36620,-0.371,0.677,9.635,0.8851,-2.0051,0.0167,2.94,5.56,112.04
36630,0.430,0.224,9.704,1.2397,-2.7727,-0.0651,3.47,4.50,111.96
36640,0.514,0.800,9.822,0.8461,-2.9525,-0.0515,4.36,2.39,111.89
36651,0.266,0.909,10.118,0.8280,-2.1875,0.0256,4.45,1.11,111.96
36661,1.148,0.888,9.607,0.8858,-0.8642,0.0053,5.31,-0.13,111.87
36671,1.152,0.865,9.729,0.2519,0.7123,-0.0204,5.43,0.11,112.00
36680,1.131,1.099,9.947,0.2821,-0.3398,-0.0395,5.59,0.68,111.97
36691,0.973,0.712,9.454,0.1698,-0.4117,0.0528,5.75,-0.27,111.88
36700,0.562,1.485,9.406,1.0859,0.1897,-0.0840,5.77,0.20,112.14
36710,0.983,1.751,9.584,1.3861,-0.5537,-0.0091,7.02,-0.03,111.94
36720,0.989,1.639,9.723,0.1830,0.3974,0.0155,7.41,-0.45,112.04
36731,1.174,1.296,9.495,0.6771,0.8526,0.0746,7.26,0.39,111.87
36741,1.300,1.427,9.913,0.5548,-0.5467,0.0319,8.14,0.53,111.99
36751,1.790,1.129,10.214,-0.0061,-0.4726,0.0815,7.88,-0.21,111.99
36761,1.011,1.116,9.259,0.7506,0.0691,0.0242,8.15,-0.01,111.90
36771,1.382,1.594,9.470,0.4154,0.2850,0.0524,8.74,-0.15,111.98
36781,1.268,1.044,10.123,-0.0247,0.5147,0.0115,8.63,0.30,112.00
36790,1.196,1.234,9.668,0.2935,-0.2633,-0.0554,8.70,0.42,111.84
36801,1.670,1.532,10.027,-0.0049,-0.2298,-0.0338,8.91,0.00,111.91
36811,1.569,1.092,9.674,0.3232,0.1390,0.0473,8.68,0.18,111.90
36820,0.919,1.515,9.223,0.6939,0.0857,-0.0512,9.32,0.19,111.94
36831,1.279,2.208,10.005,0.5442,0.0494,0.0809,9.47,0.28,112.15
36840,1.407,1.462,10.145,0.3586,-0.3869,-0.0719,9.95,0.25,111.92
36851,1.579,1.477,9.535,-0.3948,-0.1836,-0.1019,9.87,-0.18,111.81
36861,1.953,1.398,9.296,0.1394,0.5194,0.0034,9.53,0.05,111.93
36871,1.296,1.635,9.369,0.3711,0.1682,0.0144,10.04,0.41,111.94
36881,1.239,1.884,9.807,0.2377,-0.5404,0.0269,9.92,0.23,111.82
36891,1.257,1.867,9.576,0.2096,-0.2544,-0.0948,10.31,-0.22,111.95
36901,1.321,1.862,9.284,-0.4653,0.2791,0.0303,10.10,-0.06,111.96
36911,1.081,1.238,9.091,-0.0284,0.0653,-0.0623,9.77,0.06,111.85
36920,1.369,1.771,9.577,-0.1830,-0.1028,0.0184,10.06,0.04,112.06
36931,1.625,1.316,10.174,-0.6446,0.1957,-0.0062,9.57,-0.04,111.95
36941,1.270,1.389,9.348,0.0033,0.2271,0.0122,9.30,0.28,111.88
36951,1.502,1.293,9.802,0.1955,-0.2526,0.0325,9.55,0.21,111.93
36960,1.462,1.812,9.629,-0.0390,-0.2172,0.0970,9.51,0.00,111.83
36971,0.936,1.844,9.596,-0.3974,0.3930,0.0261,9.51,-0.01,111.92
36980,1.101,1.790,9.136,-0.5561,0.0580,0.0122,9.01,0.43,111.80
36991,0.984,1.364,9.628,-0.1328,-0.3337,0.0586,8.85,0.04,111.96
37000,0.631,1.545,9.737,-0.3929,-0.0970,0.0124,8.84,0.05,111.73
37011,0.573,1.356,9.636,-0.1805,-0.1314,0.0166,8.38,-0.04,112.04
37020,0.524,1.844,10.093,-0.8184,0.0530,-0.0786,8.64,-0.11,111.87
37030,0.931,0.895,9.588,-1.2193,-0.1669,0.0494,7.45,0.05,112.00
37050,0.792,1.401,9.751,0.0867,0.3508,0.0001,7.24,0.23,111.91
37061,-0.362,1.273,9.722,-0.4793,-0.9303,-0.0657,7.35,0.07,111.98
37071,0.405,1.114,10.657,-1.2050,-2.6404,-0.0250,6.67,-0.86,111.91
37080,0.783,1.255,10.619,-0.3907,-2.5651,-0.0036,5.95,-2.93,111.87
37091,1.351,1.140,10.676,-0.5414,-2.7121,0.0469,6.24,-3.80,112.05
37100,1.081,1.215,11.205,-0.4832,-3.2850,-0.0280,5.31,-6.01,111.94
37111,1.546,1.022,11.567,-0.1612,-2.5543,0.0359,5.66,-7.58,112.01
37120,1.328,0.270,11.781,-0.6383,-2.2646,0.0152,5.16,-8.91,111.90
37131,1.828,1.117,12.409,-0.5653,-2.8390,-0.0414,4.94,-10.18,111.86
37141,1.663,1.028,13.101,-0.8614,-2.8047,0.0360,4.46,-12.17,111.97
37151,1.921,0.366,13.369,-0.9072,-2.7106,-0.0186,4.00,-13.39,111.99
37161,2.144,0.928,13.698,-1.1108,-2.7477,0.0717,3.47,-15.24,111.99
37170,2.597,0.113,13.602,-0.9719,-2.7440,-0.0599,2.73,-16.54,111.96
37180,2.641,0.351,13.392,-0.6508,-2.8093,0.0366,2.36,-18.40,112.00
37190,2.726,0.282,14.027,-0.6866,-2.2274,-0.0057,1.95,-19.75,112.13
37201,3.042,0.224,13.194,-0.9426,-2.7537,0.0257,1.57,-20.95,111.89
37210,3.322,0.003,12.427,-1.0500,-2.9637,-0.0008,0.90,-22.89,111.87
37221,3.187,-0.167,11.416,-0.2740,-3.0441,0.0118,0.39,-24.39,111.99
37231,3.791,0.064,10.909,-0.6255,-3.2013,-0.0674,0.59,-26.36,112.07
37240,3.955,0.093,10.863,-0.2382,-2.3392,-0.0195,-0.35,-28.05,111.86
37250,3.966,-0.067,10.075,0.8625,-1.2064,-0.0069,0.32,-29.06,111.97
37260,3.710,0.052,9.952,-0.5560,0.4689,0.0128,0.61,-29.42,112.04
37271,3.168,-0.035,9.712,-0.1729,2.3606,0.0541,-0.31,-28.55,112.05
37280,3.309,-0.154,10.028,0.2460,2.3433,-0.0020,0.42,-26.72,111.95
37290,2.695,-0.255,10.515,0.0002,1.6997,-0.0920,-0.03,-25.84,111.93
37301,3.034,-0.093,10.188,-0.1204,2.2669,0.0319,0.44,-24.80,111.95
37310,2.625,0.006,10.401,-0.0480,1.9855,-0.0481,-0.17,-23.21,111.96
37321,2.331,0.251,10.701,-0.0340,1.7682,0.0503,0.39,-22.56,111.90
37331,2.106,0.070,10.587,-0.6771,2.0655,-0.0604,-0.21,-21.19,112.07
37340,1.972,0.039,11.263,0.6161,2.1251,-0.0290,-0.39,-20.22,111.99
37351,1.853,0.284,11.715,0.1216,2.2682,-0.0059,0.53,-18.76,111.95
37361,1.671,0.323,11.668,-0.7873,2.2842,-0.0774,-0.25,-17.61,111.81
37371,1.347,-0.087,10.682,0.2483,2.0784,-0.0116,-0.38,-16.15,111.73
37381,1.555,0.083,11.427,0.2634,2.0849,0.0247,0.01,-15.24,111.99
37390,0.874,-0.006,11.404,0.3066,2.0086,0.0304,-0.09,-13.75,111.79
37400,0.845,0.031,11.267,-0.1190,2.3113,-0.0966,0.36,-12.93,112.06
37411,1.085,-0.456,11.615,-0.4334,2.2073,0.0420,-0.26,-11.10,111.93
37421,0.251,-0.298,10.346,0.4355,2.1399,-0.0256,-0.13,-10.36,111.99
37431,-0.256,-0.315,11.378,-0.0917,2.4682,0.0149,0.24,-8.64,112.13
37441,0.040,-0.650,10.805,0.0740,1.6807,-0.0320,-0.22,-7.50,112.00
37451,-0.309,0.264,10.120,0.4567,1.7620,-0.0826,0.31,-6.73,111.90
37460,-0.749,-0.128,10.568,0.2422,1.6847,-0.0156,0.32,-5.48,112.14
37471,-0.161,0.064,9.837,0.2232,1.4871,-0.0495,0.60,-4.78,112.06
37480,-1.057,-0.134,9.531,-0.6884,2.3085,-0.0810,0.63,-3.77,112.01
37490,-0.988,0.137,9.487,-0.7097,1.8470,-0.0166,-0.22,-2.14,111.96
37501,-0.776,0.033,9.244,-0.0448,1.3706,0.0373,-0.21,-1.65,111.98
37511,-0.937,0.281,8.439,0.1841,1.5560,-0.0020,-0.27,-0.58,111.96
37520,-0.960,-0.459,8.752,0.1912,1.9079,0.0065,-0.01,0.14,111.90
37531,-1.256,0.074,8.590,-0.0668,1.8261,-0.0802,-0.04,1.62,111.96
37540,-1.590,0.039,7.863,-0.2461,0.9290,-0.0088,-0.06,2.21,111.86
37550,-1.060,-0.092,7.843,0.4135,1.5803,-0.0422,-0.34,2.71,111.97
37560,-1.392,0.275,7.590,-0.0841,1.3494,0.0036,0.39,3.97,111.82
37570,-2.012,0.143,7.637,-0.4970,1.3230,0.0072,-0.44,4.24,111.96
37581,-2.109,0.112,7.383,0.5600,1.9211,-0.0329,-0.16,5.48,112.04
37591,-2.064,-0.117,7.201,0.2856,0.9933,0.1014,0.24,6.45,111.87
37600,-1.805,-0.136,7.816,-0.3116,0.9370,0.0444,0.19,6.64,111.70
37611,-2.075,0.008,7.542,0.1012,1.8619,-0.0279,-0.06,7.54,111.79
37621,-2.455,-0.169,7.989,-0.0367,2.0848,0.0038,0.29,8.75,112.07
37630,-2.543,0.197,7.945,0.2141,1.8842,0.0363,-0.10,9.92,111.85
37640,-2.132,-0.008,8.249,0.3474,1.0397,0.0274,0.59,10.91,111.87
37651,-2.611,-0.242,8.469,-0.7280,1.2128,0.0338,0.31,11.17,111.94
37661,-2.181,0.082,8.640,-0.0341,1.8544,-0.0000,-0.22,12.27,111.91
37670,-2.367,-0.097,8.700,0.1024,1.4460,-0.1060,0.26,13.29,111.85
37680,-2.145,-0.107,9.347,-0.1173,1.1561,-0.0741,-0.07,13.93,111.88
37691,-2.174,-0.420,9.324,0.6943,-0.3908,0.0090,0.12,14.62,111.92
37700,-1.738,0.031,22.459,0.3089,-2.3932,-0.0297,0.68,13.45,111.84
37710,-1.747,-0.035,18.610,0.7219,-1.9540,-0.0113,0.45,11.86,111.99
37720,-1.662,0.132,14.696,0.8147,-1.7415,0.0472,1.50,11.25,111.95
37730,-1.187,0.086,11.992,0.5937,-2.5484,0.0173,1.38,9.87,111.90
37741,-0.755,0.546,10.140,0.9003,-1.9965,-0.0224,2.17,8.30,111.88
37750,-0.737,0.655,10.195,0.2117,-2.1415,0.1614,2.34,7.58,111.84
37760,-0.851,0.453,10.222,0.1545,-2.6434,-0.0459,2.41,5.86,111.82
37771,-0.440,1.615,10.080,0.4731,-2.1250,-0.0274,2.53,4.57,111.95
37781,0.422,0.684,9.592,1.0626,-2.4337,-0.0982,2.93,3.41,111.93
37791,0.464,0.882,9.587,0.6468,-2.5634,0.0178,3.73,1.80,111.83
37801,0.435,0.943,9.379,0.3758,-1.8109,-0.0261,3.66,0.45,112.03
37810,0.975,1.138,9.872,0.8387,-0.2455,-0.0052,4.17,-0.29,111.96
37821,1.147,0.892,10.038,0.5166,0.0274,0.0937,4.56,0.15,111.87
37831,1.296,0.945,9.996,0.4715,-0.0927,-0.0076,4.76,-0.24,111.97
37841,1.255,0.816,9.696,0.8578,0.4719,-0.0259,5.12,0.02,112.09
37851,1.230,1.068,9.648,0.8667,-0.0248,-0.0168,5.72,0.27,112.01
37860,1.145,0.597,9.646,0.3965,-0.1027,0.0376,6.15,0.01,111.91
37870,1.230,1.188,9.806,0.3186,0.2158,0.0522,6.22,0.17,111.87
37881,1.361,0.684,9.473,0.4640,-0.2819,0.0248,6.53,0.29,111.93
37891,1.074,1.117,9.917,0.1681,-0.0009,-0.0140,6.73,-0.18,112.00
37901,1.530,1.021,9.743,0.3080,-0.0271,0.0311,6.67,0.28,112.01
37910,1.970,1.393,9.430,0.0592,-0.2658,0.0224,7.06,-0.18,112.12
37920,1.504,0.897,10.049,0.3121,0.4464,-0.1092,6.69,-0.02,112.05
37931,1.408,1.452,9.605,0.5963,0.0087,-0.1021,7.40,0.35,111.91
37940,1.569,1.418,9.637,0.5735,-0.1602,-0.0334,7.41,0.02,111.85
37950,1.445,1.418,9.764,-0.1170,-0.0438,-0.0587,8.06,0.16,111.91
37960,1.493,1.340,9.798,-0.4032,0.0822,-0.0361,7.26,-0.02,111.84
37970,1.460,1.362,9.926,1.2268,0.2656,0.0889,7.61,0.29,111.85
37981,1.398,1.860,10.241,0.6218,0.2003,0.1598,8.71,0.27,111.95
37991,1.354,2.065,9.284,-0.1310,-0.1029,-0.0297,8.32,0.55,111.92
38000,1.434,1.355,9.858,-0.3204,-0.2637,0.0862,8.57,0.13,111.85
38011,1.446,1.311,9.914,-0.6900,0.7089,0.0521,7.96,0.26,111.86
38020,1.624,1.662,9.492,0.3963,-0.2426,-0.0590,7.79,0.94,111.85
38030,1.430,1.368,9.703,0.4758,-1.1069,-0.0668,8.37,0.00,112.08
38040,1.823,1.303,9.508,0.0213,0.0851,0.0824,8.27,-0.31,111.97
38050,1.222,1.123,9.803,0.3026,0.3182,-0.0981,8.35,0.11,111.83
38061,1.892,1.147,9.514,-0.0493,-0.1360,-0.0115,8.61,0.05,112.07
38071,1.742,1.490,9.846,-0.9169,0.0451,0.0596,8.33,-0.05,111.95
38081,1.396,1.236,9.815,-0.5232,0.3511,0.0406,7.53,0.10,112.00
38091,1.263,1.669,9.862,-0.3656,-0.2436,0.0107,7.74,0.31,111.90
38100,1.199,1.147,9.471,0.0493,-0.3800,0.0810,7.11,-0.14,112.01
38110,1.162,0.955,9.654,0.2033,-0.1856,-0.0597,7.81,-0.14,111.90
38121,0.967,1.032,9.845,-0.7758,0.4713,0.0710,7.35,-0.32,111.90
38130,0.520,0.586,10.105,-0.0939,0.7699,0.0582,6.94,0.39,112.04
38141,0.838,1.582,9.433,-0.2577,-0.6266,-0.0970,7.25,0.59,111.97
38150,1.163,1.595,10.039,-0.1775,-1.3072,0.0092,6.61,-0.34,111.90
38160,0.905,1.219,9.683,0.0898,0.1181,-0.0444,7.03,-0.88,111.89
38170,0.806,1.086,9.475,-0.0757,0.8187,-0.0330,6.71,-0.20,111.95
38181,0.986,1.532,10.548,-0.8151,0.3147,0.0241,6.93,0.08,111.93
38191,0.477,1.109,10.171,-0.8138,-0.1461,-0.0000,5.77,0.18,111.89
38201,0.232,0.727,10.201,-0.3806,-2.2487,-0.0505,6.02,-0.14,111.90
38210,0.727,0.553,10.463,-1.0649,-3.2627,-0.0630,5.31,-2.42,111.95
38221,0.837,0.916,10.853,0.0993,-2.7594,-0.0543,4.79,-3.91,112.01
38230,0.763,0.794,11.193,-0.4817,-2.5020,-0.0041,5.41,-5.57,111.95
38241,1.246,1.037,11.669,-0.6360,-2.3626,0.0928,4.22,-6.75,112.03
38251,0.751,0.740,11.458,-0.4233,-2.3552,-0.0311,4.71,-8.25,111.99
38260,1.440,0.737,12.291,-0.8337,-2.6711,0.0299,3.77,-9.48,111.92
38271,1.704,0.307,12.711,-0.6536,-3.1228,0.0396,3.75,-11.29,111.95
38280,1.839,1.136,13.117,-0.9801,-2.8194,0.0487,3.05,-13.04,111.96
38290,2.284,0.790,13.613,-0.7599,-2.7797,0.0587,2.59,-14.53,111.89
38300,2.012,-0.106,13.589,-0.5291,-2.8011,0.0212,2.19,-16.24,111.94
38310,2.543,0.223,13.513,-0.3448,-3.2546,0.0151,1.97,-17.75,111.76
38321,2.364,-0.073,13.407,-0.2300,-2.6922,0.0446,1.79,-19.94,111.96
38331,2.775,0.232,13.016,-0.9404,-2.3594,0.0321,1.76,-20.83,112.02
38341,2.690,0.121,12.794,-0.9962,-2.5880,0.0200,0.72,-22.60,111.90
38351,3.032,0.000,12.010,-0.5501,-2.3789,0.0548,0.59,-23.79,111.94
38360,3.724,-0.233,11.579,-0.5620,-3.2551,-0.0277,0.12,-25.31,111.87
38371,3.597,-0.643,10.761,-0.3733,-3.5521,-0.0321,-0.03,-27.56,111.87
38380,3.916,-0.015,10.156,-0.3552,-1.9121,-0.0513,-0.31,-29.36,112.04
38391,3.844,0.120,9.623,0.1312,0.7030,-0.0533,-0.41,-29.75,111.93
38401,3.470,0.291,9.860,0.3639,2.0645,0.0656,-0.14,-28.57,111.82
38410,3.449,0.273,10.277,0.7841,2.1906,-0.0116,-0.01,-27.40,111.82
38421,3.145,-0.059,10.404,0.4007,2.1847,-0.0352,0.72,-26.06,112.05
38430,2.990,0.039,9.952,-0.7303,2.5743,0.0146,0.45,-24.90,111.91
38440,2.488,-0.172,10.674,-0.7230,2.0781,-0.0588,-0.12,-23.13,111.89
38451,2.452,-0.025,10.733,-0.3210,1.7742,0.0123,-0.39,-22.45,111.91
38460,2.259,0.094,10.995,0.5271,2.1245,0.0483,-0.51,-21.12,111.92
38471,1.954,0.070,11.082,0.7480,2.3003,-0.0504,0.28,-20.02,112.00
38480,2.064,0.167,11.314,0.2952,2.0984,0.0202,0.36,-18.44,111.90
38491,1.817,-0.301,11.396,-0.3832,1.9698,0.0098,0.62,-17.66,111.97
38500,1.354,-0.078,11.378,-0.4044,2.5967,-0.0364,-0.08,-16.21,111.91
38511,1.110,0.214,11.284,-0.0393,1.9480,0.0149,0.12,-14.74,111.92
38520,0.883,0.262,11.042,0.2478,1.9473,0.0358,-0.10,-13.98,111.91
38540,1.021,0.320,11.094,-0.5895,2.1605,0.0430,0.28,-11.28,111.91
38550,0.406,0.159,10.928,-0.2002,1.9061,0.0193,-0.23,-10.08,111.91
38560,0.461,0.293,10.640,-0.0426,2.1975,-0.0486,0.05,-9.13,111.99
38570,-0.716,-0.446,10.743,-0.0363,2.7819,0.0306,-0.30,-7.57,111.93
38581,-1.085,-0.062,10.631,-0.0995,2.5973,0.0203,0.03,-5.97,111.93
38590,-0.181,-0.263,10.179,0.0447,1.9232,-0.0315,-0.42,-4.59,112.05
38600,-0.719,-0.171,10.031,0.6733,1.4055,0.0559,0.06,-3.80,111.96
38610,-1.048,-0.076,9.702,0.3210,1.3185,0.0580,0.36,-3.00,111.90
38620,-0.551,-0.157,9.762,-0.6279,1.1035,-0.0134,0.38,-2.30,111.96
38630,-0.731,-0.457,8.498,-0.3254,1.8181,0.0004,-0.37,-1.77,112.02
38641,-0.807,0.327,8.915,-0.0209,1.5547,-0.0011,0.02,-0.22,111.85
38651,-1.369,-0.233,8.850,0.2947,1.1702,-0.0164,-0.40,0.05,111.91
38661,-1.410,0.141,8.369,0.4332,1.7803,0.0103,0.33,1.11,111.74
38670,-1.092,-0.055,8.301,-0.5839,1.4654,0.0319,0.12,2.13,111.86
38680,-1.137,-0.383,7.949,-0.3295,1.4949,-0.0973,-0.34,2.75,111.93
38691,-1.853,-0.253,8.289,0.4391,2.1463,-0.0085,-0.27,3.87,111.82
38700,-2.139,-0.031,7.636,-0.2113,1.5022,0.0137,0.17,5.19,111.88
38711,-1.382,-0.499,7.780,-0.0989,1.2473,-0.0340,-0.51,5.54,111.84
38721,-1.724,-0.127,7.875,0.4867,1.7446,-0.0546,0.02,6.59,111.97
38731,-2.050,0.174,7.760,-0.1687,1.9398,0.0457,0.11,7.51,111.87
38740,-1.812,0.366,7.492,-0.1905,1.6938,0.0497,-0.20,8.81,111.96
38750,-2.134,0.163,8.476,0.2241,1.1340,0.0620,-0.08,9.44,111.91
38761,-1.995,-0.176,8.140,0.2033,1.6385,0.1119,0.03,10.07,111.79
38770,-2.588,0.479,8.299,-0.3551,1.7983,0.0648,0.17,11.35,111.88
38780,-2.195,-0.074,8.729,-0.3016,1.0674,-0.0197,-0.37,12.14,111.76
38791,-2.533,0.066,9.000,0.5245,1.1877,0.0102,-0.17,12.57,111.90
38800,-2.313,0.354,9.526,-0.5209,1.5420,-0.0596,0.24,13.48,111.76
38810,-2.163,-0.244,9.486,0.2479,0.3269,0.0447,-0.78,14.35,111.84
38821,-2.512,0.287,24.098,1.5955,-1.0325,0.0724,0.53,13.88,111.86
38830,-1.858,0.426,20.446,0.9066,-2.1508,-0.0178,1.02,13.15,111.97
38841,-1.494,0.063,16.287,-0.2835,-2.8018,0.0442,1.57,11.42,111.98
38850,-1.099,0.445,13.182,0.0892,-2.4070,-0.0634,0.68,9.96,111.96
38861,-0.974,0.233,10.929,1.1243,-2.4365,-0.0456,1.63,8.63,111.97
38870,-0.925,0.251,10.500,1.1443,-2.4570,0.0326,1.95,7.18,111.81
38880,-0.615,0.583,9.770,0.9783,-2.2110,-0.0127,2.95,5.83,111.80
38890,-0.300,0.604,9.752,0.4986,-1.9441,0.0266,3.08,4.69,111.88
38900,-0.303,0.763,9.715,0.5827,-2.6474,-0.0403,3.54,3.61,111.86
38911,0.964,0.818,9.319,-0.1140,-3.0647,-0.0624,3.81,1.63,111.76
38920,0.936,0.571,9.870,0.4807,-2.0266,0.0344,3.47,0.11,111.84
38931,1.185,0.978,9.945,0.4144,-0.0479,0.0807,4.38,-0.69,111.91
38940,1.370,0.736,9.630,0.5487,0.3714,-0.0600,3.93,0.04,111.84
38950,1.066,0.808,9.989,1.1547,0.2999,0.0112,5.03,-0.28,111.87
38960,1.100,1.361,9.968,0.3375,0.3988,0.0509,5.25,0.39,111.93
38971,1.115,0.786,9.646,0.4705,-0.2861,0.0734,5.43,0.20,112.06
38980,1.505,1.154,9.988,0.6877,-0.2991,0.0506,5.83,0.06,111.88
38991,1.575,1.008,9.869,0.1869,0.1060,0.0184,6.23,-0.10,111.62
39000,1.071,1.063,9.655,0.3383,-0.0665,0.0654,6.03,0.21,111.91
39010,1.038,1.208,9.933,0.9947,-0.1152,-0.0309,6.60,-0.17,111.80
39020,1.556,1.494,9.523,0.3651,-0.1965,-0.0163,7.15,0.07,111.90
39030,1.746,1.099,10.105,0.0012,0.1479,-0.0083,7.03,-0.37,111.77
39041,1.616,0.951,9.557,0.1964,0.3841,0.0338,7.17,0.27,111.91
39051,1.188,1.517,9.423,-0.1289,-0.1072,0.0126,7.26,0.08,112.02
39061,1.965,1.348,9.626,0.6426,-0.5760,-0.0103,7.03,0.16,111.77
39070,2.217,1.268,9.819,0.4185,-0.2722,-0.0175,7.98,-0.53,111.88
39080,1.186,1.214,10.459,-0.1820,0.5906,-0.0063,7.54,-0.10,111.95
39091,1.372,0.811,9.582,0.1745,-0.6144,0.0044,7.77,0.16,111.81
39101,1.930,1.349,10.032,0.0064,-0.0457,-0.0013,7.75,-0.78,111.95
39110,1.776,1.196,9.854,0.0109,0.5062,0.0423,7.79,0.06,111.92
39120,1.468,1.762,9.861,-0.0044,-0.1538,0.0433,7.77,-0.22,111.93
39130,1.198,1.786,9.835,0.4204,0.1288,0.0006,7.75,-0.14,111.77
39141,1.333,1.216,9.703,0.5309,0.1648,-0.0073,8.25,-0.07,111.90
39151,1.492,1.687,9.758,-0.2180,0.0246,-0.0075,8.36,0.04,111.91
39160,1.013,1.506,9.923,-0.7089,0.0506,0.0083,7.99,-0.07,111.97
39170,1.262,1.696,9.563,-0.2145,0.3030,-0.0589,7.52,0.10,111.92
39181,1.188,1.169,9.566,0.7672,-0.3810,0.0423,7.78,0.23,111.90
39190,1.588,1.604,10.287,-0.0852,-0.5504,-0.0524,8.38,-0.29,111.81
39200,1.221,1.067,9.418,-0.8570,0.2005,-0.0385,7.70,-0.41,111.86
39210,0.957,0.995,9.583,-0.5520,0.0954,0.0008,7.42,-0.03,111.80
39221,0.997,1.324,9.826,-0.0592,-0.1760,-0.0532,7.09,-0.32,111.94
39230,0.973,1.630,10.006,-0.1169,-0.1013,-0.0074,7.33,-0.22,111.90
39241,0.712,1.217,9.951,-0.1273,0.4621,0.0607,6.92,-0.47,111.80
39250,0.946,1.069,9.595,0.0258,0.6964,-0.1080,7.19,0.32,112.05
39261,0.715,1.227,10.176,-0.5562,-0.2445,0.0644,6.92,0.35,112.03
39270,0.903,1.358,9.879,-0.6654,0.2576,-0.1200,6.52,0.07,111.80
39280,0.577,1.242,9.918,-0.4357,0.0383,-0.0043,6.15,0.63,112.00
39290,0.702,1.256,10.332,-0.3876,-0.9958,-0.0081,6.03,0.11,111.94
39300,0.469,1.025,9.672,-0.6913,-1.2769,-0.0998,5.70,-0.50,111.92
39310,0.618,0.931,10.391,-0.2031,-2.5816,-0.0725,5.25,-1.33,112.02
39320,0.629,0.915,10.389,-0.4723,-3.1529,-0.0298,5.43,-3.48,111.92
39331,0.971,1.026,10.669,-1.0612,-2.6722,0.0382,4.69,-4.98,111.91
39341,1.151,0.932,11.778,-0.9709,-3.3075,-0.0220,4.24,-6.57,111.92
39350,1.225,0.584,11.787,-0.4845,-2.9769,0.0503,3.57,-8.78,111.93
39360,1.728,0.576,12.493,-0.5456,-2.7358,0.0954,3.67,-9.99,111.93
39371,2.219,0.450,12.803,-0.3790,-3.1313,-0.0112,2.93,-11.94,111.80
39381,2.225,0.680,13.599,-0.3922,-2.7545,-0.0280,3.26,-13.60,112.04
39391,2.206,0.488,13.400,-1.1347,-2.8173,-0.0358,2.43,-15.08,111.86
39401,2.199,-0.001,13.737,-1.0142,-3.0937,-0.0185,2.03,-16.83,111.72
39410,2.745,0.184,13.737,-0.3483,-3.0172,0.0176,1.25,-18.61,111.89
39421,3.088,0.243,13.327,-0.1242,-2.3640,-0.0491,1.64,-20.27,111.74
39430,2.865,0.223,13.266,-0.5764,-2.7181,0.0730,1.08,-21.34,111.95
39440,3.199,0.249,12.711,-0.8482,-3.0452,-0.0063,1.00,-23.35,111.85
39450,3.222,-0.013,11.845,-0.6254,-2.8645,0.0056,0.12,-24.84,111.92
39461,3.888,0.070,11.303,0.0856,-2.9028,-0.0679,0.32,-26.64,111.90
39470,3.964,-0.603,11.018,0.1798,-2.4336,-0.0397,0.22,-28.13,111.91
39480,3.737,-0.125,9.719,-0.3107,-0.8422,-0.0052,0.49,-29.44,111.90
39490,3.003,-0.498,10.472,-0.1473,1.4363,-0.0152,-0.14,-29.13,111.88
39500,3.274,-0.254,9.706,-0.1095,2.3078,-0.0421,0.34,-27.80,111.91
39511,2.902,-0.500,10.026,-0.2858,2.1666,0.0350,-0.24,-26.46,111.79
39521,3.130,0.292,10.537,0.1669,2.2252,-0.0396,0.03,-25.31,111.91
39530,2.415,0.320,10.262,0.3385,2.5640,-0.0255,-0.07,-23.86,112.02
39541,2.228,0.287,10.841,0.1857,2.5952,0.0301,0.42,-22.37,111.76
39551,2.525,0.142,11.369,0.1546,1.9531,-0.0301,0.13,-20.94,112.10
39560,2.091,0.225,11.112,-0.0243,2.0993,-0.0439,0.59,-20.13,111.91
39571,1.972,0.108,10.880,-0.4685,2.3466,-0.0292,0.12,-18.55,111.85
39581,1.702,0.378,11.094,-0.1137,2.8103,-0.0463,0.05,-17.42,111.82
39591,1.121,0.181,11.724,0.0067,1.9505,-0.0142,-0.02,-15.33,111.81
39600,0.787,-0.104,11.336,-0.1738,1.9907,0.0176,0.08,-15.19,111.81
39611,0.863,0.288,11.433,-0.3690,2.4965,-0.0623,-0.21,-13.05,111.94
39620,0.988,-0.346,10.824,0.0655,1.2409,-0.0591,-0.32,-12.35,111.93
39631,0.028,0.066,10.938,0.1690,1.9478,0.0437,-0.16,-11.61,112.06
39640,0.254,0.035,10.922,-0.0273,2.4090,-0.0881,-0.11,-10.13,111.93
39650,-0.287,0.309,10.916,0.6848,2.3497,0.1048,-0.15,-8.85,111.81
39661,-0.226,0.463,10.554,0.0710,3.0980,0.0867,0.66,-7.46,111.97
39671,-1.233,0.042,10.281,-0.6628,2.8969,0.0354,-0.05,-5.30,111.94
39681,-0.763,0.049,9.554,0.3825,1.7364,-0.0405,-0.09,-4.18,112.06
39690,-0.630,-0.070,9.474,0.3053,0.8524,-0.0092,0.38,-3.31,111.85
39701,-0.900,-0.399,9.381,-0.5165,1.2536,-0.0936,0.27,-3.19,112.05
39710,-1.039,-0.261,8.852,-0.0462,1.8670,-0.0840,-0.22,-1.87,111.77
39720,-1.179,0.124,8.759,0.4499,1.8156,0.0954,0.26,-1.07,111.91
39730,-1.521,-0.145,8.135,-0.4143,1.6932,0.0475,0.31,0.27,111.81
39741,-1.428,-0.311,8.126,-0.2977,1.4702,0.0267,-0.25,0.84,111.91
39751,-1.401,-0.544,8.344,0.4185,1.9878,0.0447,-0.04,1.95,111.85
39760,-1.285,0.303,8.307,0.3261,1.4976,-0.0271,0.22,3.11,111.85
39771,-1.364,-0.183,7.536,-0.3662,0.9463,0.0281,0.27,3.64,111.89
39781,-1.829,-0.165,7.788,0.0597,2.0939,0.0478,-0.22,4.18,111.92
39790,-2.017,-0.205,7.855,0.3309,1.4438,-0.0035,0.36,6.06,111.73
39801,-1.410,-0.022,7.410,-0.5392,1.0982,-0.0443,0.17,5.84,111.85
39810,-1.404,-0.047,7.853,-0.1891,2.0836,-0.0203,-0.27,7.33,111.93
39820,-1.809,-0.108,7.828,0.6756,1.8285,0.1348,-0.07,8.21,111.96
39830,-2.348,-0.182,8.058,0.1928,2.2690,-0.0052,0.55,9.44,111.83
39841,-1.970,-0.048,8.813,-0.9748,1.4742,-0.0686,0.12,10.81,111.86
39851,-2.464,-0.296,8.328,-0.4408,1.5900,-0.0065,-0.57,11.09,111.92
39860,-2.102,-0.170,8.802,0.8920,1.6888,0.0293,-0.37,12.61,111.92
39871,-2.398,0.443,8.251,0.2999,1.6688,-0.0214,0.45,13.04,112.03
39880,-2.194,0.241,9.107,-0.3511,1.9429,0.0161,-0.01,14.52,112.03
39890,-2.899,-0.018,8.827,0.0777,-0.5921,-0.0681,0.05,15.27,111.85
39901,-2.406,0.214,22.783,1.1579,-2.3470,0.0583,0.08,13.83,111.93
39910,-2.234,0.080,18.691,1.1707,-2.5745,0.0205,1.39,12.57,112.07
39921,-1.127,-0.058,15.287,0.3068,-2.9947,0.0013,1.39,10.88,111.87
39930,-1.126,0.572,11.728,0.8666,-1.8042,0.0238,1.73,9.13,111.81
39940,-1.002,0.380,10.363,1.7667,-1.9200,0.0067,2.36,8.84,111.99
39950,-0.771,0.734,9.813,0.9005,-2.4558,-0.0096,3.78,6.96,111.95
39960,-0.372,0.274,10.569,0.1288,-2.3728,0.0010,3.36,5.99,111.77
39970,-0.269,0.403,9.712,0.4580,-2.3322,0.0014,3.93,4.25,111.79
39980,0.121,1.019,9.595,0.5189,-2.2521,0.0321,3.84,3.31,112.09
39990,0.654,0.961,9.576,0.6409,-2.8161,0.0754,4.53,1.68,111.90
40000,0.450,0.935,9.674,1.1710,-1.5705,0.0873,4.59,0.06,111.99
40011,0.941,1.033,9.962,1.0454,-0.1745,-0.0538,5.86,-0.14,112.07
40020,0.924,0.723,9.651,0.3181,0.1795,-0.0043,5.78,-0.16,111.92
40030,1.103,0.363,9.766,0.9047,0.2471,0.0080,6.25,0.10,111.78
40041,1.084,1.509,9.851,0.8571,-0.1148,0.0438,6.81,0.10,111.89
40050,1.115,1.244,9.604,1.1396,-0.0827,0.0624,7.24,-0.05,111.81
40060,1.487,1.522,9.554,0.5022,0.4181,-0.0155,8.10,0.04,111.90
40071,1.441,1.214,9.568,0.3255,-0.1291,-0.0005,7.83,0.40,111.90
40081,1.652,1.320,10.069,0.3168,-0.6365,0.1067,8.45,-0.12,111.91
40090,1.075,1.336,9.491,-0.0638,-0.1240,-0.0290,8.22,-0.34,111.94
40101,1.307,1.604,9.871,0.5393,0.5839,-0.0177,8.41,-0.23,112.02
40110,1.339,1.117,9.482,0.6539,0.6294,-0.0038,8.75,0.34,111.97
40120,1.420,1.532,9.991,0.6191,-0.5348,0.0208,9.18,0.49,111.82
40130,1.875,1.604,9.560,0.6367,-1.0456,0.0093,9.49,-0.30,112.07
40140,1.944,1.320,9.800,0.4642,0.1534,0.0775,9.92,-0.69,112.06
40150,1.633,1.820,9.375,-0.1594,0.7067,0.0301,10.05,-0.10,112.06
40160,1.639,1.976,9.665,0.0579,0.1308,0.1004,9.76,0.12,112.06
40170,1.270,1.414,9.901,0.6471,-0.1806,0.0493,10.14,0.04,111.98
40181,1.627,1.641,9.541,-0.2575,0.1155,0.0144,10.48,-0.07,111.91
40191,1.182,1.725,9.377,-0.3544,0.2083,-0.0884,9.83,0.18,111.93
40200,1.113,1.560,9.340,0.0966,0.0972,0.0825,10.08,0.18,111.87
40210,2.100,1.924,10.003,0.3788,-0.0145,0.1543,9.93,0.32,111.99
40220,1.702,1.708,9.250,0.3102,-0.7622,-0.0062,10.50,0.17,111.88
40230,1.681,1.913,9.812,-0.4503,-0.2219,-0.0049,10.30,-0.55,112.02
40241,1.592,1.577,9.791,0.0542,0.1754,0.0809,10.00,-0.07,112.05
40251,1.115,2.386,10.068,-0.0015,0.2380,0.0352,10.35,-0.35,111.97
40260,1.520,1.492,9.232,-0.0971,0.2133,-0.0932,10.01,0.24,111.74
40271,1.564,2.131,9.752,-0.1635,-0.2912,0.0263,10.30,-0.09,111.88
40280,0.912,1.649,9.655,-0.4069,0.1067,-0.0366,9.81,-0.07,111.81
40290,1.233,1.642,10.079,-0.5967,0.0484,-0.0492,9.81,0.04,111.87
40301,0.865,1.739,9.403,-0.3146,0.1183,-0.0443,9.11,-0.02,111.99
40311,0.836,2.135,9.629,-0.1166,-0.1361,-0.0976,9.46,0.14,111.93
40321,1.075,1.716,10.090,-0.9408,-0.2638,-0.0484,8.99,-0.17,111.93
40331,0.663,1.115,9.859,-0.8345,-0.4879,-0.0865,8.35,-0.18,111.88
40341,0.847,1.468,10.125,-0.2550,-0.0696,-0.0827,8.05,-0.76,111.92
40351,0.853,1.154,9.953,0.1401,0.6247,0.0065,8.02,-0.26,112.11
40361,0.824,1.447,10.056,-0.8302,0.2984,0.0548,8.24,-0.03,111.84
40370,0.521,1.363,10.023,-0.4823,-0.2022,0.0058,7.05,0.08,111.92
40380,0.218,1.121,10.401,-0.1314,-1.1920,0.1113,7.70,-0.24,111.99
40390,0.675,0.819,10.335,-0.8940,-2.0699,0.0183,6.93,-1.32,111.99
40401,1.355,0.904,10.866,-0.4039,-2.5719,0.0226,6.68,-2.62,112.15
40411,1.346,0.926,11.029,-0.9503,-3.0973,-0.0117,6.45,-4.25,112.08
40420,1.525,1.094,11.578,-0.9262,-3.1971,-0.0192,5.58,-6.16,111.87
40431,1.336,0.738,11.777,-0.5721,-3.0300,0.0529,5.40,-7.93,111.94
40440,1.742,0.832,12.190,-0.9067,-2.9279,-0.0019,4.93,-9.63,112.10
40450,1.454,0.842,12.899,-0.5330,-2.5849,0.0258,4.36,-11.30,111.87
40461,1.515,1.159,13.000,-0.6277,-2.8506,0.0377,4.34,-12.61,112.06
40470,2.071,0.524,13.636,-0.8198,-3.0827,0.0402,3.66,-14.56,111.92
40481,2.524,0.608,13.573,-0.6144,-2.5901,-0.1377,3.38,-16.20,112.04
40490,2.950,0.198,13.425,-0.9111,-2.9897,0.0117,2.94,-17.55,111.97
40501,2.502,0.364,13.360,-0.8686,-2.8687,0.0197,2.32,-19.62,111.97
40511,3.106,0.225,13.087,-1.2717,-2.4352,-0.0761,1.94,-20.87,111.96
40520,3.072,0.149,12.785,-1.3782,-2.8566,-0.0584,0.88,-22.43,112.14
40531,3.078,0.622,12.381,-0.1698,-3.1466,-0.0041,0.33,-24.14,111.88
40540,3.362,0.003,11.223,-0.3563,-2.8178,-0.0239,0.66,-26.04,111.97
40551,3.502,0.350,10.654,-0.3916,-2.2186,0.0674,-0.11,-27.35,111.92
40560,3.641,-0.016,10.789,0.3811,-1.9925,0.0205,0.20,-28.59,111.97
40570,4.329,0.064,10.109,-0.0590,-0.0881,0.0063,0.33,-29.64,111.83
40580,3.052,-0.134,9.897,-0.0692,2.3449,0.0760,0.11,-28.71,112.01
40591,3.136,-0.384,10.041,-0.4210,2.7587,0.0553,0.24,-26.97,111.68
40600,3.143,-0.032,10.334,-0.5565,2.0085,-0.0046,-0.36,-25.57,111.94
40611,3.172,-0.721,10.794,0.0310,2.2897,0.0849,-0.39,-24.74,111.95
40621,2.516,0.047,10.442,0.1758,2.3894,-0.0255,-0.35,-22.96,112.08
40631,2.438,-0.044,10.762,-0.4055,2.2314,-0.0682,-0.18,-22.01,111.90
40641,1.737,0.337,10.922,0.0370,2.2710,0.0601,-0.78,-20.40,111.84
40651,1.454,-0.030,11.305,0.1979,1.7469,-0.0177,-0.12,-19.46,112.02
40661,1.876,-0.037,11.444,0.3769,2.2361,-0.0225,-0.56,-18.40,111.91
40670,1.412,-0.026,11.167,0.5927,2.5941,0.0638,0.30,-16.89,111.87
40681,1.240,0.214,11.174,-0.1154,2.2710,-0.0162,0.13,-15.44,111.85
40691,1.258,0.065,11.133,-0.6108,2.1642,-0.0845,0.15,-14.27,111.97
40700,1.007,0.466,11.292,-0.2628,2.0714,0.0364,-0.58,-12.98,112.01
40710,0.978,-0.229,11.112,0.8917,2.3908,-0.0294,-0.12,-11.91,111.90
40720,0.519,0.185,10.624,-0.0775,2.6723,-0.0028,0.44,-10.23,112.00
40731,0.017,-0.084,10.857,-0.1658,1.8697,-0.0701,-0.21,-8.85,111.84
40741,-0.171,0.531,10.449,-0.0396,1.9797,0.0689,0.26,-8.10,112.02
40750,-0.441,0.282,10.204,-0.2742,2.4201,0.0077,-0.27,-6.58,111.96
40761,-0.739,0.123,10.036,0.9717,1.7641,-0.0295,-0.05,-5.33,111.92
40770,-0.622,-0.076,9.387,0.1954,1.7363,-0.0194,0.79,-4.56,112.01
40780,-1.080,0.028,10.020,-0.3662,1.7509,-0.0048,0.20,-3.34,111.98
40791,-0.812,-0.306,9.136,-0.1878,1.9091,-0.0367,0.39,-2.55,111.99
40801,-1.196,0.127,8.987,-0.7460,1.9524,0.0149,-0.01,-1.12,111.94
40811,-1.519,0.295,8.810,-0.3492,1.3744,0.0195,-0.46,-0.31,111.93
40820,-0.958,0.438,8.510,0.6342,1.1787,-0.0144,-0.44,0.42,111.84
40831,-1.388,-0.067,8.131,0.4527,1.8083,-0.0367,0.25,1.04,112.10
40840,-1.442,-0.262,7.829,0.1700,2.2010,0.0830,0.09,2.52,111.76
40851,-1.986,0.183,7.927,-0.2061,1.0864,-0.0342,0.44,3.52,112.00
40860,-1.344,0.080,7.712,-0.2884,1.1662,-0.0178,-0.14,3.80,112.07
40871,-2.135,0.193,7.731,-0.0339,1.9100,-0.0606,0.11,4.86,111.98
40880,-2.063,0.066,7.493,0.0535,1.6875,0.0156,-0.21,6.00,111.96
40891,-1.764,-0.025,7.821,-0.3554,1.5129,0.0326,0.20,6.81,111.90
40900,-1.987,0.051,8.275,-0.1491,1.3874,0.0201,-0.62,7.75,111.99
40911,-1.838,-0.010,8.131,0.2806,1.4541,-0.0288,0.01,8.40,112.10
40920,-1.686,0.120,8.330,-0.0396,1.9843,-0.0260,-0.27,9.44,111.96
40931,-2.499,0.057,8.021,0.5031,1.8694,0.0007,-0.04,10.64,111.89
40941,-2.064,-0.256,8.340,0.1605,1.2616,0.0487,0.30,11.59,111.82
40950,-1.968,-0.240,8.332,-0.1115,1.9360,-0.0111,0.12,12.16,111.80
40960,-2.485,-0.203,8.903,-0.3127,1.2449,0.0515,0.19,13.78,112.10
40970,-2.385,-0.514,9.118,-0.8882,1.3930,-0.0848,-0.24,13.55,111.89
40981,-2.478,0.269,9.606,0.3310,0.0587,0.0211,-0.80,15.37,111.97
40990,-2.316,-0.296,23.965,1.5971,-2.6264,-0.0471,0.13,13.63,111.93
41000,-1.540,-0.158,19.522,0.8278,-2.2883,0.0509,1.02,12.38,111.96
41010,-1.550,0.276,14.768,0.9064,-2.7596,0.0870,1.07,11.02,111.99
41021,-1.542,0.398,11.969,0.6168,-2.0627,-0.0530,2.00,9.20,111.90
41030,-1.156,0.450,10.247,0.6857,-1.4083,0.0613,1.80,8.67,111.98
41040,-0.828,0.461,10.011,1.6512,-2.1866,-0.0048,2.76,7.56,111.92
41051,-0.859,0.331,10.135,0.9540,-2.9780,-0.0311,3.66,6.17,111.91
41060,0.079,0.476,9.638,0.1756,-2.5822,-0.0660,3.86,4.13,111.92
41070,0.674,0.483,9.409,0.7952,-1.8757,-0.0069,3.89,3.20,112.04
41081,0.070,1.297,9.335,0.9235,-3.1662,-0.1151,4.78,1.95,111.97
41090,0.897,0.964,9.768,0.3715,-1.7746,-0.0028,4.95,-0.44,111.96
41101,0.382,1.189,9.551,1.0389,0.4738,-0.0605,5.21,-0.08,112.00
41110,1.172,0.985,9.704,0.9457,0.2997,-0.0097,6.13,0.11,111.94
41120,0.914,1.677,9.984,-0.1396,0.0498,0.0263,6.29,0.26,112.03
41131,1.362,1.000,9.650,0.3421,-0.1892,0.0509,5.96,0.17,111.94
41140,1.075,0.999,10.076,1.5673,-0.1975,-0.0862,6.71,-0.01,112.02
41150,0.889,1.412,9.968,0.6974,-0.5082,0.1020,7.71,-0.06,111.92
41161,1.048,0.991,9.435,0.6289,0.1160,-0.0684,7.53,-0.55,111.86
41170,1.346,1.312,9.734,0.7679,0.3997,-0.0392,8.47,0.05,112.02
41181,1.379,1.769,9.737,0.2016,0.8464,-0.0910,8.39,-0.13,111.82
41191,1.366,1.088,9.388,-0.1654,0.1175,0.0168,8.73,1.04,112.05
41201,1.472,1.147,9.528,0.0573,-0.7356,-0.0808,8.20,0.01,111.92
41210,1.359,1.307,9.964,1.2483,0.3543,0.0670,8.79,0.13,111.85
41221,1.680,1.637,10.094,0.8652,-0.2093,-0.0333,9.60,0.41,111.91
41231,1.144,2.342,9.557,-0.0271,-0.5643,0.0451,9.75,-0.13,112.00
41240,1.642,1.549,9.229,-0.2281,0.4655,-0.0272,9.58,-0.25,111.89
41251,1.655,1.732,9.237,-0.0841,0.0582,0.0430,9.47,0.38,111.98
41260,1.592,1.559,9.391,0.3497,-0.0538,-0.0287,9.54,-0.19,111.90
41271,1.847,1.397,9.446,0.3940,0.3669,-0.0249,9.84,0.31,111.92
41281,1.704,1.678,9.507,-0.0367,0.1074,-0.0395,9.98,0.22,111.90
41290,1.303,1.534,9.577,-0.1592,-0.4647,-0.0218,9.78,0.43,111.97
41301,1.335,1.712,9.633,0.4539,0.0940,-0.0369,9.83,-0.32,111.95
41310,1.454,1.703,9.625,0.6370,0.1021,0.0945,10.32,0.53,111.83
41321,1.564,1.567,9.348,-0.0379,-0.2829,-0.0698,10.53,-0.20,111.96
41331,1.386,1.597,9.426,-0.3542,-0.3544,0.0117,10.25,0.21,112.03
41340,1.237,1.609,9.924,0.1527,0.1864,-0.0031,10.12,-0.60,112.01
41350,1.031,1.546,9.894,-0.4583,0.7520,0.0489,10.43,0.48,112.03
41361,1.402,1.637,9.849,-0.5457,-0.3914,0.0009,9.57,0.27,111.88
41371,1.354,1.404,9.611,0.0058,-0.8935,-0.0663,9.78,0.03,111.95
41380,1.191,1.277,10.032,-0.3493,0.1648,-0.0066,9.58,-0.74,111.94
41391,1.207,1.923,9.404,-0.4240,0.7673,-0.0076,9.39,0.27,112.06
41401,1.066,1.588,9.922,0.1080,-0.1530,0.0650,9.09,0.15,112.03
41410,1.179,1.576,9.797,0.0233,-0.0315,-0.0760,9.48,0.13,111.95
41420,0.967,1.603,9.802,-0.7217,-0.2558,0.0589,9.15,0.14,111.94
41430,0.952,1.453,9.770,-0.1753,-0.4140,0.0458,8.67,-0.21,111.97
41440,1.182,1.656,9.937,-0.7646,0.6962,0.0307,8.95,-0.31,111.87
41451,0.655,1.820,9.204,-0.9534,0.5116,-0.0697,7.77,0.59,111.89
41460,0.784,1.331,9.740,-0.3609,-0.5733,0.0126,7.88,0.31,112.06
41471,0.441,0.842,9.888,-0.0430,-0.2395,-0.0337,7.35,-0.08,111.83
41481,0.560,1.343,9.697,-0.3981,-0.5404,-0.0136,7.81,0.03,111.85
41491,0.328,1.326,10.276,-0.9550,-2.5518,-0.0874,6.91,-0.74,111.97
41500,0.623,1.223,10.928,-0.6743,-1.9697,-0.0835,6.71,-2.87,111.89
41510,0.511,0.574,10.605,-0.4338,-2.3948,-0.0284,6.14,-2.97,111.88
41521,0.893,0.655,11.117,-0.4510,-3.6885,0.0224,6.20,-5.61,111.95
41531,1.791,1.326,11.813,-0.8899,-3.1206,0.0038,5.64,-7.23,111.89
41541,1.632,1.343,11.994,-0.8181,-2.6142,0.0652,5.21,-9.15,111.89
41550,1.519,0.801,12.879,-0.6107,-2.4398,-0.0703,4.70,-10.23,111.85
41560,2.292,0.452,13.496,-0.6515,-3.0918,-0.0611,4.48,-11.99,111.92
41571,2.234,0.743,13.436,-0.8297,-2.6459,-0.0633,3.94,-13.77,111.81
41580,2.119,0.209,14.318,-1.3270,-2.6399,0.0082,3.53,-15.03,111.95
41591,2.261,0.152,14.405,-0.5824,-3.2418,-0.0475,2.46,-16.79,111.96
41601,2.082,0.478,14.478,-0.1297,-2.4397,0.0881,2.80,-18.72,112.01
41611,2.997,0.658,13.680,-0.9585,-1.8948,-0.0032,2.30,-19.57,111.78
41620,3.341,0.576,13.450,-1.1839,-3.3625,-0.0212,1.71,-20.91,111.99
41631,3.063,0.140,12.946,-1.0018,-3.3110,-0.0754,0.95,-23.44,111.93
41641,3.051,0.158,12.463,-1.0267,-2.5640,-0.0469,0.57,-24.71,111.85
41650,3.133,0.221,11.372,-0.6556,-3.2012,0.0456,-0.24,-26.35,111.98
41660,4.018,-0.065,10.247,0.7550,-2.7381,0.0167,-0.14,-28.37,111.87
41670,3.664,0.336,10.304,0.1155,-0.7098,-0.0348,0.60,-29.45,111.86
41680,3.457,-0.202,10.067,-0.6800,1.2935,-0.0382,-0.03,-29.19,111.83
41690,3.321,-0.374,9.755,0.0810,2.1411,0.0146,-0.16,-27.94,111.83
41700,3.231,0.260,9.975,0.0978,2.4061,0.0777,0.09,-26.76,111.84
41710,2.984,-0.034,10.581,-0.3665,1.7752,0.0523,-0.03,-25.17,112.14
41720,3.168,0.281,10.388,0.1553,1.4756,-0.0881,-0.32,-24.70,111.91
41731,2.945,-0.030,10.721,0.1587,3.0892,-0.0665,0.15,-23.43,111.98
41741,2.431,0.630,10.558,-0.1213,2.5956,-0.0127,-0.13,-21.13,111.97
41750,1.776,0.608,11.156,0.4126,1.3743,0.0324,0.02,-20.46,112.00
41760,2.126,0.420,10.918,0.0655,1.8515,-0.0451,0.36,-19.56,111.91
41771,1.609,0.566,11.390,0.0667,2.6946,0.0307,0.08,-18.32,111.90
41780,1.368,0.384,11.470,0.0614,2.7096,0.1007,0.41,-16.49,111.78
41791,1.062,0.141,11.370,-0.5036,1.7984,0.0100,0.16,-15.21,111.80
41801,1.347,-0.452,11.304,-0.3668,1.5603,0.0570,-0.20,-14.44,111.94
41811,0.599,-0.381,11.530,0.2130,2.7983,0.1108,-0.23,-13.43,111.79
41820,0.257,-0.037,11.022,-0.1021,2.2260,0.0042,0.03,-11.25,111.76
41831,0.531,-0.381,11.186,0.1157,1.5606,0.0473,-0.31,-10.89,112.04
41841,0.085,0.212,11.181,0.6641,2.1876,-0.0872,0.14,-9.46,112.00
41850,-0.124,0.229,10.382,-0.1818,2.2552,-0.0382,0.45,-8.37,112.01
41861,0.433,-0.154,10.574,-0.4249,2.5830,-0.0014,-0.06,-6.88,111.92
41870,-0.299,-0.115,10.313,0.5645,1.9468,0.0133,-0.03,-5.42,111.98
41881,-0.584,-0.018,9.858,0.2667,1.7335,0.0425,0.58,-4.62,111.87
41890,-0.994,-0.166,10.051,-0.3297,1.0751,0.0255,0.27,-3.47,111.83
41900,-0.747,-0.104,9.770,0.0237,1.0965,-0.0327,0.17,-3.40,111.94
41910,-0.581,-0.017,8.910,-0.1340,2.2863,0.0647,0.29,-2.21,112.04
41920,-1.190,-0.195,8.949,0.1569,1.7589,0.0561,0.05,-0.81,111.84
41930,-1.050,0.118,8.628,0.2030,1.3797,0.0513,0.47,-0.17,112.03
41941,-0.867,0.718,8.157,-0.9805,1.2753,-0.0066,0.28,0.80,111.89
41951,-1.867,-0.376,8.099,-0.0518,1.9858,0.0629,-0.70,1.30,111.93
41960,-1.154,0.069,7.910,0.7372,1.7289,-0.0217,0.23,3.07,111.96
41971,-1.247,-0.573,7.938,-0.6076,1.5777,-0.0491,0.12,3.27,111.78
41981,-1.731,-0.331,7.733,0.1860,1.4192,0.0503,-0.45,4.85,111.93
41991,-2.203,0.312,7.799,0.3775,0.7559,0.0350,0.34,4.89,111.93
42000,-1.552,-0.334,7.519,-0.4438,2.0329,0.0205,-0.01,5.71,111.92
42010,-1.661,-0.048,8.336,-0.5364,1.8133,-0.0075,-0.17,7.22,112.00
42020,-1.757,-0.332,7.851,0.1375,1.3314,0.0014,-0.62,7.77,111.96
42030,-2.444,0.203,8.399,0.5438,1.9853,-0.0069,-0.00,8.76,111.93
42041,-2.286,0.223,8.105,0.1500,1.2572,-0.0769,0.00,10.07,111.81
42051,-2.141,0.092,7.843,0.0640,1.7476,0.0507,0.19,10.21,111.79
42060,-2.263,-0.261,8.574,-0.1815,2.0073,-0.0021,0.08,12.08,111.97
42071,-1.746,-0.327,8.480,-0.2353,0.9769,-0.0396,-0.01,12.51,111.88
42080,-2.507,0.009,8.801,-0.0584,1.0949,0.0784,-0.23,13.21,111.95
42091,-2.843,-0.075,9.268,0.3203,1.2586,0.0248,-0.09,13.79,111.97
42101,-2.473,0.555,25.358,0.0791,-0.0288,0.0498,0.19,14.67,111.94
42110,-2.597,0.331,23.671,0.5682,-2.0132,0.0282,-0.02,13.76,111.93
42121,-1.778,0.314,18.951,1.2700,-2.7636,-0.0403,0.80,12.38,111.87
42131,-1.149,0.449,14.064,0.9229,-2.3443,0.0249,1.42,10.64,111.83
42140,-1.253,0.400,11.825,0.9708,-2.3906,-0.0303,1.87,9.66,111.98
42150,-1.317,0.514,10.697,1.2704,-2.9715,0.0002,2.55,7.88,111.92
42161,-0.674,0.806,10.091,0.5572,-2.7163,0.0324,3.34,6.29,112.05
42170,0.183,0.562,9.883,0.2303,-1.8370,0.0666,3.15,4.73,111.97
42181,0.037,0.821,9.423,0.7199,-2.4519,0.0587,3.61,4.17,111.93
42191,0.353,0.609,10.026,0.2125,-3.4803,0.0063,3.99,1.91,112.03
42200,0.817,0.722,9.835,1.1348,-2.0211,-0.0527,3.89,0.21,111.88
42211,0.218,1.013,10.084,1.3606,0.1343,-0.0469,5.30,-0.40,112.08
42221,1.237,1.125,9.864,0.5257,0.8289,0.0303,5.43,0.36,111.82
42231,0.662,1.372,9.911,0.5639,-0.2047,-0.0127,5.92,0.57,111.96
42240,1.096,0.965,10.046,0.6439,-0.6557,-0.0309,6.09,0.16,111.86
42251,0.931,1.489,9.795,0.5237,-0.3135,-0.0051,6.69,-0.21,111.95
42261,1.368,1.103,9.383,0.5384,0.2451,0.0357,6.69,-0.20,111.97
42271,1.531,0.960,10.103,0.4325,0.2127,0.0095,7.30,0.08,111.91
42280,1.571,1.301,9.164,0.6272,-0.8533,-0.0750,7.20,0.05,111.87
42291,0.891,1.503,9.728,0.3285,-0.1802,-0.0235,8.03,-0.91,111.89
42301,1.432,1.135,9.675,0.3398,0.6750,0.0480,7.59,-0.14,111.98
42311,2.197,1.677,9.515,0.7611,-0.2051,-0.0167,8.39,-0.15,111.80
42321,1.171,1.293,9.626,0.4358,0.2064,-0.0414,8.48,-0.35,111.98
42331,1.907,1.571,10.140,0.1951,0.1025,-0.0754,8.85,0.08,111.88
42341,1.544,1.498,9.776,-0.0844,-0.3766,0.0178,8.71,-0.24,111.85
42350,1.407,1.464,9.771,0.1856,0.4481,-0.0714,8.73,-0.37,111.97
42360,1.261,1.565,9.830,0.3732,0.4924,0.0012,8.92,0.30,111.92
42371,1.434,1.452,9.795,0.3009,-0.6794,-0.0927,9.11,0.23,111.79
42381,1.580,1.331,9.915,-0.0356,-0.0903,-0.0043,9.25,-0.52,111.95
42391,1.518,1.649,10.034,0.0793,0.7282,-0.0385,9.07,0.11,111.85
42401,1.304,1.295,9.600,-0.1667,0.0921,-0.0107,9.31,0.34,111.82
42411,0.970,1.687,9.613,0.0027,-0.4863,0.0104,8.87,0.18,111.93
42421,0.966,1.343,9.363,0.4185,-0.1285,-0.0026,9.31,-0.17,111.72
42430,1.561,1.700,9.664,0.5527,-0.0147,0.0185,9.34,0.06,111.88
42441,1.817,1.062,9.402,0.3360,-0.0040,-0.0363,9.93,-0.19,112.01
42451,1.518,1.673,9.501,-0.3178,0.1370,-0.0464,9.75,0.07,112.01
42461,1.317,1.164,9.760,-0.4249,-0.4040,0.0639,9.55,-0.02,111.88
42471,1.604,1.486,9.955,-0.5624,-0.0948,0.0072,9.29,-0.40,111.89
42481,1.179,1.954,9.407,-0.9046,0.6250,-0.1277,8.91,-0.15,111.90
42490,1.071,1.565,9.462,-0.4041,-0.0020,0.0109,8.25,0.32,111.89
42500,0.838,0.966,10.064,0.0364,-0.3664,-0.0886,8.48,-0.16,111.94
42511,0.854,1.126,10.008,-0.4744,-0.1522,-0.0216,8.25,-0.09,111.99
42520,1.041,1.475,9.775,-0.0545,-0.4219,-0.0123,7.93,-0.30,112.00
42530,0.662,1.349,9.749,-0.3324,-0.0280,0.0206,8.17,-0.55,111.89
42540,0.551,1.043,9.929,-0.9397,0.5718,0.0248,7.56,-0.33,111.85
42551,1.384,0.980,9.708,-0.8412,0.6902,-0.0448,7.11,0.12,111.92
42560,0.206,1.597,9.652,0.0309,0.0939,-0.1301,6.55,0.47,111.95
42570,0.592,1.615,10.274,0.1339,-1.7368,-0.0574,7.13,0.17,111.86
42581,0.476,1.166,10.639,-0.9348,-2.9276,-0.0791,6.68,-1.49,111.80
42591,0.910,0.837,11.025,-0.7872,-2.9840,-0.0905,6.01,-3.17,111.95
42601,0.894,0.692,11.330,-0.6648,-3.0673,-0.0838,5.79,-4.89,111.94
42610,1.513,0.958,11.727,-0.5670,-2.6800,0.0741,5.25,-6.71,111.85
42620,1.703,0.978,12.239,-0.5815,-2.6858,-0.0579,5.10,-7.96,111.91
42630,1.786,0.850,12.741,-1.0511,-3.4391,0.0292,4.57,-9.82,112.06
42640,1.646,0.860,12.981,-0.9781,-2.7970,-0.0167,3.92,-11.89,111.81
42651,1.716,0.465,13.911,-0.9812,-2.2895,0.0234,3.44,-12.99,111.99
42660,2.582,0.348,13.427,-0.6963,-2.9985,0.0176,2.81,-14.54,111.79
42670,2.413,0.502,14.398,-0.1647,-3.5036,0.0178,2.64,-16.49,111.91
42681,3.129,0.634,13.935,-1.1428,-2.7117,0.0405,2.63,-18.56,111.92
42691,2.821,0.640,13.952,-0.9647,-2.9055,0.0055,1.29,-19.57,111.92
42701,2.935,-0.243,13.662,-0.2409,-3.3433,0.0084,1.50,-21.89,111.83
42711,3.130,0.287,13.024,-1.0699,-2.8349,-0.0191,1.03,-23.42,111.93
42721,3.289,-0.366,12.027,-1.2855,-3.0443,-0.0372,0.24,-25.12,111.90
42731,4.572,-0.302,11.665,-0.3531,-3.0009,0.0091,-0.47,-26.91,111.90
42740,3.700,-0.171,11.107,0.2368,-2.9223,-0.0610,-0.18,-28.59,111.82
42751,3.699,-0.187,10.157,0.3000,-0.4915,0.0010,-0.18,-30.27,111.81
42760,3.906,0.188,10.401,0.3027,2.4776,0.0527,0.17,-29.19,111.94
42771,3.627,-0.065,10.152,-0.2254,2.7389,0.0129,0.15,-27.40,111.81
42780,3.006,0.038,10.637,0.0131,2.6632,-0.0174,-0.08,-26.04,111.93
42790,2.231,0.123,10.276,-0.1652,2.3257,-0.1049,0.18,-24.35,111.84
42801,2.747,0.064,11.155,-0.1764,1.8531,0.0127,-0.25,-23.40,111.86
42811,2.248,0.153,11.073,0.4728,2.4230,0.0455,0.01,-22.25,111.80
42820,2.056,0.188,10.759,-0.0673,2.4027,-0.0084,0.33,-20.62,111.81
42831,1.989,-0.334,11.106,-0.3307,1.7710,-0.0002,-0.10,-19.47,111.96
42841,1.613,0.020,11.432,-0.3051,2.2794,0.0162,-0.02,-18.61,111.97
42850,1.269,0.108,11.355,-0.0106,3.0634,-0.0110,-0.41,-16.89,111.89
42860,1.586,0.008,11.312,0.4617,2.2948,0.0109,-0.06,-15.11,111.91
42870,1.414,0.270,11.479,-0.0968,2.2771,0.0133,0.14,-14.25,111.93
42881,0.929,-0.341,11.358,0.2751,2.4409,0.0306,-0.14,-12.47,111.93
42890,0.512,0.030,11.296,0.2794,1.8843,-0.0835,0.44,-11.46,111.79
42900,0.126,0.280,11.136,-0.4044,2.7747,-0.0297,0.20,-10.31,111.76
42910,-0.310,-0.469,11.109,0.0453,2.3013,0.0028,0.02,-8.28,111.74
42920,-0.103,-0.133,10.537,0.2785,1.7631,-0.0454,0.28,-7.68,111.89
42931,-0.672,0.069,10.041,0.0502,2.7961,0.0609,0.37,-6.24,111.96
42940,-0.687,-0.252,10.313,-0.5567,1.6620,0.0276,0.37,-4.47,111.89
42950,-0.667,-0.470,9.636,-0.5091,1.1735,-0.0094,-0.30,-4.32,111.88
42960,-0.587,-0.448,9.686,0.2376,2.1823,-0.0421,-0.21,-3.09,111.87
42970,-0.833,0.390,9.237,0.0206,1.6371,-0.0187,0.01,-1.82,111.97
42980,-1.032,-0.078,8.630,0.5204,1.9109,-0.1004,-0.22,-1.20,111.93
42991,-1.817,0.213,8.943,-0.3033,1.4199,0.0421,0.59,0.33,112.09
43001,-1.353,0.036,8.187,-0.4351,1.0617,-0.0544,-0.56,0.46,111.92
43010,-1.205,-0.213,8.139,0.1145,2.0211,0.0454,0.06,1.52,111.88
43020,-1.719,-0.054,8.381,-0.3363,1.9424,0.0145,-0.44,2.80,112.06
43031,-1.724,0.140,7.991,0.7161,1.5404,0.0648,-0.32,3.78,111.85
43040,-1.808,0.217,7.868,0.2857,1.4263,0.0429,0.39,4.60,111.86
43051,-1.932,-0.092,7.761,-0.3153,1.6913,-0.0302,-0.03,5.41,111.79
43060,-2.011,-0.421,8.015,0.1656,1.4383,-0.0538,0.04,6.54,111.77
43070,-1.772,-0.368,7.833,-0.1431,1.7526,0.0032,0.14,7.09,111.86
43081,-2.233,0.127,8.352,-0.0079,1.7555,-0.0058,-0.14,8.58,111.96
43091,-1.861,0.389,7.822,0.2401,1.4014,-0.0286,0.18,9.09,111.73
43101,-2.340,0.039,8.436,-0.1956,1.4847,-0.0420,0.18,10.18,111.72
43111,-2.702,-0.221,8.802,-0.2728,2.2501,-0.0481,0.00,10.81,111.92
43120,-2.527,0.364,8.315,0.0643,1.9766,-0.0313,-0.11,12.75,111.80
43130,-2.931,-0.330,8.832,0.3451,1.5477,-0.0242,0.06,13.07,111.95
43140,-2.727,-0.027,9.424,-0.0341,1.3416,0.0217,0.29,14.56,111.88
43150,-2.929,-0.174,23.085,0.1224,-0.6848,-0.0003,0.01,14.60,111.97
43161,-2.154,0.243,20.753,0.4110,-1.5549,0.0250,0.43,13.80,111.98
43170,-2.029,-0.340,17.472,0.9409,-2.3466,0.0401,0.45,12.83,111.86
43180,-2.052,0.319,13.332,0.8822,-2.5786,0.1306,1.51,11.09,112.06
43190,-1.730,0.204,10.904,0.6978,-2.5030,0.0591,1.46,9.88,111.96
43201,-0.870,0.492,10.131,0.9858,-2.7990,-0.0952,2.31,8.24,111.96
43211,-0.796,0.708,10.283,0.7439,-2.4019,0.0068,2.58,6.70,111.93
43221,-0.522,0.788,9.841,0.6417,-2.6928,-0.0467,3.18,5.50,111.72
43230,0.128,0.029,9.718,0.0949,-2.5704,-0.0121,3.31,3.63,112.00
43241,0.069,0.464,10.075,1.1679,-1.8778,-0.1041,3.28,2.60,112.03
43250,0.637,0.374,9.895,1.1911,-2.8871,-0.0137,4.61,1.48,111.93
43261,0.961,0.683,10.017,-0.0196,-1.1929,0.0252,4.63,-0.70,111.91
43271,0.534,0.637,9.569,0.0577,0.6644,0.0504,4.61,0.10,111.92
43281,0.741,1.259,9.803,0.3010,-0.5437,-0.0412,4.74,0.10,111.90
43291,1.454,0.915,9.373,1.1261,0.0636,-0.0042,4.94,-0.52,111.96
43300,0.713,1.308,9.817,0.7265,0.3204,0.0299,6.04,0.20,112.02
43310,1.565,1.099,9.784,0.1988,-0.1692,-0.0428,5.80,-0.15,111.89
43321,1.165,1.524,10.455,0.7557,-0.1039,0.0108,6.26,0.04,111.85
43330,1.643,1.628,9.898,0.4512,0.2653,-0.0629,6.69,-0.28,111.98
43340,1.339,1.123,9.206,0.3666,0.4439,-0.0633,6.79,0.36,111.74
43350,1.612,1.435,9.898,0.3036,-0.5797,-0.0242,7.10,0.23,111.87
43360,0.944,0.934,9.983,0.4356,-0.2268,-0.0137,7.13,-0.29,111.94
43371,1.570,1.111,9.621,0.6097,0.1976,0.0257,7.60,-0.02,112.02
43380,1.736,1.259,9.388,0.1016,0.2145,-0.0480,7.89,-0.04,111.87
43391,1.381,1.124,9.883,0.1368,0.1434,0.0362,7.74,0.22,111.77
43401,2.049,1.423,9.769,0.2290,-0.0811,0.0045,8.04,0.11,111.82
43410,1.670,1.483,9.941,0.2584,0.0009,0.0300,7.98,0.11,111.87
43421,1.093,1.306,9.968,0.6535,0.2617,0.0054,8.30,0.14,112.07
43430,1.484,1.299,9.816,0.1661,-0.2809,-0.0987,8.74,0.43,111.65
43440,1.555,0.995,9.851,-0.3013,-0.4285,0.0324,8.55,-0.22,111.98
43450,1.480,1.628,9.157,0.0078,0.3591,0.0435,8.40,-0.05,112.06
43461,1.692,1.754,9.418,-0.1254,0.0747,0.0212,8.55,0.21,111.85
43471,1.235,1.719,9.908,0.0219,0.1629,-0.0768,8.29,0.06,111.93
43480,1.296,1.458,9.684,0.6518,0.5554,0.0060,8.56,0.38,111.88
43491,1.050,1.573,9.349,0.4794,-0.8721,0.0001,9.03,0.68,111.92
43501,1.412,1.934,9.599,-0.7974,-0.9592,-0.0103,9.10,-0.58,111.96
43510,1.230,1.426,9.827,-0.3160,0.5219,-0.0334,8.08,-0.43,111.89
43520,1.060,2.015,9.913,0.4087,0.6422,0.0130,8.77,-0.03,111.94
43530,0.962,1.074,9.148,-0.7619,-0.2737,-0.0219,8.55,0.28,111.88
43541,0.982,1.230,9.799,-0.0824,-0.2219,-0.0062,7.89,-0.35,111.76
43550,1.041,1.603,9.621,0.3823,0.1764,-0.0622,8.42,0.01,111.94
43560,0.699,1.474,9.888,-0.1541,0.0070,0.0363,8.28,-0.15,111.82
43571,1.041,0.952,9.626,-0.6675,0.0449,0.0081,8.22,0.03,111.90
43581,1.075,1.005,10.375,-0.6100,-0.0058,-0.0352,7.49,-0.13,111.89
43591,0.316,1.342,9.947,0.1443,0.4007,0.0368,7.55,0.02,111.90
43601,1.095,1.432,9.436,-0.6553,-0.0608,0.0216,7.64,0.30,111.95
43610,1.279,1.328,9.976,-0.0848,-0.8426,-0.0604,6.82,-0.09,111.83
43621,0.950,1.717,9.582,0.1207,0.2208,0.0226,7.53,-0.62,111.83
43631,0.583,1.040,9.856,-0.9729,0.1064,-0.0667,6.95,0.16,111.91
43641,0.857,1.133,9.806,-0.2194,0.4452,0.0647,6.45,-0.51,111.77
43650,0.197,0.858,9.605,-0.0185,-0.0162,0.0465,6.73,0.69,111.90
43661,0.589,0.661,10.111,-0.9621,-2.4877,-0.0376,6.41,-0.54,111.70
43671,0.573,0.757,10.652,-1.1121,-2.7990,-0.0165,5.64,-2.16,111.87
43681,1.233,0.527,10.376,-0.2818,-2.5943,0.0150,5.17,-3.75,111.91
43691,1.367,1.148,10.659,0.3923,-2.7484,0.0049,5.37,-5.12,111.91
43701,1.439,0.874,11.521,-0.6935,-2.4483,0.0249,5.62,-6.87,111.85
43711,1.171,0.249,11.460,-1.4362,-2.8063,-0.0062,4.54,-7.90,111.95
43720,1.252,0.644,12.302,-0.9781,-3.0693,0.0156,4.01,-10.08,111.91
43730,1.664,0.615,12.369,-0.3081,-2.1169,-0.0033,3.43,-11.41,111.89
43740,1.992,0.590,13.048,-0.7148,-2.6652,-0.0347,3.64,-12.52,111.90
43750,2.149,0.653,12.854,-0.7225,-2.5976,-0.0512,2.65,-14.47,111.88
43761,2.340,0.735,13.487,-0.2063,-2.4490,-0.0205,2.84,-15.51,112.01
43771,2.676,0.221,13.325,-0.7769,-3.0787,-0.0043,2.42,-17.29,111.86
43781,2.406,0.502,12.876,-0.9126,-3.4175,0.0541,1.95,-19.02,111.94
43791,2.829,0.312,13.122,-0.1767,-2.8781,0.0322,1.41,-21.22,111.82
43801,2.871,0.539,12.513,-0.6170,-2.1317,-0.0075,1.72,-22.30,111.84
43810,2.989,-0.298,11.937,-0.7594,-2.7328,-0.0499,0.72,-23.65,112.05
43820,3.231,-0.055,11.510,-0.4483,-2.8775,-0.0385,0.85,-25.44,111.79
43830,3.779,-0.118,10.529,-0.3792,-2.5535,-0.0180,0.19,-26.95,111.97
43841,3.747,0.128,10.084,-0.2737,-2.3035,0.0394,0.41,-28.37,111.83
43850,3.635,0.499,9.725,-0.2226,-0.6196,-0.0677,-0.14,-29.58,111.84
43861,3.356,0.125,9.768,0.1825,1.5869,-0.0432,0.16,-29.08,111.92
43871,3.305,-0.045,9.584,-0.1718,2.6050,-0.0028,0.02,-27.77,111.72
43880,3.030,0.625,10.142,-0.3367,2.0455,-0.0267,-0.06,-26.10,111.87
43890,2.961,0.142,10.306,0.0888,1.7348,0.0447,-0.36,-25.45,111.87
43901,3.007,0.070,10.365,0.9354,2.4968,0.0822,0.04,-24.10,111.97
43910,2.272,0.113,10.423,0.4402,2.6210,-0.0046,0.67,-22.59,111.93
43920,2.623,-0.447,11.197,-0.6536,1.7947,-0.0014,0.55,-21.18,111.91
43931,2.238,0.052,11.043,0.0759,2.3693,-0.0568,-0.04,-20.48,111.97
43940,1.839,-0.286,10.868,0.0853,2.0739,0.0640,0.59,-18.46,111.78
43950,1.452,0.047,10.927,-0.7068,1.3339,0.0139,0.06,-18.10,111.91
43961,1.522,-0.517,11.588,-0.0715,2.8668,0.1328,-0.24,-16.92,112.06
43971,0.848,-0.590,12.062,0.3020,2.7608,0.0402,-0.02,-14.84,111.86
43980,0.627,-0.286,11.825,0.1974,1.6232,0.0198,0.16,-13.73,111.93
43991,0.225,-0.335,11.555,-0.0838,1.9091,0.0326,0.23,-12.96,111.82
44000,-0.103,-0.195,11.590,-0.1855,2.0404,-0.0451,0.06,-11.55,112.00
44011,0.201,0.182,10.965,0.1117,2.4852,-0.0447,0.01,-10.63,112.00
44020,0.238,-0.001,11.400,0.0368,2.2821,0.0320,0.19,-8.73,111.96
44031,-0.122,0.227,10.760,-0.4322,1.6418,0.0459,0.04,-8.03,111.93
44040,-0.498,0.021,10.081,-0.0975,2.5230,-0.0681,-0.30,-6.88,111.85
44051,-0.552,0.903,10.325,0.2703,2.3919,0.0066,-0.04,-5.13,111.95
44061,-0.851,-0.099,9.541,-0.0311,1.5252,-0.0044,0.00,-4.17,112.10
44071,-1.273,-0.092,9.978,0.1136,1.0281,-0.0568,-0.13,-3.37,111.91
44081,-0.603,0.427,8.878,0.1568,1.4299,-0.0005,0.14,-3.02,111.94
44091,-1.428,0.022,8.978,-0.2992,1.6984,-0.0354,0.05,-1.74,111.94
44100,-1.209,-0.513,8.882,0.2883,1.3652,0.0931,-0.19,-1.12,111.85
44111,-0.795,0.207,8.870,0.0730,1.6507,0.0328,0.39,-0.16,111.90
44121,-1.240,0.249,8.425,-0.3004,1.7356,0.0115,-0.11,0.77,111.77
44130,-1.565,0.138,7.931,0.0633,1.8547,-0.0079,0.08,1.81,111.93
44141,-1.467,-0.144,8.130,-0.2629,1.7171,-0.0197,-0.03,2.89,111.95
44151,-1.754,0.210,7.830,0.1737,1.3364,-0.0768,-0.22,3.73,111.96
44161,-1.021,-0.297,8.554,0.2639,1.7958,-0.0101,0.17,4.48,111.94
44171,-1.934,0.167,7.968,0.0478,1.2723,-0.0712,0.07,5.75,111.92
44181,-1.566,0.007,7.553,0.4160,1.0806,0.0530,0.22,5.92,111.85
44190,-1.750,0.269,8.104,-0.1876,1.5616,-0.0641,0.58,7.01,111.93
44201,-1.991,0.062,7.866,-0.5702,1.7506,-0.0019,0.02,7.68,111.87
44211,-2.095,-0.035,7.909,-0.7443,1.4462,-0.0566,-0.06,9.04,111.89
44230,-2.491,-0.300,8.315,0.5487,1.1053,0.0234,0.16,10.24,111.87
44240,-2.083,0.253,8.413,-0.3594,1.8974,0.0283,-0.20,10.56,111.89
44251,-2.840,0.023,8.942,0.0239,2.1464,0.0086,-0.22,12.42,111.98
44261,-2.069,0.002,9.017,0.3298,1.4984,0.0508,-0.17,13.01,111.98
44270,-2.333,-0.228,9.418,0.0732,1.7936,0.0502,0.14,14.14,111.86
44281,-2.355,0.136,22.966,0.2335,-0.2537,-0.0178,-0.07,15.04,111.99
44290,-2.056,0.258,21.321,0.8478,-2.2248,-0.0336,0.43,13.84,111.82
44300,-2.189,0.636,17.469,0.8936,-2.4615,-0.0004,0.91,12.50,112.01
44311,-1.130,0.142,13.706,0.8356,-2.9032,0.0243,1.49,11.01,111.93
44321,-1.572,0.466,12.064,0.6585,-2.9420,0.0615,1.89,9.17,111.84
44331,-1.075,0.577,10.721,0.5958,-1.9567,0.0724,2.25,7.66,111.85
44340,-0.237,0.956,10.047,1.2284,-2.0984,0.0243,2.62,6.92,111.94
44351,-0.238,0.303,9.718,1.2129,-2.7036,-0.0413,3.70,5.25,111.85
44361,0.195,1.032,10.098,0.5308,-2.4791,-0.0589,4.03,3.80,111.93
44370,0.438,0.684,10.034,0.5094,-2.7741,0.0100,4.32,2.43,111.93
44381,0.831,1.077,9.945,1.2190,-1.9720,0.0085,4.58,0.62,111.97
44390,0.869,1.132,9.609,0.7717,-0.6096,-0.0541,5.72,0.16,112.01
44400,1.076,1.123,10.124,0.4225,-0.7065,-0.0816,5.50,-0.07,111.98
44411,1.489,1.148,9.505,0.4905,-0.0265,-0.0005,6.23,-0.66,111.95
44421,1.084,1.132,9.782,0.7745,0.8955,0.0079,6.06,-0.11,111.94
44430,1.234,1.562,9.487,1.1433,0.5378,-0.0065,7.12,0.37,111.87
44440,1.254,0.946,9.475,0.0708,-0.0246,0.0063,7.36,0.51,111.77
44450,0.732,1.325,9.941,0.4021,-0.5954,0.0066,7.23,0.30,112.05
44461,1.088,1.110,9.692,0.4942,-0.4176,0.0039,7.84,-0.18,111.81
44471,1.470,1.928,9.793,0.4311,0.1981,-0.0129,7.81,-0.16,111.89
44480,1.626,1.345,9.404,0.4536,0.1007,0.0479,8.31,0.00,111.83
44491,0.975,1.222,9.844,0.5841,0.2842,0.0341,8.28,-0.06,111.95
44501,1.522,1.502,9.898,1.0433,-0.0949,-0.0545,8.97,0.30,111.83
44510,1.580,1.610,9.814,0.1730,-0.4069,-0.0148,9.44,-0.15,111.88
44521,1.535,1.627,9.722,-0.0496,-0.1601,-0.0406,9.14,-0.16,111.98
44531,1.748,1.599,9.225,0.5552,0.1170,-0.0267,9.39,-0.30,111.86
44540,1.500,2.086,9.510,-0.1105,-0.0312,-0.0751,9.76,-0.01,111.91
44550,1.756,1.715,9.648,0.1917,-0.1550,0.0377,9.26,-0.35,111.96
44561,1.724,1.500,9.474,0.4984,-0.0931,0.0471,9.93,-0.20,111.90
44570,1.699,1.801,9.599,0.0883,0.3863,0.0541,9.84,-0.48,112.02
44580,1.611,1.951,9.409,-0.4788,0.1194,-0.0338,10.05,0.26,111.89
44591,1.258,1.933,9.276,-0.2502,-0.3038,0.0373,9.25,-0.36,111.74
44601,1.431,1.898,9.252,0.6337,-0.1929,0.0180,9.76,-0.05,112.00
44610,1.613,1.731,9.710,0.4513,0.4010,-0.0141,9.96,-0.54,112.02
44621,1.516,1.713,9.609,-0.3177,0.2522,0.0108,10.25,0.41,111.98
44630,1.576,2.009,9.858,-0.7108,-0.7979,-0.0134,9.56,-0.27,111.94
44641,1.541,1.409,9.165,0.0719,0.0246,0.0492,9.47,-0.53,111.88
44651,0.778,1.505,9.783,-0.0311,0.3415,0.0590,9.66,-0.24,111.85
44661,1.523,1.123,9.604,-0.1095,0.7609,-0.0216,9.47,-0.12,112.03
44671,0.605,1.776,9.341,-0.4081,-0.1114,-0.0488,9.53,0.64,111.91
44680,1.066,1.686,10.057,-0.3779,-0.2082,0.0474,9.05,-0.25,111.98
44691,1.300,1.482,9.639,-0.4313,0.2089,-0.0804,9.09,0.40,111.93
44700,0.543,1.362,9.334,-0.4157,-0.3247,-0.0768,8.54,-0.01,112.06
44710,0.349,1.072,9.912,0.0308,0.0936,0.0121,8.61,0.04,111.96
44720,0.510,1.347,10.003,-0.6677,0.2879,0.0029,8.60,0.12,112.01
44731,0.160,0.905,9.970,-0.8684,0.0450,0.1017,7.86,0.37,111.85
44741,0.526,0.992,10.130,-0.0594,-0.7805,-0.0517,7.58,0.13,111.79
44751,0.443,1.277,9.934,-0.7020,-0.3693,-0.0180,7.82,-0.52,111.87
44761,0.391,0.916,9.769,-1.2918,-1.5227,0.0285,6.80,-0.30,111.92
44770,0.898,0.706,10.532,-0.8267,-2.5744,0.0086,6.37,-2.27,111.78
44780,1.188,1.000,10.744,-0.6306,-2.8223,0.0486,5.83,-3.26,111.88
44791,1.213,1.228,11.330,-0.3144,-3.1403,-0.0401,5.66,-5.52,111.72
44801,1.762,0.834,11.283,-0.6603,-2.6833,0.0096,5.47,-6.87,111.76
44811,1.264,0.396,11.554,-0.1521,-3.1521,-0.1241,4.95,-8.57,111.93
44821,1.799,0.772,12.014,-0.8765,-3.1583,0.0258,5.31,-10.49,111.92
44830,2.196,1.270,12.600,-1.5646,-2.3886,0.0419,3.96,-12.16,112.06
44840,1.719,0.701,12.865,-0.6405,-2.8989,-0.0162,3.47,-13.24,111.80
44851,1.874,0.653,13.542,-0.2413,-2.8754,0.0399,3.25,-15.52,112.01
44861,2.195,-0.066,13.556,-0.9373,-2.3518,0.0358,3.16,-16.56,112.04
44871,2.888,0.316,13.354,-1.1040,-3.3408,-0.0208,2.20,-18.19,111.86
44881,2.945,-0.279,13.681,-0.6676,-3.2250,-0.0316,1.90,-20.38,111.79
44891,3.306,-0.012,12.525,-1.0165,-2.7329,-0.0102,1.41,-21.86,111.98
44901,3.005,0.068,12.113,-0.9393,-3.1666,-0.0297,0.73,-23.53,111.82
44910,3.351,0.156,11.269,-0.9543,-3.3505,0.0342,0.35,-25.49,111.92
44921,3.677,0.067,10.884,-1.0302,-2.5092,-0.0285,-0.36,-27.35,111.82
44930,4.044,0.040,10.380,0.2181,-2.3040,-0.0143,-0.77,-28.41,111.94
44941,3.788,0.129,9.875,0.8879,-0.0674,0.0684,-0.14,-30.01,111.75
44951,3.985,0.103,10.119,0.1208,2.7784,-0.0161,0.26,-28.46,112.00
44960,3.609,0.263,10.390,-0.5274,2.0142,0.0762,-0.02,-26.84,111.78
44971,3.094,-0.494,10.330,-0.0764,1.8453,-0.0125,-0.32,-26.15,111.84
44980,2.789,-0.201,10.692,0.6176,2.2639,-0.0386,-0.09,-24.75,111.91
44990,3.033,-0.203,10.712,-0.1809,2.3852,-0.0464,0.38,-23.54,111.93
45000,2.529,-0.777,11.025,-0.3206,2.6976,0.0448,-0.30,-22.03,111.91
45011,1.847,-0.328,10.718,0.2188,2.5848,-0.0590,0.01,-20.44,112.00
45021,1.983,0.017,10.790,0.2191,2.2211,-0.0116,0.02,-19.05,111.93
45030,1.247,0.431,11.151,-0.1612,1.7835,-0.0960,0.26,-17.88,111.79
45041,1.435,-0.243,11.346,0.0984,2.2366,0.0081,-0.20,-17.03,111.84
45050,1.233,-0.061,11.257,0.0561,2.7955,-0.0184,0.34,-15.31,111.93
45060,0.803,0.057,11.673,-0.1376,2.7967,-0.0174,-0.14,-13.85,111.88
45070,0.245,-0.289,11.874,0.4050,2.2614,0.0156,0.21,-12.06,112.02
45081,0.216,0.185,11.368,0.2847,1.6405,0.0521,0.31,-11.25,111.94
45090,-0.070,0.324,11.271,0.1975,2.2377,0.0741,0.51,-10.13,111.96
45100,-0.002,0.056,11.217,-0.7005,2.2606,-0.0030,0.53,-8.68,111.96
45111,-0.508,0.020,10.911,-0.0597,2.1602,0.1048,-0.29,-7.55,111.93
45120,-0.286,0.259,10.240,-0.1612,1.9167,-0.0145,0.43,-6.21,111.88
45130,-0.777,0.121,9.805,-0.5086,1.7853,-0.0443,-0.46,-5.33,111.92
45141,-0.594,-0.175,9.904,0.4528,1.6113,0.0572,-0.16,-4.20,111.89
45150,-0.569,-0.173,9.461,-0.2107,1.5755,-0.1201,0.08,-3.52,111.83
45160,-0.698,0.330,8.929,-0.0499,2.0235,0.0343,-0.40,-2.41,111.84
45170,-1.203,0.031,9.255,0.4159,1.6050,0.1084,0.02,-1.21,111.88
45181,-1.161,0.283,8.559,0.1938,1.6958,0.0187,0.15,-0.60,111.96
45190,-1.242,0.394,8.718,-0.1756,1.9615,0.0708,0.26,0.73,111.90
45201,-1.589,0.002,8.269,0.1178,1.2133,0.1294,-0.05,1.66,111.92
45211,-1.344,0.130,8.022,0.0405,1.5946,0.0414,0.37,2.15,111.87
45220,-1.768,-0.413,7.570,-0.0685,1.8023,0.0040,0.01,3.52,111.88
45230,-2.117,-0.194,8.004,0.2504,1.4901,0.0779,0.25,4.22,111.88
45240,-1.814,0.181,7.533,0.3156,2.2213,-0.0507,0.30,5.21,111.92
45250,-1.520,-0.298,7.845,-0.3203,1.8624,-0.0309,0.56,6.78,111.79
45260,-1.842,0.150,7.849,-0.3536,1.0857,-0.0461,-0.03,7.37,111.78
45271,-2.362,0.108,7.818,0.0203,1.3232,-0.0263,0.17,8.04,111.96
45280,-2.034,0.282,7.807,-0.1818,1.4825,0.0289,-0.03,8.86,111.94
45291,-2.286,0.296,8.229,-0.2100,1.4980,-0.0628,-0.05,9.71,111.92
45300,-2.439,-0.265,8.570,0.2973,1.7300,0.0522,-0.25,10.58,111.98
45310,-2.548,-0.038,8.659,-0.0459,2.1512,-0.0202,0.30,11.70,111.90
45321,-1.975,-0.069,8.889,-0.5697,1.8420,0.0265,-0.28,13.04,111.94
45330,-2.313,-0.011,9.211,0.2246,1.5095,0.0763,-0.37,13.82,111.87
45340,-2.316,-0.022,9.177,0.4639,0.3702,-0.0197,-0.05,14.75,111.98
45350,-1.908,0.192,22.665,1.2487,-2.1038,0.0073,0.13,14.24,111.89
45361,-1.956,0.202,19.707,0.9120,-2.4673,-0.0686,1.37,12.35,111.78
45371,-1.892,-0.098,15.575,0.6765,-2.4107,-0.0337,1.17,11.39,111.80
45380,-1.110,1.336,12.402,0.2328,-2.8121,-0.0233,2.14,9.61,111.95
45390,-1.065,0.409,10.606,-0.1174,-2.5338,0.0367,1.45,8.20,111.87
45401,-0.751,0.631,10.189,1.3973,-1.7849,0.0301,2.05,6.73,111.89
45411,-0.482,0.272,9.860,0.6910,-2.1007,-0.0435,3.05,6.13,111.97
45421,0.174,0.355,9.609,0.1139,-2.7540,0.0512,2.83,4.34,111.99
45430,0.265,0.481,9.601,0.9830,-2.5635,0.0258,3.19,2.97,111.96
45440,0.684,0.361,9.672,0.6212,-2.4895,-0.0459,3.91,1.44,111.93
45450,1.023,0.475,9.834,0.2362,-1.4037,-0.0311,3.90,0.11,111.96
45461,0.716,0.779,9.636,0.9584,-0.1486,-0.0726,4.24,-0.17,112.02
45470,0.921,1.215,9.501,0.6967,0.1730,0.0550,5.02,-0.06,111.89
45481,0.689,1.069,9.647,0.3819,-0.1861,0.0075,5.03,0.03,111.89
45490,1.089,1.062,9.842,0.9097,-0.0621,-0.0793,5.47,-0.23,112.02
45500,1.102,0.964,9.555,0.8189,0.4667,-0.0010,6.07,-0.07,111.89
45510,0.871,1.116,10.035,0.4008,0.2708,0.0150,6.39,0.28,111.89
45521,1.668,0.810,9.712,0.6587,-0.0561,0.0454,6.55,0.26,111.93
45530,1.106,1.547,8.960,0.1010,-0.5650,0.0254,7.15,0.24,111.83
45541,1.413,1.131,9.492,-0.3908,-0.2936,-0.0345,6.69,-0.39,112.00
45550,1.517,1.199,9.597,0.9547,0.0321,-0.0146,6.76,-0.07,111.94
45561,1.664,1.321,9.873,0.6964,-0.7179,-0.0108,7.80,-0.33,111.84
45571,1.296,1.447,9.457,-0.2063,-0.0030,0.1246,7.56,-0.90,111.89
45581,1.404,1.131,9.727,-0.3714,0.7647,-0.0770,7.55,-0.35,111.93
45591,1.260,1.465,9.906,0.6214,-0.0247,0.0021,7.16,-0.01,111.84
45600,1.286,1.437,9.607,1.0433,-0.0947,-0.0066,8.27,-0.42,111.91
45610,1.303,1.649,9.749,-0.2792,0.3082,0.0526,8.34,-0.14,112.01
45620,1.369,1.056,9.840,0.1036,-0.1627,-0.0242,7.98,-0.04,111.78
45630,1.261,1.262,9.865,0.5926,0.0774,-0.0528,8.41,-0.35,112.05
45641,1.459,1.213,9.929,-0.3992,0.1659,0.0295,8.65,0.06,111.98
45650,1.513,1.024,9.966,0.0486,-0.2519,-0.0140,8.02,-0.17,111.78
45661,0.998,0.980,9.803,0.4997,0.6348,0.0114,8.69,-0.23,111.94
45671,1.331,1.882,9.885,-0.4605,-0.1285,-0.0580,8.55,0.57,111.95
45681,1.661,2.049,9.917,-0.1782,-0.0601,-0.0249,8.22,-0.39,111.86
45691,1.084,1.289,9.538,0.0563,0.1590,0.0324,8.35,0.51,111.97
45701,1.078,1.340,9.730,-0.1372,0.0973,0.0532,8.31,-0.20,111.95
45711,1.877,1.163,10.122,-0.0855,0.3325,-0.0246,8.17,0.62,112.01
45720,1.056,1.612,9.736,-0.4714,-0.9125,0.0460,8.20,0.17,111.80
45731,1.032,1.674,9.492,-0.1223,-0.0405,0.0090,7.65,-0.42,111.99
45741,1.189,1.298,9.841,0.7217,0.5617,-0.0029,8.05,0.15,112.02
45750,0.899,1.449,9.156,-0.1128,-0.2542,0.0307,8.52,0.23,111.85
45761,1.389,1.680,9.907,-0.9185,-0.2086,-0.0063,7.94,-0.16,111.97
45771,1.316,1.280,9.789,-0.2460,-0.2819,-0.0127,7.46,-0.01,111.91
45780,1.731,1.379,10.001,0.0261,-0.3689,-0.0058,7.64,-0.48,112.01
45790,0.899,1.396,9.732,-0.3339,0.7768,0.0217,7.49,-0.46,111.96
45800,0.686,0.997,9.741,-0.2577,0.6661,-0.0898,7.23,0.40,111.88
45811,0.513,1.228,9.674,-0.7916,-0.0922,-0.0283,7.18,0.33,111.96
45821,0.916,1.052,10.356,-0.4990,-0.6009,-0.0249,6.31,0.28,112.06
45830,0.949,1.508,9.793,-0.5006,0.1427,-0.0069,6.66,-0.35,112.01
45840,0.456,1.103,9.894,-0.7191,-0.5871,-0.0659,5.73,0.42,111.86
45851,0.317,1.198,9.522,-0.6159,-2.1633,0.0380,5.85,-1.01,111.83
45861,0.583,0.780,10.393,-0.5085,-2.6170,-0.0789,5.02,-2.09,111.92
45870,0.894,0.568,10.962,-0.5783,-2.8431,0.0754,5.26,-3.97,111.96
45880,1.089,0.473,11.544,-0.5467,-3.3392,-0.0282,4.35,-5.35,111.79
45890,1.271,0.798,11.871,0.6073,-3.5488,0.0119,4.59,-7.78,111.71
45900,1.747,0.418,12.150,-1.1105,-2.5708,0.0308,5.05,-9.43,111.83
45910,2.055,0.348,12.316,-1.3070,-2.4253,-0.0677,3.31,-10.72,111.66
45920,2.114,0.152,13.083,-0.1315,-2.9379,0.0229,3.51,-12.20,111.79
45930,2.220,0.730,13.327,-0.6716,-2.8883,0.0295,3.17,-14.14,111.94
45940,1.694,0.834,13.504,-0.5242,-2.8487,0.0565,2.72,-15.49,111.92
45951,2.619,0.476,13.086,-0.9869,-2.7798,-0.0324,2.53,-17.40,111.92
45961,2.184,-0.018,12.946,-0.3998,-2.7117,-0.0368,1.55,-18.67,111.84
45970,2.743,0.252,12.863,-0.1968,-2.5577,-0.0633,2.06,-20.53,111.80
45981,2.937,0.288,12.884,-0.9271,-2.1281,0.0196,1.33,-21.61,111.80
45991,2.907,0.209,12.561,-0.8799,-3.0204,0.0005,0.99,-22.96,112.01
46001,3.568,0.525,11.542,-0.6278,-3.5981,0.0378,0.36,-25.03,111.95
46010,3.433,-0.027,10.945,-0.6803,-3.0693,0.0240,0.25,-27.10,111.91
46020,3.892,0.105,10.384,0.0199,-2.4321,-0.0263,-0.41,-28.51,111.91
46040,3.324,-0.089,9.827,-0.1317,2.0321,-0.0769,-0.18,-29.35,111.73
46051,3.377,0.273,9.813,0.3329,2.7041,-0.0544,0.11,-27.61,111.83
46060,3.280,0.076,9.409,0.0871,2.3404,0.0693,0.22,-26.24,111.91
46071,2.754,-0.352,10.356,0.0737,2.0877,0.0067,0.22,-24.99,111.92
46080,2.179,-0.180,10.259,-0.0963,1.6476,-0.0285,0.26,-23.87,111.88
46091,2.521,-0.348,10.630,-0.5963,2.1766,-0.0675,0.13,-23.08,111.84
46100,2.312,-0.003,10.626,0.1856,2.3506,-0.0614,-0.40,-21.38,111.83
46111,1.800,0.665,11.536,0.4487,2.4352,-0.0463,0.32,-20.37,111.91
46121,1.791,0.045,11.251,-0.1999,2.4225,0.0297,0.10,-18.62,111.93
46130,1.411,0.304,10.907,-0.4232,2.0912,-0.0476,0.09,-17.59,111.80
46140,1.183,0.208,11.493,-0.0897,2.4348,-0.0705,-0.41,-16.24,111.90
46151,1.461,-0.156,11.570,0.4794,1.9015,0.0061,-0.01,-14.82,111.88
46161,0.644,-0.110,12.063,0.1337,2.2231,0.0226,0.15,-14.03,111.96
46171,0.818,0.337,11.199,-0.0876,1.7824,-0.0023,0.13,-12.30,111.94
46180,0.486,-0.472,11.049,0.1576,1.9290,-0.0082,0.05,-11.99,112.05
46191,0.134,0.292,11.230,-0.2791,2.5239,0.0196,0.34,-10.10,111.80
46200,0.371,0.520,10.664,-0.6430,2.1302,0.0233,-0.31,-9.11,111.90
46210,-0.804,0.040,10.929,-0.2303,2.4221,-0.0012,-0.39,-7.64,111.90
46221,-0.504,-0.070,10.345,0.4200,1.6912,0.0290,-0.58,-6.33,111.81
46231,-0.430,0.364,10.556,0.6181,2.0382,0.1179,0.08,-5.69,111.97
46241,-0.602,-0.026,9.942,0.0202,2.0761,0.1299,0.16,-3.99,111.89
46251,-0.727,-0.143,9.649,-0.1265,1.0975,-0.0656,0.06,-3.28,111.95
46260,-1.373,0.023,9.527,-0.5999,1.6108,-0.0255,0.04,-2.69,111.88
46271,-1.216,-0.328,9.101,0.0826,1.8666,0.0276,-0.61,-1.43,111.93
46281,-1.197,0.446,8.770,0.4446,1.9852,-0.0903,0.14,-0.56,111.87
46290,-1.243,-0.012,8.389,0.3196,1.5465,-0.0125,-0.09,0.82,111.87
46300,-1.556,0.037,8.028,-0.2194,1.1553,0.0255,0.52,1.25,111.79
46311,-1.704,0.027,8.044,-0.7209,1.5552,-0.1061,-0.37,2.11,111.91
46320,-1.251,0.264,8.132,0.4227,1.8860,-0.0107,-0.33,3.02,111.90
46331,-2.044,-0.230,8.320,-0.1814,1.0157,-0.0053,0.11,4.26,111.81
46340,-1.850,-0.330,7.618,-0.3031,1.0692,-0.0278,-0.56,4.18,111.83
46351,-1.869,0.397,7.878,0.8862,2.1996,0.0521,-0.24,5.45,111.91
46360,-2.102,-0.284,7.808,0.3465,1.5680,0.0350,0.42,6.69,111.95
46371,-1.703,-0.630,7.374,-0.4875,1.0402,-0.0179,0.13,7.28,111.84
46381,-2.113,-0.134,7.907,0.3504,2.2282,0.0542,-0.12,7.90,111.90
46390,-2.152,-0.073,7.975,0.2010,1.9360,0.0185,0.54,9.84,112.05
46401,-2.112,0.331,8.453,-0.4156,1.1238,-0.0481,0.12,10.12,112.00
46410,-1.866,0.154,8.394,-0.2392,1.4861,-0.0593,0.08,11.13,111.96
46421,-2.227,0.239,8.867,0.2934,1.7392,-0.0663,-0.16,11.81,111.93
46430,-2.860,-0.100,8.970,-0.2819,1.3734,-0.0397,0.39,13.13,111.78
46440,-2.039,0.321,9.352,-0.0043,1.0924,-0.0869,-0.50,13.42,111.94
46451,-2.065,0.117,8.925,0.8973,0.8229,0.0488,0.38,14.37,111.84
46460,-2.304,-0.086,25.659,0.2700,-0.8179,-0.0001,0.53,14.35,111.96
46470,-1.891,-0.118,21.039,1.0383,-1.9758,0.0544,0.67,13.44,111.94
46480,-1.912,-0.082,16.838,0.7593,-2.7955,0.0513,1.68,12.08,111.85
46491,-1.485,0.186,13.558,0.2762,-2.5765,-0.0810,1.57,10.25,111.75
46501,-0.836,0.209,13.573,0.4124,-2.8159,0.0419,2.00,9.14,111.82
46510,-0.425,0.804,16.006,0.4986,-2.6710,-0.0153,2.04,7.01,111.94
46521,-0.546,0.553,19.599,1.0881,-1.7328,0.0568,2.56,6.08,111.93
46531,0.082,0.244,18.386,0.9488,-2.0055,-0.0027,3.28,5.00,112.07
46541,0.362,0.138,14.992,0.5951,-2.7376,0.0247,3.66,3.78,111.92
46550,0.964,0.732,11.701,0.5897,-2.6101,-0.0115,3.95,1.89,111.87
46560,0.890,0.611,10.558,0.8978,-1.4548,0.0218,4.32,0.78,111.84
46570,0.884,0.578,9.959,0.4767,-0.3954,-0.0070,4.97,0.23,111.91
46581,0.986,0.692,9.377,0.3672,0.1214,0.0490,4.87,0.34,111.87
46591,0.775,0.850,9.780,0.1984,-0.2951,0.0162,5.39,0.34,111.92
46601,0.694,1.005,9.854,0.7161,-0.2112,-0.0002,5.15,-0.01,111.98
46611,0.895,0.958,10.083,0.9082,-0.4683,-0.0359,6.18,0.09,111.98
46621,1.087,1.272,9.872,0.7074,-0.0083,-0.0724,6.15,-0.50,111.88
46631,0.967,1.239,9.894,0.7405,0.4921,-0.0626,7.00,0.06,111.87
46641,1.546,1.210,9.905,0.1982,-0.0682,-0.0474,6.98,0.04,112.09
46650,1.456,1.022,9.653,-0.1712,0.1503,0.0661,7.20,-0.03,111.83
46660,1.608,1.139,9.742,-0.1094,-0.1133,0.0139,6.76,0.20,111.86
46671,1.439,1.471,9.435,0.8316,0.0669,-0.0029,7.08,-0.17,111.95
46680,1.509,1.292,9.576,0.5758,0.4552,0.0862,7.71,0.28,111.84
46691,1.558,1.768,9.700,0.1712,-0.5342,-0.0084,7.74,0.41,111.81
46701,1.338,1.405,9.845,0.3566,-0.3690,0.0546,7.96,-0.28,111.91
46710,1.611,1.429,9.808,0.1828,0.1402,-0.0963,8.17,-0.01,111.95
46720,1.634,1.539,9.566,0.5308,-0.5615,-0.0488,8.17,-0.10,111.87
46730,1.906,1.223,9.478,0.5431,0.0098,0.0308,8.81,-0.69,111.80
46740,1.371,1.839,9.444,0.3291,0.5467,-0.0637,8.78,-0.09,111.98
46750,1.674,1.370,9.792,-0.2224,0.3704,-0.0144,9.21,-0.04,111.91
46760,1.816,1.108,9.645,0.2260,-0.0477,0.0428,8.50,0.37,111.89
46771,1.358,1.453,9.678,0.1699,-0.0877,-0.0292,9.49,-0.11,111.82
46781,1.699,1.605,9.684,-0.4790,0.0068,-0.0150,8.72,0.26,111.83
46791,1.312,0.920,9.840,0.6467,0.1827,0.0623,8.95,-0.07,111.86
46800,1.275,1.086,9.821,0.2079,-0.0739,-0.0420,9.47,0.42,111.95
46810,1.536,1.235,9.498,-1.0015,-0.6240,0.0364,9.18,-0.14,111.81
46820,1.258,1.290,9.905,-0.1478,-0.3894,0.0225,8.34,-0.30,111.88
46831,1.237,1.432,9.828,0.6749,0.2194,-0.0108,9.00,-0.59,111.86
46841,1.305,1.702,9.136,-0.2644,0.6388,-0.0591,9.11,-0.03,111.77
46850,1.371,1.251,9.534,-0.4343,0.2430,0.0674,8.68,0.16,111.95
46861,1.511,1.751,9.907,-0.5858,-0.3498,0.0041,8.62,0.25,111.81
46871,1.694,1.396,9.574,-0.4352,0.0386,0.0350,7.99,-0.23,111.81
46880,1.264,1.042,9.525,-0.1714,-0.1233,0.0460,8.11,0.34,111.83
46891,1.086,1.311,9.465,-0.6512,-0.1993,0.0062,7.79,-0.37,111.88
46901,0.878,1.066,10.136,-0.4555,0.6527,-0.0166,7.34,0.12,112.00
46911,1.051,1.523,9.730,-0.1772,-0.4905,0.0411,7.29,0.34,111.77
46920,0.913,1.047,9.692,-0.4090,-0.2694,0.0213,7.17,-0.44,111.98
46931,0.701,1.205,9.872,-0.5529,0.4171,0.0396,6.80,0.03,111.83
46941,0.579,0.851,10.149,-0.4557,-0.3008,0.1238,6.56,0.02,111.87
46950,0.152,0.982,10.374,0.0556,-0.2321,-0.0361,6.31,-0.34,111.77
46960,0.657,0.539,10.020,0.0605,-1.4290,0.0135,6.64,-0.27,111.76
46970,0.287,1.190,10.649,-0.2539,-2.5258,0.0603,6.36,-1.94,111.88
46981,0.830,0.828,9.984,-1.1468,-2.4839,-0.0003,6.33,-3.14,111.72
46991,1.299,1.255,10.834,-1.1434,-2.9444,0.0290,5.05,-4.77,111.75
47001,1.318,0.762,11.546,-0.3814,-3.1146,0.0014,5.05,-6.53,111.88
47011,1.553,1.161,12.460,-0.8778,-3.1088,-0.0118,4.62,-8.35,111.74
47021,1.936,0.823,12.561,-0.8187,-2.6185,0.0160,4.06,-10.05,111.89
47030,2.071,0.729,13.077,-0.2695,-2.5632,0.0354,3.62,-11.33,111.94
47041,2.307,0.567,13.401,-0.1715,-2.8335,-0.0216,3.75,-12.98,111.84
47050,1.496,0.187,14.068,-0.3964,-3.0411,-0.0763,3.38,-14.57,111.79
47060,1.885,0.271,14.463,-1.1991,-2.6380,0.0115,3.31,-16.49,111.88
47070,2.616,0.648,13.995,-0.8886,-2.7870,-0.0159,1.96,-17.59,111.74
47081,2.504,0.258,14.105,-0.5397,-2.9591,0.0525,2.32,-19.68,111.89
47090,2.518,0.236,14.007,-1.3947,-2.1346,0.0406,1.33,-20.94,111.84
47101,2.623,0.247,13.306,-0.3826,-2.3378,-0.0639,0.76,-22.13,111.83
47111,3.433,0.042,12.398,-0.4634,-2.6944,0.0445,0.93,-23.61,111.98
47121,3.258,0.109,11.571,-0.3801,-2.9565,-0.0299,0.23,-25.24,111.67
47131,3.196,-0.314,11.283,-0.6492,-3.1889,0.0265,0.49,-26.99,111.84
47141,4.153,-0.115,10.053,-0.1370,-2.3598,-0.0083,-0.54,-28.89,111.87
47150,4.264,-0.169,9.588,0.1920,-0.0019,0.0584,0.35,-29.69,111.87
47160,4.015,-0.430,9.966,-0.4947,2.0869,0.0193,-0.29,-28.87,112.09
47170,3.508,-0.127,10.240,-0.2953,2.1363,0.0121,-0.22,-27.31,111.80
47180,3.553,0.072,10.083,0.3496,2.1115,0.0305,-0.62,-26.42,111.97
47191,2.859,0.018,10.276,0.4341,2.2235,-0.0419,0.18,-24.90,111.80
47201,2.522,-0.073,10.861,0.1984,2.1721,0.0947,-0.12,-23.91,111.79
47211,2.482,-0.002,10.817,0.1767,2.7221,-0.0297,0.38,-22.39,111.87
47220,1.971,0.033,10.649,-0.5647,2.3685,0.0243,0.08,-20.84,111.89
47231,1.330,-0.220,11.009,-0.3290,2.0487,-0.0508,-0.29,-19.67,111.62
47241,2.095,0.049,11.331,-0.0638,1.5584,-0.0465,-0.31,-18.50,111.83
47251,2.239,0.289,11.165,-0.0892,2.2661,-0.0922,-0.34,-17.86,111.86
47260,1.342,-0.187,11.850,0.4150,2.1795,-0.0773,-0.40,-15.93,111.86
47270,1.203,0.283,11.526,0.0600,1.8040,0.0051,0.15,-15.38,111.75
47281,0.402,0.200,11.528,-0.2982,2.6487,-0.0169,-0.33,-13.84,111.90
47290,0.627,-0.394,11.388,0.3272,1.9456,-0.0489,-0.18,-12.31,111.77
47300,0.259,-0.566,10.754,0.0897,1.8801,0.0335,0.00,-11.61,111.71
47311,-0.018,0.121,10.719,0.0148,2.6016,-0.0669,-0.08,-10.15,111.82
47320,-0.558,-0.055,10.850,0.2637,2.4699,-0.0945,0.02,-8.63,111.78
47331,-0.582,0.572,10.506,0.0909,1.9101,-0.0096,0.21,-7.31,111.64
47340,-0.109,0.165,10.414,-0.4976,2.1199,-0.0152,0.15,-6.41,111.79
47350,-0.588,-0.140,9.825,-0.1411,2.0843,-0.0303,-0.33,-4.89,111.83
47361,-0.607,-0.101,9.931,-0.1149,1.1300,-0.0750,-0.00,-4.05,111.89
47371,-0.353,-0.344,9.151,-0.0918,1.8667,-0.0002,-0.45,-3.58,111.91
47381,-1.314,0.453,9.041,0.5104,2.3027,-0.0341,-0.09,-1.97,111.84
47390,-1.392,-0.238,8.445,-0.0210,1.3402,-0.0291,0.13,-0.96,111.73
47400,-1.009,-0.318,8.715,0.0310,1.1237,0.0422,-0.11,-0.39,111.81
47411,-1.011,0.153,8.423,0.4653,1.1819,-0.0344,0.13,0.33,111.91
47421,-1.710,0.155,8.508,0.2457,1.4409,0.0182,0.42,0.97,111.84
47431,-1.918,0.034,7.934,-0.9403,2.0027,-0.0476,0.42,1.99,111.98
47440,-2.156,-0.187,7.903,-0.5701,1.8223,0.0154,-0.66,3.28,111.94
47450,-1.569,0.139,8.275,0.5651,1.3782,-0.0270,-0.21,4.07,111.85
47460,-1.607,-0.468,8.072,0.4480,1.3111,-0.0636,-0.04,4.84,111.84
47470,-1.781,0.040,7.952,-0.0750,1.1859,-0.0426,0.32,5.59,111.81
47481,-1.799,0.162,7.170,0.2054,1.7245,-0.0195,-0.12,6.25,111.75
47491,-1.922,0.394,7.211,0.2848,2.1572,-0.0028,0.52,7.56,111.90
47501,-2.145,0.328,7.696,-0.6740,1.6357,-0.0406,0.18,8.73,111.83
47510,-2.197,0.148,8.058,-0.3801,1.7024,0.0847,-0.27,9.46,111.82
47521,-2.259,0.344,7.738,0.0359,1.4701,0.0388,-0.26,10.69,111.76
47530,-2.333,-0.321,8.545,-0.2245,1.0305,-0.0553,-0.23,11.14,111.88
47540,-2.379,-0.390,8.531,0.1228,1.4063,-0.0081,-0.50,11.88,111.93
47550,-2.092,-0.172,8.928,0.8429,1.7871,0.0047,-0.08,12.72,111.85
47561,-2.143,-0.074,9.397,0.1794,1.7587,-0.1001,0.42,13.90,111.89
47570,-2.448,0.079,9.500,0.1629,0.6162,-0.0159,0.13,14.77,111.85
47580,-2.174,-0.152,23.978,0.3250,-1.2816,0.0380,0.63,14.63,111.83
47591,-1.654,-0.070,20.457,0.1823,-2.5432,-0.0022,0.50,13.31,111.67
47600,-1.928,0.091,15.779,0.7987,-3.0574,0.0884,0.85,11.74,111.79
47611,-1.342,0.256,12.290,0.6645,-2.7253,-0.1013,1.39,9.84,111.79
47621,-0.658,0.438,10.946,1.3136,-2.1654,-0.0802,1.66,8.59,111.97
47631,-0.787,0.346,10.310,0.9082,-2.4626,-0.0150,2.92,7.39,111.70
47641,-0.362,0.470,9.888,0.4608,-2.5921,0.0225,2.65,5.75,111.76
47651,-0.362,0.765,9.689,0.8115,-2.1496,-0.0070,3.44,4.44,111.91
47661,0.051,0.469,9.282,0.2375,-1.7394,-0.0161,3.62,3.31,111.83
47670,0.254,0.769,9.596,0.8479,-2.9716,-0.0580,3.73,2.45,111.87
47680,1.177,0.850,9.394,0.9368,-1.6191,-0.0575,4.58,-0.07,111.74
47691,1.168,0.810,9.727,0.4434,-0.0086,-0.0289,4.80,0.65,111.79
47700,1.190,0.634,9.839,0.4318,-0.2500,0.0380,5.10,-0.11,111.79
47710,1.243,0.816,9.768,0.5570,0.0606,-0.0474,5.32,0.37,111.92
47721,1.052,0.782,9.727,0.7091,-0.9179,-0.0133,5.73,-0.06,111.84
47730,1.281,0.965,9.980,0.9242,-0.1945,0.0572,6.13,-0.69,111.78
47740,1.136,1.572,9.550,0.3271,0.7397,0.0494,6.78,-0.31,111.84
47751,0.898,0.905,9.720,-0.0973,0.6779,0.0802,6.46,0.18,111.91
47760,1.007,0.885,9.513,0.2478,0.0299,-0.0174,6.68,0.44,111.83
47770,1.322,1.560,9.398,0.5350,-0.1089,-0.0643,6.72,0.22,111.78
47781,1.478,1.115,9.539,0.7836,-0.1892,-0.0482,7.27,0.34,111.74
47791,1.411,1.389,9.919,0.8488,-0.5953,0.0782,7.63,0.01,111.93
47800,1.530,1.367,9.780,-0.0325,0.1163,0.0475,8.27,-0.36,111.70
47811,0.850,1.276,9.640,-0.7421,0.1676,-0.0134,7.58,0.13,112.02
47821,1.292,1.135,9.430,0.4017,0.1292,0.0042,7.45,-0.14,111.89
47831,1.038,1.296,9.592,0.7264,0.1255,-0.0384,8.06,0.26,111.81
47841,1.411,1.394,9.222,0.1905,0.0646,-0.0111,8.27,0.01,111.82
47850,1.146,1.059,9.503,0.8432,-0.4434,0.0057,8.24,0.30,111.69
47861,1.348,1.590,9.763,-0.4183,-0.2839,-0.0229,9.23,-0.50,111.90
47871,1.750,1.325,9.620,-0.7810,0.5042,-0.0991,7.76,-0.02,111.80
47880,0.744,1.216,9.293,0.6900,-0.1483,0.0676,8.33,0.08,111.91
47890,1.389,1.996,10.039,0.4065,0.0879,0.0710,8.53,-0.19,111.96
47900,0.788,1.124,10.049,0.3723,0.2676,0.0003,8.84,0.14,111.69
47911,1.765,1.609,9.578,-0.1311,-0.1148,0.0368,8.93,0.11,111.76
47920,1.389,1.638,9.553,-0.1149,-0.3373,-0.0046,8.67,0.02,111.76
47930,1.352,1.420,9.598,-0.2159,0.0840,-0.0044,8.78,-0.29,111.78
47941,1.169,1.589,9.679,-0.7695,0.5713,0.0122,8.44,0.11,111.81
47950,1.018,1.657,9.357,-0.1173,-0.4214,-0.0042,7.94,0.33,111.85
47960,1.208,1.208,10.060,-0.0521,-0.0377,-0.0354,8.33,-0.39,111.72
47970,0.605,1.413,9.705,-0.8453,0.2726,-0.0488,7.87,0.35,111.91
47981,1.230,0.864,9.748,-0.1903,-0.6219,-0.0691,7.36,-0.10,111.87
47990,0.907,1.083,9.623,0.1866,0.5922,0.0194,7.62,-0.34,111.98
48000,0.934,1.220,9.850,-0.0984,0.3253,-0.0393,7.56,0.59,111.94
48011,0.752,1.556,9.388,-0.2377,-0.4185,0.0626,7.48,0.03,111.96
48021,1.194,1.642,10.011,-0.4224,0.5356,-0.0423,7.26,0.11,111.90
48030,0.625,1.213,9.909,-0.0160,0.3683,0.0373,7.05,0.66,111.87
48041,0.517,1.121,9.729,-0.3796,-0.5377,-0.0089,7.24,0.54,111.82
48050,0.415,1.103,9.752,-0.8302,-0.2350,-0.0129,6.57,0.04,111.79
48061,0.522,0.836,9.850,-0.2011,-0.9792,0.0735,6.28,0.30,111.84
48071,0.653,0.660,10.479,-0.3070,-3.0158,0.0379,6.34,-1.08,111.83
48081,0.843,0.857,10.580,-1.1582,-3.2875,0.0588,5.94,-3.12,111.66
48090,1.337,0.862,10.692,-0.7651,-2.6322,0.0443,5.01,-4.88,111.75
48101,1.473,1.119,11.352,-0.5592,-2.7031,-0.0758,5.04,-6.17,111.95
48111,1.270,0.618,11.893,-0.7402,-2.6479,0.0204,4.33,-7.99,111.91
48120,1.516,0.849,12.286,-0.0312,-2.9459,-0.0020,4.22,-9.23,111.80
48130,1.554,0.391,12.834,-0.6539,-3.0090,0.0474,4.29,-11.37,111.77
48140,2.040,0.253,13.071,-1.2108,-3.2694,-0.0235,3.49,-12.65,111.87
48151,2.256,0.601,13.714,-1.0444,-2.9137,-0.0830,2.95,-15.14,111.98
48161,2.145,0.618,13.702,-0.5010,-2.2185,0.0298,2.27,-15.97,111.86
48170,2.662,-0.115,14.331,-0.3967,-2.7198,-0.0024,2.38,-17.66,111.82
48180,3.218,-0.013,13.498,-0.6212,-3.1165,0.0470,1.82,-19.12,111.90
48190,2.702,0.063,13.492,-0.4936,-2.7218,-0.0536,1.69,-21.21,111.67
48201,3.111,0.368,12.246,-0.7673,-2.8434,-0.0181,1.24,-22.24,111.80
48211,3.288,0.028,12.074,-0.6146,-2.6585,-0.0060,0.84,-24.46,111.91
48221,3.290,0.014,11.614,-0.7153,-2.4084,-0.0734,0.54,-25.27,111.96
48230,3.523,-0.384,11.034,-0.1137,-3.5784,0.0367,-0.04,-27.23,111.83
48240,3.602,0.221,10.275,-0.4065,-2.1165,0.0524,0.41,-29.33,111.76
48250,4.158,0.135,10.391,-0.0937,1.0302,0.0291,-0.50,-29.56,112.02
48260,3.823,0.038,9.801,0.1829,2.6965,-0.0469,0.35,-28.12,111.98
48271,3.390,0.107,10.521,-0.7401,2.4513,-0.0168,-0.32,-26.48,111.89
48281,2.835,-0.261,10.560,0.2639,1.7075,-0.0674,-0.53,-25.29,111.83
48290,3.061,-0.444,10.539,0.3761,1.9581,0.0077,-0.07,-24.51,111.86
48301,2.612,-0.029,10.903,0.2992,2.4983,-0.0467,-0.09,-23.08,112.00
48311,2.103,0.127,11.416,-0.1471,2.3270,-0.0143,0.27,-21.66,111.83
48321,2.320,-0.675,11.092,-0.5799,1.8458,0.0011,-0.23,-20.41,111.91
48331,2.013,0.127,11.281,0.1968,2.4087,-0.0240,-0.36,-19.52,111.83
48341,1.318,-0.247,11.409,0.4192,2.3644,-0.0355,0.04,-17.67,111.82
48350,1.629,0.169,11.508,-0.2689,1.8966,-0.0029,0.14,-16.87,111.82
48360,1.027,-0.089,11.260,-0.0905,2.2085,-0.0563,-0.25,-15.49,111.81
48370,0.839,0.648,11.878,-0.1043,2.1805,-0.0013,0.04,-14.32,111.85
48381,0.699,0.035,11.423,0.0103,2.3989,0.0366,-0.36,-13.00,111.88
48391,0.399,-0.264,11.193,0.2857,2.1018,0.0468,0.04,-11.55,111.84
48400,0.187,-0.212,11.458,-0.6755,2.0150,0.0011,-0.01,-10.52,111.80
48411,0.360,0.323,11.082,0.1451,2.5741,0.0562,-0.75,-9.21,111.84
48421,-0.057,0.297,10.809,0.5770,2.5372,-0.0452,0.14,-7.58,111.74
48430,-0.289,-0.175,10.517,-0.4108,2.3654,0.0255,-0.06,-6.29,111.95
48440,-0.529,0.167,10.560,0.5725,1.8084,-0.0838,-0.30,-4.89,112.03
48450,-1.077,0.031,10.161,0.3554,1.1174,-0.1216,0.56,-4.20,111.69
48460,-0.936,0.094,9.561,-0.6048,1.4578,-0.0726,0.14,-3.63,111.74
48470,-0.868,-0.149,9.761,-0.2750,1.9363,0.1312,-0.13,-2.50,111.79
48480,-0.925,-0.484,9.630,0.1802,1.7044,0.1010,-0.18,-1.37,111.80
48490,-1.561,-0.136,8.526,0.3532,1.5469,-0.0353,0.08,-0.54,111.83
48501,-0.846,-0.549,8.476,-0.0636,1.6998,-0.0131,0.26,0.42,111.89
48511,-1.421,-0.138,8.487,-0.0621,1.5369,0.0027,0.04,1.40,111.80
48521,-1.341,-0.396,8.058,-0.3137,1.5445,-0.0226,0.17,2.16,112.01
48531,-1.805,-0.148,8.121,-0.2390,1.2232,0.0249,-0.29,3.22,111.90
48541,-1.795,0.082,7.559,0.5386,1.9271,-0.0439,-0.06,3.56,111.73
48551,-2.046,0.038,7.421,0.0774,1.7926,-0.0165,0.31,5.39,111.91
48560,-1.876,0.104,7.972,-0.1495,1.4823,0.0360,0.04,5.63,111.69
48580,-2.080,-0.118,7.785,0.2276,1.6401,-0.0335,-0.09,8.60,111.91
48590,-1.914,0.204,8.061,-0.0973,0.7010,0.0547,0.39,9.05,111.88
48601,-1.717,0.006,8.569,-0.5535,1.4541,-0.0226,-0.20,9.44,111.69
48610,-2.525,-0.161,8.340,-0.1912,1.7026,-0.0706,-0.24,10.74,111.66
48621,-2.113,-0.352,8.675,0.2810,1.2424,-0.1520,-0.40,11.40,111.86
48631,-2.658,-0.319,8.880,0.3225,1.9542,0.0093,0.09,12.18,111.94
48640,-2.128,-0.374,8.764,0.1488,2.2252,0.0945,-0.04,13.61,111.77
48650,-2.481,0.448,9.521,-0.0265,1.0694,0.0210,0.25,14.76,111.88
48660,-2.675,-0.131,23.377,-0.1956,-0.8385,0.1008,-0.06,14.83,111.62
48670,-2.015,-0.055,21.460,0.8712,-2.6495,0.0445,0.03,13.79,111.73
48680,-2.062,0.384,17.234,0.9265,-2.7375,-0.0319,0.94,11.80,111.69
48690,-1.613,0.433,13.716,0.5336,-1.8867,0.0752,1.08,10.66,111.87
48700,-1.048,0.155,10.886,1.2500,-2.6083,0.0153,1.57,9.63,111.86
48710,-0.855,0.329,10.589,1.0086,-2.8178,0.0867,2.49,7.70,111.76
48720,-0.366,0.171,9.361,0.3225,-2.3596,0.0113,2.72,6.36,111.97
48730,-0.121,0.626,9.565,0.5681,-2.2010,0.0496,2.85,4.97,111.77
48741,-0.359,0.536,9.703,0.4789,-2.4806,-0.0410,3.37,3.81,111.85
48751,0.199,0.835,9.455,0.3383,-2.0010,-0.0364,3.42,2.10,111.93
48761,1.016,0.713,9.751,1.1346,-2.3918,-0.0707,3.74,1.53,111.88
48771,0.873,0.637,9.961,1.2959,-1.5317,-0.0218,4.69,-0.63,111.91
48781,1.086,0.945,9.565,0.5605,0.8712,-0.0562,5.23,-0.21,112.15
48791,0.668,1.222,9.289,0.0085,-0.0387,-0.0017,5.36,0.38,111.84
48800,1.113,1.254,9.593,0.4084,0.1306,0.0154,5.26,-0.24,111.85
48810,0.952,0.743,9.962,0.8013,0.0262,-0.0181,5.86,0.54,111.93
48821,1.490,0.829,9.665,0.5506,-0.3888,0.0270,6.18,-0.17,111.85
48830,0.855,0.840,9.534,0.1753,0.1276,0.0014,6.49,0.13,111.71
48840,1.575,0.960,10.127,0.5992,0.1906,0.0130,6.40,-0.00,111.78
48851,1.448,1.464,10.139,0.7583,0.0158,-0.0438,7.20,0.37,111.85
48861,1.335,1.530,9.873,0.0431,-0.3687,-0.0095,7.26,0.01,111.81
48871,1.871,1.364,9.817,-0.0422,0.1689,-0.0718,7.22,-0.05,111.74
48880,1.161,1.436,9.206,0.3369,0.2909,-0.0061,7.22,0.20,111.84
48890,1.451,1.460,9.980,0.6095,-0.5408,-0.0089,7.61,0.29,111.76
48900,1.599,1.269,9.977,0.7055,-0.2350,0.0152,7.92,-0.39,111.91
48910,1.824,1.678,9.427,0.6688,0.8646,-0.0334,8.39,-0.04,111.76
48921,1.185,1.574,9.737,-0.2080,0.1196,-0.0010,8.70,0.59,111.76
48930,1.237,1.357,10.182,0.1635,-0.2621,0.0723,8.13,0.06,111.92
48941,1.549,1.395,9.947,0.7729,0.0127,0.0223,8.91,0.27,111.87
48950,0.979,1.130,9.518,-0.2479,0.0203,0.0631,9.03,0.05,111.74
48961,1.900,1.189,10.098,-0.3686,-0.3598,0.0344,8.64,0.29,111.78
48970,1.100,1.431,9.414,0.7550,-0.2485,-0.0322,8.68,-0.38,111.87
48981,1.626,1.695,9.857,0.1927,0.4212,0.0238,9.50,-0.01,111.76
48990,1.693,1.577,9.680,-0.3380,0.3453,-0.0857,8.88,0.08,111.89
49001,0.962,1.470,9.483,-0.0800,-0.4621,0.0335,9.12,0.39,111.76
49011,1.670,1.624,10.045,-0.3199,-0.6670,-0.0551,8.80,-0.43,111.80
49020,1.324,1.697,9.499,-0.4391,0.6418,0.0631,8.77,-0.33,111.81
49030,1.244,1.573,10.274,-0.1140,0.4729,-0.0015,8.34,0.28,111.85
49040,1.525,0.865,9.311,-0.0827,-0.1680,-0.0901,8.63,0.22,111.82
49051,1.073,1.603,9.711,-0.4116,-0.0756,0.0452,8.23,0.02,111.82
49061,0.996,0.899,9.914,0.1322,0.4970,0.0043,8.16,0.08,111.71
49071,1.028,1.304,9.579,-0.1445,-0.1681,-0.1340,8.45,0.55,111.93
49080,1.091,0.998,9.533,0.1143,-0.6999,-0.0434,7.97,-0.11,111.87
49091,0.913,1.699,9.463,-0.2518,0.4709,-0.0058,8.60,-0.26,111.72
49101,0.444,1.275,9.880,-0.7420,0.2750,0.0759,7.67,0.45,111.83
49111,0.542,1.148,9.602,-0.2678,-0.3411,-0.0439,7.77,0.01,111.85
49121,0.582,1.191,9.870,-1.0207,-0.1300,-0.0326,7.40,0.05,111.75
49131,0.801,1.134,9.991,-1.1478,-0.2332,0.0827,6.59,-0.12,111.89
49141,0.678,0.788,10.180,-0.5567,0.0008,-0.0583,6.09,-0.21,111.79
49151,0.702,0.944,9.745,0.0283,-0.6711,-0.0079,5.97,-0.15,111.84
49161,0.896,0.931,10.286,0.1752,-1.7270,0.0024,6.12,-1.01,111.92
49171,0.635,0.388,10.816,-0.6808,-2.5001,-0.0378,6.19,-2.17,111.85
49180,0.565,0.716,10.849,-0.8356,-3.0710,-0.0202,5.34,-3.89,111.83
49190,0.903,1.069,11.230,-0.3921,-3.2301,0.0315,5.24,-5.66,111.90
49200,1.248,0.650,11.732,0.0051,-2.5096,0.0837,4.89,-7.59,111.82
49210,1.624,1.185,12.095,-0.8452,-2.7021,-0.0643,5.28,-8.52,111.96
49220,1.872,0.689,12.061,-1.4864,-2.8647,0.0695,3.95,-10.70,111.83
49231,2.206,0.419,12.742,-0.5145,-2.3200,0.0733,3.57,-11.78,111.73
49240,1.753,0.439,13.112,-0.5289,-2.6267,0.0523,3.32,-13.36,111.89
49250,2.048,-0.280,14.031,-1.2944,-3.5810,-0.0087,2.98,-14.74,111.79
49261,2.995,0.389,13.806,-0.7015,-3.5301,-0.0367,1.85,-17.44,111.84
49270,2.463,0.323,13.496,-0.2816,-2.1385,0.0089,2.12,-18.82,111.92
49281,3.093,0.360,13.696,-0.7633,-2.4974,-0.0011,1.53,-19.93,111.91
49290,2.954,0.322,13.072,-0.8482,-2.5709,-0.0261,1.25,-21.65,111.76
49301,2.711,0.275,12.384,-0.4699,-2.8388,-0.0143,0.58,-22.90,111.93
49311,3.337,0.087,12.176,-0.2005,-2.9529,-0.0657,0.69,-24.91,111.86
49321,3.227,0.127,11.590,-0.4930,-2.8069,0.0121,0.34,-26.30,112.00
49330,3.745,0.122,10.968,-0.0476,-2.8588,0.0158,0.16,-28.16,111.79
49341,4.011,-0.004,10.125,-0.3807,-1.5696,-0.0111,0.26,-29.60,111.91
49350,3.604,0.147,9.719,-0.4850,1.6761,-0.0462,-0.27,-29.99,111.98
49361,3.618,-0.236,9.341,0.0492,3.1292,0.0037,-0.26,-27.71,111.95
49370,3.020,0.083,9.780,0.4054,2.4921,-0.0384,-0.19,-26.41,111.76
49381,3.358,-0.306,9.645,0.4194,1.8061,-0.0046,0.21,-24.84,111.78
49390,2.799,0.139,10.552,0.0360,1.7337,-0.0217,0.28,-24.32,111.81
49401,2.982,-0.227,10.403,-0.2105,2.4896,0.0466,0.27,-22.89,111.89
49411,1.851,-0.012,10.710,-0.2029,2.1953,0.0069,0.05,-21.47,111.91
49420,2.478,0.167,10.841,0.1978,1.7297,0.0460,0.09,-20.35,111.80
49430,1.231,0.260,11.207,-0.2360,2.6144,0.0009,0.25,-19.47,111.78
49440,1.270,-0.274,11.143,-0.3052,2.1049,0.0116,-0.21,-17.35,111.78
49450,1.787,0.206,11.116,0.3186,1.4720,0.0518,-0.11,-17.04,111.76
49461,1.015,-0.167,11.601,0.5190,2.5264,-0.0685,0.12,-15.65,111.85
49470,0.418,-0.403,10.914,0.0533,2.3926,0.0268,0.47,-14.15,111.88
49480,0.515,0.396,11.299,-0.3949,2.5101,-0.0128,0.19,-12.87,111.89
49491,0.649,0.131,11.349,-0.2872,2.2704,0.0123,-0.01,-11.27,111.83
49510,-0.061,-0.127,10.988,-0.6451,2.2957,0.0819,0.04,-8.77,112.04
49520,-0.011,-0.165,10.747,0.1597,1.8150,-0.0204,-0.82,-7.66,112.04
49531,-0.069,0.066,10.620,0.8419,2.3959,-0.0775,0.21,-6.69,111.99
49541,-0.318,0.243,9.853,-0.4080,2.3764,0.0092,0.15,-4.89,111.83
49550,-0.815,0.141,10.387,-0.0397,0.9138,-0.1019,-0.26,-3.97,111.99
49561,-0.558,0.093,9.269,0.2292,1.5892,0.0097,0.10,-3.83,111.76
49571,-0.819,0.010,9.413,-0.3386,1.9623,-0.0064,0.02,-2.17,111.86
49580,-0.700,0.421,8.896,0.3204,1.6220,0.0674,-0.31,-1.65,111.80
49591,-1.228,0.161,8.941,0.3342,2.3334,-0.0084,0.41,-0.32,111.79
49601,-1.579,-0.026,8.806,-0.5983,1.9078,0.0143,0.05,0.99,111.86
49611,-1.301,0.021,8.424,0.5222,1.0371,0.1175,-0.31,1.85,111.89
49620,-1.823,0.122,7.835,0.2693,1.2187,-0.1591,0.65,2.20,111.79
49631,-1.698,-0.529,8.145,-0.7558,1.2122,0.0596,-0.01,3.23,111.92
49640,-1.930,-0.068,7.934,0.1729,1.5990,-0.0965,-0.20,3.57,111.94
49650,-1.522,0.259,7.447,0.3893,1.8048,-0.0903,0.22,5.06,111.76
49660,-1.867,0.063,8.175,-0.0704,1.2916,0.0472,0.27,5.61,111.76
49670,-1.926,-0.415,7.527,-0.9908,1.2889,0.0098,0.09,6.56,111.78
49680,-1.600,-0.051,7.928,-0.1134,1.0780,0.0244,-0.87,7.07,111.75
49690,-2.094,0.001,7.837,0.7415,2.1715,-0.0273,-0.02,7.77,111.92
49701,-1.746,-0.026,7.666,-0.0153,2.1265,-0.0102,-0.02,9.55,112.06
49711,-2.551,-0.120,8.194,0.1919,1.7471,-0.0366,-0.03,10.20,111.72
49721,-2.513,0.061,8.578,0.0966,1.7394,0.0008,0.19,11.60,111.80
49730,-2.201,0.059,8.647,-0.2383,1.1850,-0.0309,0.07,12.17,111.97
49741,-2.607,-0.222,8.772,-0.4741,1.5209,0.0716,-0.07,12.93,111.81
49751,-2.396,-0.311,8.977,0.2628,2.2366,-0.0239,-0.44,13.87,111.83
49760,-2.756,-0.030,9.701,0.6271,0.0109,0.0133,0.20,15.54,111.84
49770,-2.068,0.747,23.175,0.6018,-2.2677,-0.0606,0.28,13.90,111.83
49780,-1.777,0.317,19.134,1.1805,-2.1696,-0.0207,0.87,12.95,111.95
49790,-1.608,0.478,14.654,0.9774,-2.6781,0.0629,1.63,11.42,111.85
49800,-1.306,0.395,12.207,0.5377,-2.4727,0.0693,1.99,9.86,111.92
49811,-0.882,0.696,10.349,0.3226,-2.5433,0.0166,2.25,8.59,111.84
49820,-0.870,0.361,9.622,0.4948,-1.6805,0.0146,2.37,6.95,111.89
49831,-0.339,0.454,9.917,0.6736,-2.0278,0.0098,2.83,6.66,111.77
49840,0.337,0.926,9.624,0.8167,-3.2410,0.0904,3.13,4.64,111.70
49851,-0.261,0.646,9.585,1.5662,-2.2373,0.0117,3.78,2.94,111.83
49861,0.702,0.842,9.898,0.8614,-1.9481,-0.0669,4.90,2.09,111.90
49870,0.359,0.788,9.697,0.2395,-1.7647,0.0030,4.75,0.72,111.89
49880,1.097,0.435,9.784,0.7156,-0.4447,0.0794,5.17,0.08,111.80
49891,1.107,1.066,9.829,0.8351,0.2706,0.0010,5.59,0.21,111.81
49901,1.240,1.049,9.798,0.9405,-0.0340,-0.0826,6.11,0.36,111.81
49910,1.234,1.070,9.806,0.4053,-0.0221,0.0931,6.66,0.18,111.90
49920,1.101,1.482,9.644,0.4995,-0.1425,-0.0526,6.59,0.33,111.97
49930,1.719,0.981,9.516,1.4595,-0.8084,-0.0126,7.23,0.01,111.82
49941,0.946,1.105,9.521,-0.3282,-0.1066,-0.1074,8.24,-0.62,111.77
49951,1.350,1.704,9.913,-0.3506,0.2090,0.0040,6.86,-0.11,111.81
49960,0.978,1.165,9.247,1.1165,-0.1899,0.1048,7.81,-0.39,111.76
49971,1.063,1.183,9.840,0.5664,0.3148,0.0090,8.15,-0.33,111.72
49981,1.184,1.045,9.911,0.4910,0.3055,0.0347,8.44,-0.05,111.95
49991,1.268,1.358,9.634,0.2185,0.0674,-0.0777,8.72,0.02,111.83
50001,1.406,1.215,9.580,1.1257,-0.1852,0.0274,8.68,0.04,111.83
50010,1.449,1.939,10.108,0.4470,0.0535,0.0265,10.02,-0.12,111.92
50021,1.634,1.075,9.611,-0.4488,0.3770,-0.0123,9.16,0.12,111.86
50030,1.250,1.762,9.811,0.2660,-0.0626,-0.0013,9.48,0.32,111.82
50041,1.439,1.489,9.963,0.3150,-0.3581,0.0542,9.48,0.03,111.76
50051,1.655,1.772,9.996,0.3854,0.1969,-0.0628,9.82,-0.11,111.87
50061,1.001,1.424,9.623,0.0956,0.2791,0.0184,9.91,0.23,111.82
50070,1.543,1.171,10.023,0.3452,0.0827,-0.0344,9.92,0.21,111.83
50081,1.220,2.172,9.647,-0.0660,-0.4980,-0.0746,10.30,0.35,111.72
50091,1.281,1.850,9.844,-0.0544,-0.2869,-0.0020,9.87,-0.35,111.82
50100,1.486,1.713,10.318,-0.3480,0.2664,-0.0346,10.22,0.04,111.93
50110,1.733,1.673,9.472,-0.0683,-0.2955,0.0595,9.46,-0.02,111.81
50121,1.249,1.694,9.900,0.4925,0.0687,-0.0224,10.18,-0.29,111.85
50131,1.696,2.110,9.812,-0.2418,0.2026,0.0806,9.98,0.08,111.83
50141,1.439,1.769,9.848,-0.2475,0.0336,-0.0128,9.91,-0.01,111.96
50151,0.981,1.735,9.777,-0.4035,-0.2948,0.0021,9.68,0.15,111.77
50160,1.164,1.821,9.453,-0.8686,0.0938,0.0458,9.42,-0.37,111.82
50170,0.919,1.753,9.823,-0.3308,0.6064,-0.0452,8.68,0.26,111.87
50181,0.823,1.607,9.180,0.2574,0.3915,0.0044,9.05,0.33,111.81
50190,0.635,1.745,9.843,-0.3964,-0.0891,-0.0192,8.96,0.72,111.93
50200,1.002,1.423,9.592,-0.1816,-0.4785,-0.0303,8.61,0.18,111.76
50211,0.912,1.357,9.907,-0.2897,0.0292,0.0131,8.74,0.15,111.84
50220,1.137,1.115,9.829,-0.4052,-0.4166,0.0091,8.27,0.24,111.95
50230,0.892,1.502,9.873,-0.5582,-0.1902,-0.0434,8.29,-0.33,111.71
50240,1.045,1.419,9.730,-0.5293,0.1807,0.0374,7.67,0.04,111.94
50250,0.446,1.183,9.849,-0.3246,-0.2952,-0.0372,7.70,-0.15,111.82
50260,0.683,0.891,10.710,-0.7091,-0.2365,0.0325,7.28,-0.33,111.84
50271,0.807,0.871,10.367,-0.9152,-1.6966,-0.0119,6.88,-0.44,111.98
50281,0.978,1.121,10.047,-0.1941,-3.0751,0.0016,6.25,-2.27,111.78
50290,1.282,1.063,10.704,-0.4029,-2.6660,-0.0470,6.63,-3.97,111.82
50301,0.620,1.038,10.593,-1.3028,-2.2707,0.0484,5.76,-5.33,111.89
50310,1.274,0.764,11.487,-0.2071,-2.6925,-0.0270,5.12,-6.57,111.87
50321,1.547,1.003,11.881,-0.5632,-2.8952,-0.0340,5.50,-8.40,111.88
50330,1.626,0.955,12.636,-1.3091,-2.4141,0.0067,4.45,-9.87,111.75
50341,1.552,0.558,12.633,-0.4793,-2.8472,0.0385,4.02,-11.13,111.87
50350,1.894,0.681,13.274,-0.8896,-2.6885,-0.0272,3.91,-13.12,111.89
50360,2.112,0.592,14.027,-0.9825,-2.3924,-0.0173,3.01,-14.21,111.98
50380,2.412,0.649,13.861,-1.1200,-2.6413,0.0425,2.01,-17.97,111.89
50390,2.934,0.570,13.478,-0.3207,-2.6861,-0.0061,1.53,-18.92,111.81
50401,2.840,0.153,13.018,-0.3963,-3.3648,0.0106,1.65,-21.07,111.90
50411,3.457,0.182,12.978,-0.4894,-2.3979,-0.0597,1.13,-22.79,111.89
50421,2.890,0.037,11.841,-0.2824,-2.0892,-0.0083,1.11,-23.81,111.83
50431,3.548,0.488,11.118,-0.8783,-2.8228,0.0742,0.81,-25.15,111.88
50441,3.728,-0.267,11.034,-0.5708,-2.4530,-0.0021,0.08,-27.08,111.82
50450,3.691,0.105,10.496,-0.3920,-2.4534,0.0442,0.12,-27.94,111.96
50460,4.187,0.147,9.886,-0.2444,-0.2613,0.0394,-0.36,-29.88,111.97
50471,3.541,-0.125,9.948,0.3355,1.9614,-0.0548,-0.14,-28.26,111.85
50480,3.496,0.325,9.923,0.3340,1.6831,-0.0223,0.03,-27.66,112.05
50491,3.375,-0.071,9.778,0.1358,2.5841,0.0421,0.29,-26.32,111.94
50501,2.998,0.038,10.307,-0.3140,2.1754,0.0695,0.18,-24.73,111.93
50511,2.737,-0.022,10.427,-0.1988,1.7232,0.0441,-0.05,-23.84,111.88
50520,2.516,-0.005,11.209,-0.1449,2.5844,-0.0199,-0.06,-22.77,111.92
50530,1.853,0.006,11.385,-0.3211,2.6703,0.0864,-0.25,-20.87,111.87
50541,2.497,0.273,10.931,-0.0281,1.9796,0.0121,-0.42,-19.73,111.89
50551,1.663,0.870,11.221,0.3606,1.9334,-0.0430,-0.27,-18.62,111.85
50560,1.667,0.193,11.434,0.3039,2.8068,-0.0388,-0.02,-17.50,111.87
50570,1.058,-0.159,11.382,-0.0307,2.1126,-0.0585,0.07,-15.40,111.68
50581,0.888,0.374,11.092,0.0538,1.0846,-0.1343,-0.07,-15.05,111.85
50590,0.801,0.151,11.154,0.5042,2.3544,0.0052,0.09,-14.17,111.89
50601,0.588,0.076,11.252,0.0057,3.0134,0.0611,0.54,-12.31,112.03
50610,0.484,-0.268,10.678,-0.5567,2.1905,-0.1349,0.06,-10.74,111.91
50621,0.279,0.113,11.089,-0.0759,1.5218,-0.0574,-0.09,-9.82,111.88
50631,-0.098,0.036,10.783,-0.4380,2.0029,-0.0861,-0.03,-9.00,111.90
50641,-0.286,-0.003,10.875,0.1482,2.5775,0.0664,-0.60,-7.55,111.93
50651,-0.158,0.317,9.773,0.5267,2.1895,-0.0357,0.17,-6.04,111.87
50660,-0.609,0.164,10.155,-0.1028,2.0219,-0.0744,0.07,-5.06,111.93
50670,-1.127,0.144,9.576,-0.3036,1.3937,0.1173,0.07,-3.74,111.73
50681,-0.962,-0.066,9.683,-0.3008,1.4878,0.0179,-0.27,-3.45,111.91
50691,-1.530,-0.107,9.414,-0.1283,1.8844,-0.0667,-0.24,-2.05,111.94
50700,-0.972,-0.313,9.008,0.2053,1.5095,-0.0627,-0.42,-1.30,111.92
50711,-1.154,-0.090,8.979,1.0735,1.3962,-0.1102,0.01,-0.30,111.83
50720,-0.966,0.156,8.433,0.0950,1.2755,0.0089,0.85,0.30,111.64
50731,-1.493,0.154,8.581,-0.2105,1.6081,-0.0554,0.13,1.18,112.02
50740,-1.364,-0.078,8.692,-0.3174,1.6219,0.0304,0.61,2.12,111.77
50751,-1.646,0.048,7.799,-0.4794,0.8549,0.0383,-0.24,3.05,111.80
50760,-1.569,0.149,7.721,0.4740,1.6155,-0.0511,0.05,3.07,112.05
50770,-2.440,0.145,7.628,0.2745,2.0162,-0.0860,0.31,4.91,111.88
50780,-1.927,-0.284,7.844,-0.7186,1.9081,0.0476,0.36,5.38,111.89
50790,-2.073,-0.354,7.600,-0.4188,1.8042,0.0389,-0.53,7.09,111.94
50801,-1.777,-0.386,7.845,0.7765,0.7610,0.0100,-0.14,7.45,111.92
50811,-1.879,0.133,7.849,0.5751,2.0348,-0.0625,0.29,7.99,111.88
50820,-1.971,-0.028,7.844,-0.4157,2.0165,-0.0039,0.49,9.78,111.85
50831,-2.168,-0.023,8.132,-0.6616,1.3080,0.0111,-0.21,10.33,111.86
50841,-2.256,-0.531,8.685,-0.1999,1.6713,-0.0397,-0.24,11.26,111.76
50850,-2.644,-0.161,8.136,0.1269,1.4831,-0.1228,-0.43,12.23,111.80
50861,-2.437,-0.315,9.532,0.1716,1.1263,-0.1143,-0.05,12.96,111.81
50870,-2.121,0.050,8.911,0.5015,1.0480,-0.0728,-0.22,13.50,112.01
50881,-2.445,-0.121,9.333,0.7436,0.8926,0.0753,0.51,14.19,111.65
50890,-2.456,0.218,24.957,0.1772,-1.3623,0.0289,0.64,14.53,111.86
50901,-1.314,-0.596,21.761,0.7135,-2.4594,0.0270,0.70,12.67,111.88
50911,-2.017,0.143,16.700,0.8752,-1.9015,0.0450,1.47,11.71,111.87
50921,-1.541,0.323,13.348,0.4089,-2.3114,-0.0616,1.71,10.49,111.68
50930,-1.395,0.464,10.947,0.7155,-3.0582,0.0488,1.92,9.09,111.75
50941,-0.622,0.569,10.198,0.9119,-2.4749,-0.0383,2.54,6.98,111.81
50950,-0.328,0.294,9.564,0.5239,-1.8535,-0.0018,2.96,6.30,111.78
50960,-0.347,0.644,9.592,0.3598,-2.1439,-0.0414,3.15,4.86,111.96
50971,0.390,0.626,9.613,0.6437,-2.0326,0.0332,3.35,3.84,111.71
50980,0.290,0.739,10.041,0.8714,-2.1431,-0.0220,3.86,2.54,111.74
50991,0.320,0.585,9.971,1.0652,-2.5077,0.0574,4.37,1.40,111.74
51001,0.784,1.106,9.724,0.4342,-1.0370,0.0715,5.09,-0.34,111.82
51011,0.738,0.774,9.544,0.2179,0.3951,0.0533,4.86,0.20,111.75
51020,1.130,0.586,9.797,1.1146,0.1586,0.0152,5.35,0.11,111.69
51031,1.069,1.287,9.654,0.4972,0.0980,0.0404,6.10,0.36,111.76
51041,1.369,0.721,9.745,0.4737,0.2446,0.0462,5.92,0.22,111.83
51050,1.128,1.037,9.539,0.3908,-0.5553,0.0021,6.67,0.66,111.77
51061,1.227,1.282,9.858,0.1614,-0.4131,-0.0734,6.39,-0.42,111.84
51070,1.222,0.537,9.976,0.6733,0.4827,-0.0552,6.88,0.13,111.96
51081,1.612,1.103,9.482,0.9483,-0.3010,-0.0572,7.19,0.13,111.73
51090,1.201,1.372,9.545,0.4977,-0.1376,-0.0302,7.96,-0.22,112.02
51100,1.543,1.001,9.407,-0.2976,0.3257,-0.0416,7.80,-0.03,111.98
51111,0.973,1.072,9.525,0.0622,0.0800,0.0334,7.63,0.13,111.89
51120,1.653,1.135,9.653,1.2050,-0.2280,-0.0274,7.84,0.08,111.99
51130,1.256,1.738,9.547,0.7697,-0.0601,0.0216,9.00,-0.15,111.93
51140,1.617,2.002,10.000,-0.3285,0.0837,-0.0476,8.75,0.01,111.90
51151,1.297,1.333,9.657,0.3305,0.1054,-0.0469,8.62,-0.07,111.89
51161,1.416,1.559,9.585,0.1658,0.4537,0.0095,9.15,0.14,111.97
51170,1.727,1.809,9.822,0.0654,-0.4260,-0.0283,8.82,0.48,112.01
51181,1.375,1.312,9.759,0.1512,-0.3259,0.0545,9.24,-0.34,111.78
51191,1.368,1.775,9.372,0.0860,0.6504,-0.0114,9.02,0.14,111.91
51201,1.500,1.782,9.580,-0.0743,0.3096,-0.0535,9.32,0.42,111.76
51211,1.147,1.299,9.565,0.1564,-0.5958,0.0554,8.97,0.46,111.82
51220,1.597,1.390,9.652,0.6068,-0.6593,-0.0349,9.48,-0.23,111.96
51231,1.603,1.856,9.905,-0.1701,0.3461,-0.0577,9.69,-0.26,111.70
51240,0.962,1.598,9.925,-0.1736,0.4906,0.0135,9.31,0.17,111.81
51251,1.576,1.766,9.793,-0.2533,-0.2704,-0.0204,9.51,0.28,111.85
51260,0.815,1.654,9.419,-0.2937,0.1088,-0.0463,9.06,-0.18,111.90
51271,1.151,1.374,9.465,0.1019,-0.1486,0.1084,9.14,0.40,111.86
51280,1.225,1.307,9.698,0.1281,-0.6863,-0.0388,9.19,-0.38,111.97
51290,1.322,0.991,9.632,-0.2087,0.0169,0.0495,9.28,-0.37,111.92
51300,1.429,1.062,9.954,-0.5545,0.5332,-0.0329,8.93,-0.36,111.84
51310,0.667,1.353,9.547,-0.5884,0.2356,-0.0618,8.62,0.21,111.85
51321,0.998,0.993,9.980,-0.2146,-0.3542,0.0632,8.26,-0.09,111.88
51331,1.093,1.441,9.465,-0.3003,-0.0694,0.0491,8.39,-0.15,111.78
51340,1.126,1.184,9.506,-0.1067,-0.3095,-0.0015,7.89,-0.15,111.85
51351,0.955,1.370,10.274,-0.5482,-0.4075,0.0340,8.26,-0.51,111.93
51361,1.029,1.714,9.824,-0.5639,0.2394,0.0378,7.26,-0.62,112.00
51371,0.857,1.026,9.838,-0.0538,0.5679,0.0342,7.62,-0.25,111.70
51381,0.657,1.075,10.095,-0.6341,-0.1631,0.0126,7.21,0.04,111.90
51390,0.964,0.960,9.933,-0.4595,-0.4803,-0.0224,6.93,-0.46,111.94
51401,0.400,1.288,10.273,-0.2800,-0.3960,0.0503,6.72,-0.49,111.86
51411,0.615,1.328,10.311,-0.4922,-1.4955,0.0632,6.61,-0.89,111.85
51420,0.700,0.690,9.960,-1.0792,-2.9206,-0.0042,6.20,-2.23,111.77
51430,0.956,1.269,10.671,-0.3957,-3.1865,-0.0136,5.37,-4.27,111.88
51441,0.999,1.340,10.982,-0.5521,-2.3488,-0.0414,5.75,-5.92,111.80
51451,1.301,1.167,11.632,-0.9802,-2.6649,-0.0295,4.77,-6.95,111.91
51461,2.026,0.694,11.640,-0.2510,-2.9903,-0.0754,4.65,-8.97,111.73
51470,1.359,0.805,12.727,-0.6433,-2.7384,-0.1126,4.52,-10.35,111.97
51481,2.080,0.227,13.287,-1.0804,-2.3818,-0.0168,3.93,-12.14,111.97
51491,2.296,0.408,13.717,-0.8576,-2.3387,-0.0729,3.30,-13.12,111.95
51501,2.385,0.254,13.820,-0.6140,-2.2688,0.0473,2.95,-14.83,111.87
51511,2.212,0.452,14.345,-0.1445,-2.9810,0.0269,2.63,-15.74,111.90
51520,2.428,0.333,14.233,-0.9340,-3.2843,-0.0669,2.80,-18.29,112.03
51530,3.172,0.477,14.036,-0.8514,-2.1284,0.0415,1.55,-19.52,111.87
51541,2.737,0.240,13.338,-0.7376,-2.6627,0.0418,1.84,-20.73,111.78
51551,3.321,0.439,13.138,-1.1315,-2.4789,-0.0425,0.71,-22.56,111.80
51561,3.085,-0.076,12.241,-0.2813,-2.8221,0.0415,0.53,-23.60,111.83
51570,3.342,-0.266,11.659,-0.6962,-3.3356,0.0402,0.41,-25.82,111.76
51580,3.887,-0.196,10.922,-0.3879,-2.2560,0.1354,-0.24,-27.42,111.93
51590,3.942,-0.066,10.581,0.1100,-1.8369,0.0197,-0.03,-28.40,111.99
51600,4.070,0.036,9.417,-0.2285,-0.1260,0.0993,-0.09,-29.51,111.93
51611,3.658,0.315,10.042,0.5136,1.6309,0.0796,-0.29,-28.54,111.86
51621,3.332,-0.063,9.803,0.1916,1.7300,0.0628,0.49,-27.68,111.88
51630,3.009,0.249,10.422,-0.0495,2.2449,0.0504,-0.05,-26.56,111.75
51641,2.869,-0.243,10.340,-0.5241,1.7792,0.0992,0.46,-25.09,111.91
51650,3.042,0.320,10.232,-0.1331,2.5084,-0.0043,-0.64,-24.52,111.96
51660,2.567,0.238,10.589,0.5433,3.0843,0.0209,0.32,-22.20,111.86
51670,2.490,-0.098,10.868,-0.3131,1.8260,-0.0243,-0.01,-20.95,111.85
51680,1.808,-0.159,11.087,0.3103,1.2257,0.0714,-0.04,-20.10,111.89
51690,1.894,0.208,11.252,0.2546,1.7613,0.1083,0.33,-19.52,111.93
51701,2.029,-0.082,11.484,0.0181,2.7203,0.0059,0.27,-18.11,111.81
51710,1.177,-0.471,11.503,-0.0243,2.3130,0.0778,0.37,-16.39,111.91
51720,1.364,0.019,11.531,-0.3814,2.2948,0.0666,0.25,-15.44,111.84
51730,0.788,-0.121,11.511,-0.3552,2.1476,0.0158,-0.08,-13.76,111.81
51741,0.675,0.314,11.424,-0.0512,1.6099,-0.0671,-0.13,-12.95,111.88
51751,0.665,-0.160,11.375,-0.1418,2.5134,-0.0181,-0.16,-11.89,111.90
51761,0.071,-0.074,10.782,0.4171,2.7105,0.0581,-0.35,-10.06,111.90
51771,-0.095,-0.451,10.771,0.5054,1.7794,0.0374,0.30,-8.78,111.76
51780,0.266,0.407,10.279,-0.1573,1.5212,0.0069,0.24,-8.01,111.78
51790,-0.458,0.219,11.003,-0.3246,1.6972,-0.0437,0.10,-7.01,111.86
51800,-0.603,-0.296,10.246,-0.2892,2.5018,-0.0454,-0.12,-6.08,111.97
51811,-0.641,0.192,10.168,-0.0139,1.6710,-0.0430,-0.24,-4.15,111.77
51820,-1.087,-0.309,10.140,0.1758,1.0974,-0.0387,-0.12,-4.18,111.87
51830,-0.851,0.245,9.131,0.2499,2.3385,0.0132,-0.07,-2.91,111.82
51840,-0.551,0.242,9.206,0.2659,1.3740,-0.0032,0.15,-1.49,111.84
51851,-0.980,0.011,8.840,-0.5678,0.9440,0.0888,0.19,-1.33,111.97
51861,-1.279,-0.339,8.180,-0.1810,1.8025,-0.0443,-0.47,-0.39,111.87
51871,-1.410,-0.199,8.532,0.4642,1.1060,0.0650,0.03,0.72,111.78
51881,-0.916,-0.003,8.444,0.0678,1.5041,-0.1030,0.05,0.88,111.81
51890,-1.094,-0.131,7.918,-0.3180,1.7406,-0.0920,0.09,2.48,111.79
51901,-1.044,0.108,7.902,-0.0127,0.9236,-0.0527,-0.32,2.87,111.83
51910,-1.407,0.401,7.913,0.1799,1.5476,0.0031,0.07,3.56,111.96
51921,-1.618,0.098,8.109,0.0409,2.3507,0.0306,-0.10,4.63,111.91
51931,-1.901,-0.146,7.676,0.1854,1.5335,-0.0759,0.15,6.27,111.84
51941,-1.676,-0.248,7.714,0.0500,0.6435,0.0665,0.11,6.36,111.84
51950,-1.797,-0.273,7.804,0.2888,1.8491,0.1018,0.21,7.00,111.93
51961,-1.984,0.291,7.677,-0.0935,1.8902,0.0519,0.45,8.50,111.91
51971,-2.217,-0.288,7.698,-0.2167,1.5086,-0.0550,0.14,9.16,111.79
51981,-2.341,-0.024,8.371,0.1245,1.6626,0.0551,0.17,10.26,111.85
51991,-1.869,0.087,8.171,-0.3359,0.9294,0.0240,0.28,11.08,111.77
52001,-2.195,-0.437,8.910,-0.3613,1.5577,-0.0005,-0.25,11.32,111.80
52010,-2.871,-0.174,8.574,0.2144,1.8125,0.0499,-0.15,12.90,112.10
52020,-2.439,-0.363,8.990,0.0609,1.2933,-0.0233,-0.01,13.37,111.86
52031,-2.261,0.099,9.519,0.5837,0.9406,0.0359,-0.10,14.38,111.90
52041,-2.469,-0.232,25.422,0.6511,-0.6608,-0.0247,0.63,14.49,111.94
52051,-1.967,-0.039,22.665,0.0476,-2.4237,-0.0184,0.62,13.63,111.91
52061,-1.775,-0.097,18.166,0.3792,-2.6794,0.0376,0.70,11.73,111.87
52071,-1.495,0.821,13.777,1.8174,-2.3310,-0.0061,1.03,10.54,111.85
52081,-1.542,0.767,11.127,1.1915,-2.2251,-0.0320,2.77,9.11,111.78
52091,-0.615,0.481,10.680,0.3803,-2.1978,0.1328,2.42,7.97,111.81
52100,-0.706,0.334,9.859,0.9556,-2.1089,-0.0436,3.17,6.59,111.89
52111,-0.288,0.780,10.073,0.9534,-2.3869,0.0669,3.51,5.55,111.77
52121,-0.168,0.891,9.612,0.5843,-2.2567,0.0469,4.27,3.84,111.89
52131,0.459,0.463,9.461,-0.4042,-2.3231,0.0224,4.15,2.99,111.89
52140,0.192,0.467,9.852,0.4013,-3.1677,-0.0150,3.87,1.17,111.99
52151,1.436,0.737,9.917,1.2653,-0.8445,-0.0053,4.61,-0.64,111.82
52160,0.420,0.663,9.543,0.8716,0.3645,-0.0128,5.32,0.18,111.71
52170,0.747,1.029,9.791,0.8636,-0.0324,0.0473,5.59,-0.21,111.88
52180,1.428,1.298,9.842,0.6734,0.4718,0.0134,6.32,0.17,111.70
52190,0.762,1.328,9.394,0.9318,-0.0741,-0.0558,6.35,0.36,111.80
52201,1.580,1.425,9.439,0.5324,0.0261,-0.0426,7.40,0.08,111.88
52211,1.072,1.211,9.687,0.1645,-0.2688,0.0185,6.98,0.38,111.76
52220,1.394,1.231,9.022,0.3081,-0.0278,-0.0614,7.61,-0.21,111.79
52230,1.471,1.159,9.959,0.6575,-0.2844,-0.0043,7.33,0.31,111.91
52241,1.025,0.871,9.456,0.4676,-0.3509,-0.0518,8.37,-0.55,111.80
52251,2.032,1.375,9.818,0.1969,0.6553,0.1144,7.85,-0.12,111.80
52260,1.118,2.016,10.085,0.7988,0.3332,-0.0854,8.61,0.21,111.80
52270,1.062,1.391,9.672,-0.0107,-0.0843,0.0581,8.76,0.24,111.93
52281,1.448,1.072,9.990,0.1613,0.0585,0.0925,8.63,0.10,111.81
52291,1.273,1.650,9.943,0.7810,0.1276,0.0240,8.95,0.29,111.98
52301,0.965,1.404,9.579,0.3397,-0.0791,0.0082,9.51,0.25,111.88
52311,1.544,1.314,9.897,0.2712,-0.2265,0.0561,9.34,0.18,111.76
52321,1.286,1.707,9.599,0.2694,-0.3667,-0.0133,9.84,-0.01,111.94
52331,1.354,1.674,9.987,0.1097,0.2228,-0.0518,9.64,-0.23,111.85
52341,1.846,1.523,9.215,0.1045,0.3369,0.0140,9.96,0.25,111.88
52350,1.325,1.659,9.845,0.2884,-0.1748,0.0795,9.76,0.15,111.93
52361,1.387,1.697,9.599,0.1233,-0.4129,-0.0002,10.23,0.03,111.94
52370,1.201,1.504,9.769,-0.4870,0.3289,0.0477,9.89,-0.33,111.87
52380,1.285,1.606,9.641,0.1851,0.0544,0.0522,9.66,0.44,111.95
52391,2.141,2.114,9.834,0.5230,-0.8529,0.0283,10.10,-0.26,111.82
52400,1.342,1.877,9.741,-0.3538,0.5862,0.0117,10.28,-0.52,111.77
52410,1.273,1.767,10.036,-0.4134,0.4356,0.0137,9.72,0.42,111.90
52421,1.093,1.962,9.720,-0.0729,-0.4188,-0.0175,9.81,-0.03,111.82
52431,1.511,1.465,9.810,0.1022,0.0543,-0.0017,9.64,-0.03,111.73
52441,0.938,1.695,9.475,-0.2878,-0.0116,0.0142,9.92,0.03,111.78
52450,1.439,1.375,10.165,-0.7192,0.2539,-0.0481,9.29,-0.04,111.82
52461,1.304,1.875,9.935,-0.3128,-0.0152,-0.0116,9.08,0.31,111.78
52470,1.162,1.248,9.802,0.0843,-0.1730,-0.0019,8.94,-0.03,111.90
52480,1.127,1.607,10.034,-0.2215,0.0078,0.0069,9.20,0.09,111.86
52490,0.767,1.214,9.543,-0.3834,-0.1096,-0.0185,8.68,0.01,111.89
52501,0.873,1.399,9.507,-0.4298,-0.1742,0.0678,8.76,-0.02,111.92
52510,0.760,1.071,10.028,-0.6778,0.1892,0.0556,8.18,-0.20,112.13
52521,0.476,1.369,9.729,-0.6715,-0.1138,-0.0394,7.98,0.21,111.86
52530,0.558,1.140,9.715,-0.5378,-0.5744,-0.0650,7.42,-0.35,111.90
52541,0.496,1.357,9.768,-0.7229,-0.1041,0.0425,7.35,-0.41,111.97
52550,0.538,1.181,10.184,-0.5249,-1.1498,0.0515,6.60,-0.48,111.88
52561,0.367,1.175,10.728,-0.4506,-2.2767,-0.0495,6.77,-1.69,111.88
52570,1.383,1.171,10.675,-0.6699,-2.7921,-0.0766,6.08,-3.07,111.92
52580,1.199,1.140,11.197,-0.3308,-2.3151,-0.0053,6.03,-4.88,111.75
52590,1.234,0.973,11.701,-0.5358,-2.5375,-0.0149,5.68,-5.72,111.79
52600,1.346,0.914,11.606,-0.7797,-3.1259,0.0258,5.42,-7.81,111.97
52611,1.191,0.408,12.517,-0.9630,-2.6482,-0.0293,4.83,-9.33,111.83
52621,1.519,0.989,13.554,-0.0994,-2.4638,-0.1188,4.31,-10.83,111.85
52630,2.057,0.687,13.374,-0.2577,-2.7269,-0.0459,4.70,-12.17,111.99
52641,1.980,0.463,13.947,-1.2805,-2.6333,-0.0164,4.00,-13.95,111.70
52651,1.979,0.449,13.838,-1.3785,-2.5955,-0.0476,3.28,-15.24,111.94
52661,2.677,0.277,14.309,-0.7701,-2.7007,0.0163,2.42,-16.94,111.77
52671,2.690,0.091,13.946,-0.7612,-3.1387,-0.0242,2.43,-18.33,111.86
52681,2.650,0.199,14.072,-0.6825,-3.5558,-0.0262,1.56,-20.53,111.85
52690,3.189,0.656,13.294,-0.6305,-2.0775,0.0941,1.65,-22.39,111.70
52700,3.164,0.237,13.043,-1.0991,-2.4017,0.0264,0.83,-22.92,111.84
52711,3.057,0.470,12.388,-0.2542,-2.9874,-0.0294,0.42,-25.12,111.88
52720,3.339,0.252,11.659,-0.0075,-2.2643,-0.0755,0.52,-26.31,111.99
52730,3.659,-0.055,10.836,-0.3212,-3.0050,-0.0227,0.39,-27.72,111.88
52740,4.353,-0.089,9.817,-0.3341,-1.0916,0.0916,0.14,-29.77,111.76
52750,3.998,-0.021,9.346,-0.4237,1.8252,0.0276,-0.07,-28.96,111.98
52761,3.450,-0.293,9.491,0.3052,2.3084,-0.0425,-0.36,-27.67,111.83
52771,3.357,0.171,10.255,0.2849,2.0383,0.0217,0.29,-26.30,111.89
52781,3.394,-0.207,9.976,-0.2854,1.4126,0.0527,-0.01,-25.38,111.95
52791,2.395,-0.202,10.604,-0.5059,2.4265,0.0044,-0.01,-24.69,111.90
52801,2.469,0.280,11.018,-0.2554,2.2520,-0.0495,-0.61,-22.62,111.90
52810,2.164,0.116,10.616,0.0234,1.5205,-0.0216,-0.33,-22.06,112.02
52821,2.364,0.028,11.107,0.3195,2.0585,-0.0941,-0.60,-20.89,111.84
52830,1.561,0.105,11.434,0.5186,2.4463,0.0100,0.02,-19.70,111.69
52840,1.703,0.231,11.495,-0.5408,2.1536,-0.0126,-0.04,-18.06,111.93
52850,1.342,-0.075,11.643,0.0297,1.8620,-0.0490,-0.55,-17.21,111.81
52860,1.121,0.129,11.525,0.2696,2.4222,0.0629,-0.02,-15.97,111.92
52870,1.194,-0.248,11.603,-0.6081,2.5282,-0.0479,-0.27,-14.40,111.71
52880,0.880,-0.884,11.600,0.3463,2.3281,0.0792,-0.73,-13.11,111.92
52891,0.024,0.002,11.214,1.1355,2.0228,-0.0172,0.16,-11.73,111.80
52900,0.575,0.337,11.059,-0.2955,2.1079,0.0445,0.57,-10.77,111.87
52911,0.481,0.025,10.934,-0.3245,2.1325,0.0388,-0.20,-9.31,111.82
52920,0.081,-0.082,10.812,0.1700,1.6413,0.0316,0.19,-8.32,111.89
52931,-0.635,0.140,10.749,-0.2831,1.7195,-0.0177,-0.01,-7.43,111.82
52940,-0.238,-0.407,10.123,0.5534,2.0917,-0.0355,-0.12,-6.35,111.98
52951,-0.748,-0.099,10.106,-0.1993,2.0762,0.0021,0.64,-5.03,111.89
52960,-0.504,-0.103,9.769,-0.4056,2.1355,0.1108,-0.35,-3.96,111.92
52971,-0.899,-0.251,9.784,-0.0336,1.2534,-0.0641,0.20,-2.59,111.90
52980,-0.622,-0.320,9.613,-0.4912,1.0602,0.0954,-0.39,-2.53,111.89
52991,-0.898,-0.123,9.016,0.5092,1.7177,-0.0309,-0.33,-1.37,111.83
53000,-1.223,-0.256,8.756,0.0477,1.5443,-0.0574,0.21,-0.56,111.83
53010,-1.034,0.374,8.521,-0.1729,1.6039,-0.1369,-0.30,0.39,111.98
53021,-1.749,-0.493,8.152,0.1258,1.8280,-0.0112,-0.01,1.30,112.10
53030,-1.788,-0.059,8.509,0.0514,1.4331,-0.0463,-0.16,2.46,111.81
53041,-1.838,0.345,7.861,-0.0308,1.5540,-0.0176,0.07,2.92,111.83
53050,-1.745,-0.044,8.149,0.0854,1.8733,-0.0623,-0.22,4.22,111.92
53060,-1.806,-0.303,7.890,-0.0252,1.8671,0.0846,0.14,5.06,111.85
53070,-2.270,-0.331,7.729,-0.1559,1.3291,0.0045,-0.28,6.34,111.75
53081,-1.981,-0.204,7.412,0.1288,1.3129,0.0707,-0.01,6.56,111.82
53091,-2.078,0.233,8.202,-0.2945,1.9051,0.0075,-0.11,7.83,111.86
53101,-1.696,-0.216,7.729,-0.2910,1.5205,-0.0309,-0.34,8.76,111.98
53111,-2.001,-0.151,8.165,0.1548,1.2700,0.0223,-0.41,9.57,111.88
53121,-2.744,-0.098,8.420,-0.2518,0.7729,-0.0063,-0.19,10.21,111.90
53131,-2.568,-0.306,8.451,0.7596,1.4000,0.0397,-0.71,10.46,111.90
53140,-1.774,0.449,8.899,0.8782,1.8776,-0.0362,0.69,11.80,111.88
53150,-2.462,0.115,8.810,-0.4686,1.4764,-0.0921,0.27,12.61,111.94
53161,-2.854,-0.296,9.446,0.1928,1.5137,-0.1329,0.13,13.52,111.92
53170,-2.253,-0.354,9.428,-0.5339,0.3711,0.0023,0.51,14.31,111.83
53181,-2.422,-0.468,23.631,0.2421,-1.2508,0.0291,-0.48,13.93,111.87
53191,-2.123,-0.382,19.831,0.8469,-1.6493,0.0375,0.79,12.86,111.93
53200,-1.180,-0.183,16.300,0.6156,-2.4044,-0.0477,0.49,12.04,111.92
53211,-1.475,-0.280,12.954,1.0699,-2.7849,0.0182,1.46,10.03,111.87
53220,-1.346,0.472,10.866,0.1852,-1.9766,-0.0247,1.72,8.81,111.87
53231,-1.009,0.622,9.965,0.8310,-2.7203,0.1032,1.63,7.72,111.88
53241,-0.160,0.425,10.027,1.3868,-2.8514,-0.0333,2.70,5.72,111.84
53251,-0.079,0.429,10.023,0.5307,-2.6078,-0.1034,3.21,4.47,111.90
53260,0.302,0.488,10.060,0.3740,-2.8090,0.0935,3.31,2.77,111.89
53270,0.460,0.408,10.180,0.5660,-1.9331,-0.0780,3.64,1.21,111.92
53281,0.816,0.553,9.870,0.1996,-1.4761,0.0052,3.98,0.54,111.88
53291,0.871,1.032,10.104,0.5663,-0.8438,-0.0157,3.86,-0.44,111.78
53301,0.981,0.416,10.286,1.1124,0.2207,0.0342,4.57,-0.42,111.82
53310,1.202,0.948,9.960,0.5898,0.0392,-0.0302,5.12,-0.20,111.97
53321,0.868,0.722,9.836,0.7363,-0.2380,-0.0271,5.30,-0.43,111.81
53330,1.440,1.177,9.612,0.4604,0.0810,-0.0152,5.97,-0.47,111.89
53341,1.252,1.337,10.068,-0.1856,0.5844,0.0325,5.83,-0.36,111.90
53350,1.119,0.841,9.996,0.4972,0.7045,-0.0087,5.77,0.20,111.93
53360,1.401,0.727,9.374,0.8020,-0.3590,0.0349,6.41,0.46,111.82
53371,1.711,1.416,9.757,0.1603,-0.1050,0.0549,6.71,-0.17,111.67
53380,1.500,0.989,10.033,0.3144,0.0255,-0.0379,6.60,0.38,111.81
53390,1.470,0.775,9.382,0.6808,-0.2153,0.0374,7.12,-0.15,111.94
53401,0.853,1.721,9.679,0.0106,-0.1279,-0.0243,7.37,0.12,111.88
53410,1.289,1.186,9.359,0.2242,0.1284,0.0718,7.11,-0.32,112.00
53420,0.716,1.203,9.614,0.6374,0.1806,0.0499,7.68,0.30,111.75
53430,1.677,0.754,9.838,-0.2725,-0.1787,-0.0120,7.87,-0.11,111.81
53441,1.557,1.652,9.564,-0.0956,0.1591,0.0767,7.32,0.12,111.89
53451,1.478,1.091,10.048,0.6272,-0.3327,0.0298,7.76,0.03,111.87
53461,1.080,1.413,9.983,0.1403,0.1506,0.0817,8.08,-0.22,111.68
53471,1.260,1.239,9.300,0.0800,0.7386,0.0534,7.93,0.25,111.91
53480,1.137,1.607,9.695,-0.0968,-0.4278,0.0449,8.17,0.64,111.87
53491,1.432,1.613,9.793,-0.4760,0.0604,0.0827,7.82,-0.21,111.95
53501,0.793,0.952,9.729,0.1289,0.2414,-0.0351,7.58,0.76,111.76
53510,1.267,1.225,9.974,-0.2121,0.1574,0.0356,7.97,0.12,111.85
53520,1.372,1.148,9.952,-0.0774,-0.2988,-0.0802,7.30,0.93,111.81
53531,1.203,1.475,10.101,0.7910,-0.9299,0.0346,7.91,-0.20,111.88
53540,1.275,1.058,9.544,-0.1106,0.5236,-0.0190,8.20,-0.15,111.98
53551,1.040,1.672,9.370,-0.6737,0.3273,0.0114,7.77,0.39,111.85
53560,1.499,1.213,9.684,-0.4777,-0.6718,0.0397,7.41,0.23,111.91
53571,0.752,1.002,9.606,-0.1855,-0.0762,0.1342,7.22,-0.32,111.90
53580,1.163,1.386,10.038,0.3935,0.1781,-0.0070,7.24,0.14,111.70
53591,0.540,1.685,9.566,-0.1430,0.0943,0.0210,7.70,-0.12,111.84
53600,1.353,1.146,9.933,-0.9049,-0.0191,0.0290,7.13,0.22,111.84
53610,1.062,1.645,10.245,-0.6887,-0.3505,-0.0637,6.65,-0.17,111.88
53621,0.579,1.214,9.847,-0.3101,0.2894,-0.0250,6.36,-0.21,111.98
53631,1.114,1.190,9.653,0.1129,-0.0234,0.0115,6.29,0.15,111.93
53641,0.895,1.274,10.137,-0.7814,-0.1298,0.0705,6.54,-0.21,112.00
53651,0.251,0.934,10.308,-1.1160,-0.8255,-0.0175,5.41,-0.04,111.87
53661,0.503,1.235,10.813,-0.3539,-2.1472,0.0021,5.23,-1.11,111.96
53671,0.786,1.243,10.263,-0.3647,-3.1423,-0.0450,4.98,-2.49,112.07
53680,0.915,0.970,10.909,-0.3365,-3.6879,-0.0223,4.82,-4.71,111.92
53691,0.960,0.856,10.959,-0.0049,-2.8908,0.0499,4.62,-6.72,111.83
53700,1.134,0.808,11.299,-0.5069,-2.2094,-0.0562,4.77,-8.02,111.88
53710,1.211,0.900,12.098,-1.5495,-2.8263,0.0605,4.06,-9.30,111.80
53721,1.850,0.822,12.633,-1.1558,-2.9050,0.1193,3.01,-11.25,111.95
53730,2.014,0.619,13.267,-0.2492,-2.8437,0.0428,2.73,-12.65,111.79
53740,2.283,0.278,13.214,-0.2893,-2.7985,-0.0313,2.71,-14.51,111.76
53750,2.116,0.180,13.192,-0.4560,-3.2262,-0.0205,2.43,-15.84,111.92
53761,2.634,0.024,13.358,-0.8292,-2.9617,0.0117,2.15,-18.20,111.94
53770,3.023,-0.107,13.635,-0.8353,-2.1557,-0.0115,1.45,-19.24,112.05
53780,2.614,0.482,12.891,-0.7777,-3.2367,-0.0167,1.19,-20.67,111.81
53791,3.271,-0.103,12.097,-0.8266,-2.9210,0.0380,0.53,-22.90,111.94
53801,2.913,0.142,11.891,-0.3741,-2.2005,-0.0759,0.18,-24.05,111.93
53810,3.264,-0.315,11.218,0.1306,-2.7485,0.0019,0.07,-25.45,111.97
53820,3.918,0.129,10.717,-0.3734,-3.0769,0.0027,0.30,-27.20,111.98
53831,3.673,0.071,10.087,0.0005,-1.4786,0.1051,-0.39,-28.98,111.86
53840,3.547,0.375,9.956,0.2637,1.6123,0.1126,0.32,-28.93,111.95
53850,3.630,-0.422,10.295,-0.5073,1.6585,0.0267,-0.08,-27.14,111.83
53860,2.828,0.173,10.195,0.2616,1.8401,-0.1126,-0.26,-27.04,111.89
53870,3.432,-0.034,10.513,0.1500,2.6542,0.0674,0.22,-25.01,111.86
53880,2.629,0.001,10.289,-0.1206,2.2198,0.0059,-0.09,-24.00,111.83
53891,2.648,0.173,11.028,0.0241,2.4976,0.0565,0.05,-22.48,111.79
53901,2.232,0.188,10.850,-0.1273,2.0395,-0.0553,-0.06,-21.16,111.91
53910,2.267,-0.367,11.248,-0.0255,2.1540,0.0534,-0.05,-20.15,111.87
53920,1.817,0.220,11.360,0.1884,2.8128,-0.0409,-0.06,-18.72,111.92
53931,1.405,-0.134,12.029,-0.1891,2.2376,0.0196,0.16,-16.91,111.93
53940,0.884,0.298,11.209,0.1850,2.0440,-0.0314,-0.25,-16.13,111.72
53950,1.064,-0.059,11.608,0.4598,2.2205,-0.1154,0.38,-14.58,111.87
53961,0.903,-0.213,11.207,-0.1104,1.6886,0.0100,0.27,-13.60,111.75
53970,0.982,-0.115,11.040,-0.1366,2.6762,0.0384,0.21,-12.64,111.92
53980,0.205,0.138,10.984,-0.1281,2.7860,0.0217,0.12,-10.52,111.89
53991,-0.336,0.077,11.056,0.1996,1.9414,-0.0339,0.07,-9.47,111.75
54001,0.259,-0.079,10.695,0.1480,2.3451,0.0239,0.37,-8.25,111.91
54011,-0.546,0.220,10.125,-0.2412,2.2880,0.0530,0.26,-6.76,111.68
54020,-0.486,0.270,10.497,-0.1151,1.9328,0.0140,0.08,-5.62,111.79
54030,-0.825,-0.040,9.237,0.3838,1.6207,-0.1546,0.12,-4.53,111.90
54040,-0.373,0.264,9.434,0.3080,1.8584,0.0133,0.48,-3.77,111.84
54050,-0.535,0.020,9.659,-0.0323,1.9212,-0.0202,0.49,-2.40,111.71
54061,-1.125,0.455,9.010,-0.4502,1.6843,0.0215,0.44,-1.56,111.80
54071,-1.406,-0.107,8.953,-0.0015,1.0541,0.0055,-0.05,-0.44,111.75
54081,-1.210,0.161,8.895,0.0232,1.3977,0.0091,0.44,-0.33,111.73
54091,-1.644,0.104,8.485,-0.1678,1.8900,-0.0326,-0.07,1.12,111.90
54101,-1.316,-0.072,7.873,0.2057,1.8096,-0.0104,0.27,1.78,111.83
54111,-1.264,-0.289,7.822,-0.2646,2.0069,0.0151,0.18,3.20,111.91
54120,-1.694,-0.296,7.702,0.0073,1.2950,-0.0595,-0.01,4.10,111.84
54130,-1.735,-0.185,7.777,0.2409,1.7517,-0.0301,0.21,4.66,111.92
54140,-2.070,-0.293,7.314,-0.2660,1.9374,0.0045,0.24,6.09,111.78
54150,-1.882,0.009,7.307,-0.1910,1.4289,0.0163,-0.07,6.90,111.83
54161,-2.160,0.050,7.994,-0.1621,1.3292,0.0135,0.04,7.74,111.92
54170,-2.031,0.175,7.471,0.6088,1.5994,0.0807,-0.28,8.41,111.67
54181,-2.452,-0.283,7.752,-0.0025,1.9129,-0.0403,0.76,9.58,111.89
54190,-1.687,0.136,8.441,-0.5160,1.6746,0.0688,-0.23,10.61,111.76
54201,-2.123,0.356,8.086,0.2389,1.4740,0.0411,0.14,11.52,111.88
54211,-2.544,0.174,8.617,0.1632,2.1628,-0.0079,0.04,12.32,111.81
54220,-2.951,-0.000,8.474,-0.1992,1.5127,0.0061,0.31,13.99,111.78
54231,-2.705,0.236,9.257,0.0903,0.4352,0.0282,-0.15,14.07,112.02
54240,-2.485,0.138,24.029,0.9780,-0.5995,0.0409,0.42,14.52,111.84
54251,-1.615,0.306,21.465,0.5534,-2.0019,0.0144,0.97,13.41,111.82
54260,-1.906,0.206,17.070,0.2835,-2.1910,0.0172,1.10,12.23,111.75
54270,-1.172,0.063,13.228,0.8430,-2.3241,-0.0014,1.33,10.89,111.79
54280,-1.171,0.175,10.981,0.5483,-2.4302,-0.0164,2.05,9.61,111.85
54290,-1.352,0.098,10.246,0.6467,-3.0883,-0.0463,1.94,8.09,111.91
54300,-0.566,0.352,10.068,1.3470,-2.5460,-0.0311,2.76,6.05,111.75
54310,-0.114,0.639,9.856,0.8010,-1.5973,-0.0171,3.52,5.19,112.01
54321,0.137,0.586,9.921,-0.2264,-2.3563,-0.0182,3.60,4.15,111.93
54331,0.347,0.012,10.299,0.4319,-2.3140,-0.0236,3.27,2.48,111.75
54341,0.375,0.307,9.755,1.2481,-1.4856,0.0839,4.12,1.48,111.86
54351,0.787,0.802,9.643,0.7208,-1.3902,0.0127,4.71,0.80,111.86
54360,0.733,1.021,10.282,0.1501,-0.8644,-0.0031,4.97,-0.09,111.85
54371,0.659,0.929,9.743,0.4369,0.1174,-0.0323,4.89,-0.22,111.94
54381,0.739,0.494,9.588,1.3281,0.2079,-0.0496,5.44,0.06,111.89
54390,1.328,1.310,10.336,0.9171,-0.1239,0.0415,6.39,0.05,111.92
54401,1.096,1.035,9.573,-0.3713,-0.2573,0.0236,6.49,-0.05,111.90
54410,1.101,0.842,10.086,0.7661,0.0247,-0.0025,6.00,-0.27,111.78
54421,1.412,1.156,9.618,1.1064,0.2334,0.0145,7.39,-0.03,111.89
54430,1.337,0.974,9.782,0.2354,0.3347,0.0801,7.31,-0.05,111.94
54441,1.424,1.562,9.825,0.1898,-0.5085,-0.0292,7.61,0.32,111.68
54450,1.265,1.718,9.884,0.5933,-0.8010,0.0195,7.51,-0.65,111.89
54461,1.346,1.374,9.997,0.5437,0.9066,0.0234,8.28,-0.61,111.90
54470,1.660,1.613,9.878,0.1685,0.4333,0.0427,8.14,0.41,111.87
54480,1.970,1.554,9.652,0.2257,-0.2599,-0.0007,8.46,-0.11,111.88
54491,1.215,1.178,9.681,-0.1519,-0.3567,-0.0418,8.39,0.10,111.80
54501,1.460,1.769,9.638,0.9498,-0.1053,0.0181,8.25,-0.54,111.91
54511,1.306,1.633,9.965,0.5395,0.3055,0.0031,9.44,0.01,111.95
54521,1.356,1.607,9.529,-0.3620,0.3853,-0.0316,8.85,-0.15,111.76
54531,1.605,2.133,9.616,0.4401,0.4507,-0.0363,9.05,0.44,111.93
54540,1.323,1.670,9.230,0.5027,-0.1714,-0.0546,9.35,0.38,111.80
54550,0.868,1.472,9.525,-0.0480,-0.5434,-0.0312,9.65,0.27,111.77
54560,1.356,1.673,9.401,-0.0257,0.0626,0.0285,9.31,-0.19,112.09
54570,1.509,1.525,10.091,0.6711,-0.1494,-0.0095,9.66,0.35,111.82
54580,1.329,1.732,9.678,-0.0183,-0.3836,0.0223,10.07,-0.32,111.87
54591,1.246,1.829,9.548,-0.6913,0.5097,-0.0109,9.63,-0.07,111.83
54600,1.409,1.246,9.766,0.0946,-0.2192,-0.0307,9.28,0.25,111.79
54611,1.709,1.135,9.790,-0.1786,0.0191,-0.0482,9.77,-0.32,111.84
54621,1.244,1.366,9.399,-0.5504,0.6021,0.0039,9.09,0.28,111.76
54631,1.543,1.703,10.066,0.2183,-0.1598,0.0841,9.13,0.37,111.88
54640,0.808,2.028,10.135,-0.0289,-0.0809,-0.0306,9.31,0.09,111.90
54650,0.690,1.328,9.630,-0.7935,0.1478,-0.0799,9.14,0.26,111.81
54660,0.464,1.672,9.729,0.1487,0.2812,-0.0869,8.40,0.29,111.80
54670,0.785,1.748,9.252,0.2607,-0.1490,-0.0225,9.31,0.53,111.76
54680,0.654,1.671,9.239,-0.5397,-0.4680,0.0012,8.69,0.10,111.96
54690,1.058,1.210,9.981,-0.5235,-0.0647,-0.0063,8.70,0.01,111.95
54700,0.577,1.015,9.577,-0.3567,0.3164,-0.0100,8.08,0.01,111.81
54711,0.860,1.404,9.859,-0.6297,-0.2774,0.0153,8.28,0.37,111.80
54720,0.693,1.636,9.381,-0.8650,-0.3124,-0.0210,7.41,-0.28,111.90
54730,0.466,1.498,10.044,-0.3627,0.0170,0.0338,7.29,0.06,111.95
54741,0.647,1.101,10.097,-0.3098,0.1640,0.0195,7.01,-0.26,111.78
54750,-0.253,1.303,9.939,-0.8617,-1.1977,-0.0551,6.94,0.27,111.99
54760,0.723,1.144,10.018,-0.5540,-2.9961,0.0640,5.99,-1.68,111.86
54770,1.320,0.902,10.238,-0.3056,-2.5521,0.0028,6.33,-3.13,111.85
54780,1.134,0.508,10.711,-0.9723,-3.0549,-0.0705,5.62,-4.62,111.77
54791,1.065,0.972,11.391,-0.4432,-3.0713,0.0413,5.19,-6.63,111.76
54800,1.429,0.966,12.005,-1.0046,-2.1622,0.0666,5.09,-8.16,111.92
54810,1.692,0.574,12.042,-0.5993,-1.7890,-0.0094,4.04,-9.10,111.77
54820,2.069,1.091,12.674,-0.3836,-3.2048,-0.0126,4.42,-10.22,111.84
54831,1.823,0.445,13.172,-0.7502,-3.5372,0.0080,3.59,-12.75,111.76
54840,2.088,0.568,13.202,-0.2978,-2.0339,-0.0200,3.56,-14.30,111.92
54850,1.967,0.192,13.527,0.0148,-2.7829,0.0113,3.18,-15.10,111.81
54861,2.696,0.370,13.983,-1.5613,-2.7388,-0.0340,3.55,-17.48,111.98
54870,2.688,0.452,13.262,-1.8278,-2.2341,0.0011,1.38,-18.25,111.93
54881,2.409,0.522,13.647,0.4489,-2.9811,0.0155,1.48,-20.04,111.90
54891,2.800,0.089,12.511,-0.7871,-2.6623,-0.0817,1.91,-21.62,111.86
54900,3.433,0.055,11.877,-1.3166,-3.1843,0.0277,0.59,-23.10,111.83
54910,2.973,-0.150,12.154,-0.5733,-2.0914,0.0604,0.39,-25.26,111.76
54920,3.333,-0.339,11.015,-0.5147,-1.9857,-0.0287,-0.07,-25.48,111.80
54930,3.600,0.135,10.538,0.5764,-3.8911,-0.0021,-0.19,-27.54,111.91
54940,4.088,0.183,9.531,0.1681,-0.9811,0.0220,0.59,-29.90,111.89
54950,4.188,0.020,9.903,-0.6326,1.9764,-0.0203,-0.00,-28.65,111.92
54960,3.277,-0.091,9.674,0.3941,1.5597,-0.0003,-0.13,-27.63,111.80
54970,3.532,0.034,10.444,-0.0395,1.5835,0.0270,0.41,-26.89,112.02
54980,2.624,-0.305,10.052,-0.3779,2.1487,-0.0397,-0.14,-25.82,111.88
54991,2.831,0.044,10.580,0.0961,2.2000,-0.0105,-0.04,-24.43,111.90
55001,2.825,0.135,10.570,0.4895,2.4491,0.0167,-0.06,-23.30,111.75
55011,2.069,0.078,10.780,-0.0751,2.3581,0.0618,0.55,-21.62,111.90
55021,2.172,0.306,11.115,-0.8378,1.8957,0.0011,-0.13,-20.62,111.74
55031,1.858,-0.179,11.071,0.2930,2.2388,-0.0247,-0.40,-19.45,111.94
55040,1.614,0.063,11.173,0.0737,2.4069,-0.0457,0.20,-18.05,111.67
55051,1.372,-0.103,11.574,-0.3302,2.2897,-0.0516,-0.30,-16.74,111.91
55061,1.367,-0.454,11.384,0.3473,1.7734,0.0260,-0.21,-15.43,111.82
55070,1.083,-0.259,11.307,0.0479,2.0507,0.0453,0.09,-14.72,111.76
55081,0.771,0.203,11.331,-0.3746,1.9060,0.0761,-0.10,-13.10,111.93
55090,0.719,0.030,11.149,0.0944,2.1389,-0.0726,-0.38,-12.54,111.86
55101,-0.105,0.154,11.630,0.0548,2.7974,0.0608,-0.01,-10.67,111.87
55110,0.209,0.102,11.318,0.0571,2.4624,-0.0166,-0.34,-9.31,111.82
55121,-0.733,0.443,10.665,0.0326,1.7497,0.0311,0.04,-7.83,111.74
55130,0.113,0.234,10.574,-0.1256,1.7486,-0.0539,-0.35,-7.35,111.91
55140,-0.504,-0.081,10.570,0.7623,2.4485,-0.0206,-0.11,-5.82,111.79
55150,-0.643,-0.111,9.935,-0.1157,1.5132,0.0160,0.54,-4.55,111.95
55160,-0.885,0.353,9.816,-0.4762,1.3929,-0.0257,-0.26,-4.08,112.01
55171,-0.930,0.057,9.662,0.4852,1.6243,0.0224,0.01,-2.97,112.07
55180,-0.890,0.569,8.828,0.2931,1.3250,-0.0472,0.32,-2.25,111.84
55190,-0.829,-0.263,9.369,-0.0898,1.5432,-0.0513,0.33,-1.44,111.98
55200,-1.228,0.064,8.695,-0.3028,1.5972,0.0270,0.20,-0.46,111.80
55210,-1.037,0.263,8.675,0.1595,1.5390,0.0362,-0.01,0.40,111.99
55220,-1.049,0.166,8.263,-0.1117,1.4442,0.0171,0.35,1.31,111.80
55231,-1.406,0.162,7.706,0.2484,1.5881,-0.0383,-0.12,2.06,111.86
55241,-1.084,0.250,7.910,0.1743,1.5732,-0.0113,0.62,3.11,111.58
55251,-1.981,-0.007,7.792,-0.9323,1.5865,-0.0300,0.06,3.85,111.84
55260,-1.639,-0.121,7.774,0.5831,1.5536,-0.0176,-0.47,4.93,111.88
55270,-1.663,-0.073,7.774,0.2849,1.2689,-0.0150,0.74,5.64,111.82
55280,-2.137,-0.332,8.112,-0.5223,1.4314,-0.0719,-0.14,6.39,111.83
55290,-2.010,-0.143,7.429,0.3662,2.4481,0.0134,0.13,7.28,111.81
55301,-1.960,-0.208,7.906,0.1603,1.6452,-0.0103,0.28,9.18,111.90
55310,-1.826,-0.042,8.093,-0.4218,1.1725,0.0309,0.31,9.15,111.96
55320,-2.234,0.188,8.106,-0.3807,1.4369,-0.0481,-0.22,10.51,111.92
55330,-1.998,0.278,8.782,0.2199,1.1560,-0.0184,-0.16,10.75,111.88
55341,-2.667,-0.016,9.047,0.9259,1.6661,-0.1332,0.03,11.81,111.90
55351,-2.496,0.119,9.153,0.0774,1.6623,0.0458,0.90,12.68,111.91
55360,-2.451,-0.048,9.359,-0.8357,1.3942,0.0269,0.14,13.70,111.77
55371,-2.345,0.093,9.356,0.0712,0.6572,0.0419,-0.01,14.27,111.73
55381,-2.365,0.091,23.106,0.7547,-0.9217,-0.0940,0.25,14.43,111.81
55390,-2.164,0.752,20.443,1.1119,-2.0812,0.0553,0.87,13.23,111.82
55400,-1.916,0.247,16.142,0.4092,-2.7233,0.0631,1.52,12.07,111.78
55410,-1.468,0.396,13.088,0.0546,-2.6619,0.0193,1.35,10.10,111.86
55421,-0.984,0.081,10.542,0.5488,-2.8345,0.0538,1.59,9.02,111.88
55430,-0.453,0.546,10.315,0.6663,-2.3615,-0.0391,1.99,6.91,111.91
55441,-0.520,-0.050,9.650,1.0533,-1.8442,-0.0086,2.38,6.30,111.75
55450,-0.612,0.345,9.220,0.9433,-2.2058,0.0783,3.21,4.81,111.81
55460,0.242,0.285,9.788,0.6009,-2.4325,-0.0721,3.47,3.77,111.90
55471,0.468,0.401,9.960,0.9732,-2.2366,-0.0081,3.90,2.04,111.73
55480,1.277,0.286,9.522,0.3920,-1.7426,-0.0494,4.57,1.19,111.71
55490,1.164,0.949,9.642,0.4726,-1.3596,-0.0068,4.33,0.01,111.88
55500,0.582,0.900,9.984,0.7769,0.1353,0.0128,5.07,-0.35,111.82
55510,0.941,0.948,9.524,0.1865,0.4789,0.0258,5.21,0.22,111.87
55520,1.132,0.778,9.932,0.3475,0.0079,-0.0337,5.25,0.19,111.98
55530,1.267,0.661,10.176,0.6036,-0.0532,0.0010,5.55,0.19,111.87
55540,0.830,1.205,9.661,0.6194,-0.5332,0.0040,5.89,0.14,111.82
55551,0.969,1.079,9.550,0.8026,-0.1567,0.0139,6.30,-0.41,111.82
55561,1.040,0.550,9.303,0.7276,0.7609,-0.0506,6.82,-0.03,111.84
55571,1.256,0.998,9.950,0.2497,0.1652,0.0947,7.09,0.48,111.92
55581,1.422,1.054,9.628,0.4039,-0.3736,-0.0251,7.12,0.20,111.89
55591,1.222,1.292,9.635,0.3207,0.1498,0.0197,7.56,0.07,111.75
55600,1.560,1.221,10.099,0.1695,0.0934,-0.0690,7.53,0.41,111.91
55610,1.579,1.525,9.771,0.2118,-0.4367,0.0013,7.74,0.18,111.88
55620,1.422,1.532,9.870,0.6859,-0.1227,0.0513,7.77,-0.10,111.86
55630,1.265,1.191,9.668,0.7236,-0.1783,-0.0316,8.56,0.03,111.82
55640,1.272,1.296,9.851,-0.4323,0.2658,-0.0097,8.59,-0.28,111.76
55651,1.137,1.677,9.339,-0.0108,0.1931,-0.0745,8.07,0.32,111.66
55660,1.542,1.503,9.872,0.3342,-0.1801,0.0213,8.57,-0.04,111.67
55670,1.236,1.471,9.759,-0.1515,0.4759,0.0978,8.46,0.14,112.06
55681,1.208,1.178,10.045,0.2112,-0.2724,0.0375,8.39,0.51,111.92
55691,1.175,1.779,9.720,0.1634,-0.1127,-0.0767,8.72,-0.17,111.98
55701,1.316,1.304,9.981,-0.1767,0.3978,-0.0384,8.57,0.36,112.04
55710,1.353,1.426,9.840,-0.1585,0.0008,0.0429,8.57,0.29,111.85
55721,1.386,1.431,9.168,-0.1413,-0.0431,-0.0634,8.44,0.34,111.98
55731,0.997,1.182,10.015,-0.3661,0.1019,-0.0367,8.45,0.26,111.75
55741,1.028,1.547,10.335,-0.2528,-0.2102,-0.0281,8.02,0.44,111.68
55751,1.509,1.892,10.207,0.1884,-0.6229,0.0454,8.15,0.02,111.84
55760,1.301,0.923,9.361,0.2390,0.0722,-0.0157,8.24,-0.26,112.00
55770,1.352,1.598,9.491,0.2547,0.6548,0.0636,8.42,0.09,112.03
55780,1.377,1.386,9.982,-0.3815,-0.3874,-0.0163,8.51,0.50,111.83
55791,0.808,1.279,9.635,-0.9882,-0.2112,-0.0363,7.99,-0.38,111.87
55801,0.947,1.089,9.571,-0.5390,-0.2295,0.0071,7.36,0.27,111.84
55810,0.611,1.296,9.564,0.0641,0.2100,0.0589,7.32,-0.62,111.75
55821,0.562,1.679,9.699,-0.3198,0.7639,-0.0085,7.47,0.50,111.85
55831,0.671,0.834,10.120,-0.7606,-0.4017,-0.1058,6.98,0.22,111.83
55841,0.702,1.571,9.918,-0.3783,0.2285,0.0264,6.57,0.05,111.61
55851,0.313,1.345,10.043,-0.1915,0.1825,-0.0240,6.56,0.52,111.89
55861,0.523,0.996,9.971,-0.2822,0.0833,0.0039,6.39,0.24,111.83
55871,0.543,1.132,10.135,-0.7466,-1.2281,0.0418,6.24,0.59,111.96
55880,0.594,0.960,10.610,-0.6593,-3.0329,-0.0079,5.55,-1.18,111.70
55891,0.664,0.841,10.528,-0.1404,-2.5592,0.0121,5.49,-2.88,111.77
55900,1.265,0.712,10.610,-0.3187,-2.4867,-0.0108,5.41,-4.12,111.94
55911,0.761,0.881,11.610,-0.4453,-2.8373,0.0781,5.10,-5.75,111.84
55920,1.776,1.146,11.072,-0.5997,-3.1180,0.0423,4.90,-7.42,111.77
55931,1.904,0.473,12.092,-0.8895,-2.6949,0.0000,4.37,-9.28,111.90
55941,1.888,0.760,12.273,-0.2118,-2.6234,0.0891,3.89,-10.51,111.85
55950,2.132,1.076,13.058,-0.6943,-3.3616,-0.0108,4.13,-12.29,111.88
55961,2.346,-0.051,13.463,-0.7890,-2.7032,-0.0240,3.10,-14.37,111.82
55971,1.789,0.428,12.962,-0.7916,-2.3270,-0.0737,3.23,-15.39,111.88
55981,2.570,0.357,13.849,-0.8005,-2.6639,-0.0464,2.20,-17.07,111.85
55990,2.428,0.220,13.680,-0.9657,-3.2080,0.0276,2.31,-18.44,111.77
56001,2.927,-0.197,13.254,-0.7934,-2.5999,-0.0347,1.13,-20.74,111.84
56011,2.631,0.442,12.737,-0.5346,-2.2362,0.0428,1.39,-21.42,111.77
56021,2.916,-0.478,12.231,-0.9812,-2.9911,0.0109,0.57,-23.34,111.89
56030,3.607,0.263,11.873,-0.5568,-2.7921,-0.0851,0.27,-24.86,111.86
56041,3.591,0.095,10.841,-0.4023,-3.0998,0.0066,-0.08,-26.52,111.96
56050,3.494,0.002,10.629,-0.6498,-3.0354,0.0684,-0.18,-28.42,111.81
56060,3.743,-0.478,9.515,0.6889,-0.2171,0.0656,-0.83,-29.98,111.85
56070,3.160,0.138,9.841,0.5879,1.9324,-0.0392,0.59,-28.64,111.92
56080,3.366,0.136,10.133,-0.8684,1.4446,-0.0689,-0.12,-27.75,111.90
56091,3.028,0.183,9.902,0.3868,2.3277,0.0612,-0.41,-26.96,111.78
56100,2.877,-0.344,10.006,0.8010,2.7891,-0.0771,0.36,-25.10,111.91
56111,3.012,0.485,9.743,-0.3245,2.2532,-0.0402,0.50,-23.80,112.04
56121,2.173,0.241,10.848,-0.4863,2.3361,0.0113,-0.02,-22.53,111.84
56131,2.122,-0.282,10.559,-0.2756,2.3416,-0.0439,-0.06,-21.12,111.83
56141,2.068,0.138,11.243,0.1484,1.6649,-0.0360,-0.37,-19.86,111.86
56151,2.142,0.012,11.254,0.0473,1.6973,0.0623,0.12,-19.17,111.76
56161,1.160,-0.190,11.020,0.4239,2.4705,-0.0411,-0.30,-17.91,111.84
56170,0.901,-0.012,11.668,0.2145,2.8146,0.0604,0.58,-16.38,111.87
56181,1.180,-0.132,11.733,-0.3516,1.6404,-0.0257,-0.05,-14.68,111.74
56190,0.353,0.279,11.422,-0.2084,1.5103,0.0237,0.16,-14.50,111.81
56201,0.776,-0.017,11.552,-0.3079,3.0102,-0.0012,-0.26,-12.98,111.74
56211,0.692,-0.230,10.925,0.3233,2.8513,0.0729,-0.18,-11.05,111.93
56220,-0.061,0.315,11.141,-0.1113,2.0044,0.0264,0.12,-9.67,111.95
56230,-0.095,-0.135,10.742,0.1259,2.3838,-0.0780,-0.32,-8.76,111.88
56240,-0.087,0.276,10.273,0.0676,2.0016,-0.0528,0.25,-6.92,111.93
56251,-0.380,0.385,10.263,-0.1584,1.8053,0.0203,-0.24,-6.45,111.77
56260,-0.478,0.251,9.887,-0.0505,2.3310,0.0207,0.09,-4.85,111.81
56270,-1.159,-0.481,9.811,0.1578,1.1677,-0.0446,-0.28,-3.79,111.69
56281,-0.682,-0.067,9.270,-0.1539,1.4194,-0.0707,0.27,-3.47,111.85
56290,-0.576,-0.129,9.149,-0.2664,1.9421,-0.0172,-0.43,-2.18,111.77
56301,-1.436,0.202,9.113,0.3210,1.3329,0.0126,-0.02,-1.25,111.88
56310,-1.118,0.080,8.535,-0.4944,1.4409,0.0792,-0.03,-0.68,111.70
56321,-1.197,0.113,8.233,-0.1582,1.7461,0.0501,-0.57,0.40,111.84
56330,-1.603,0.042,8.224,0.5330,1.3291,0.0421,-0.24,1.31,111.75
56341,-1.968,-0.101,8.285,-0.0814,1.5469,0.0216,0.04,1.89,111.90
56350,-1.505,0.433,7.959,-0.0933,1.5327,-0.0061,-0.33,3.08,111.92
56361,-2.078,0.380,7.677,-0.4483,1.2347,-0.0433,-0.09,3.68,112.02
56370,-1.689,-0.332,7.986,0.0777,1.5638,0.0338,-0.82,4.50,111.88
56380,-1.660,0.116,7.951,0.4424,1.7297,-0.1479,0.02,5.50,111.89
56391,-1.859,-0.148,7.346,-0.3064,1.9164,-0.0128,-0.29,6.47,111.75
56400,-2.115,0.127,8.043,0.0634,1.5563,0.0444,-0.35,7.68,111.70
56411,-1.972,-0.072,8.001,0.2020,1.3256,-0.1102,-0.24,8.26,111.91
56420,-2.106,0.323,8.081,0.0740,2.2452,-0.1027,-0.12,9.15,111.95
56430,-2.538,-0.633,7.989,0.1760,1.7327,0.0338,-0.17,10.79,111.93
56440,-2.218,-0.342,8.556,0.3981,1.5480,0.0699,0.09,11.12,112.00
56450,-2.355,-0.136,8.083,0.0519,1.7178,-0.0123,0.27,12.57,111.73
56461,-2.361,0.274,9.063,-0.2866,1.2437,-0.0797,0.13,13.10,111.85
56470,-2.636,-0.050,8.918,0.1956,1.5168,-0.0279,-0.07,13.98,111.77
56481,-1.991,0.167,9.305,0.1221,0.2962,0.0107,0.37,14.85,111.86
56490,-2.853,-0.067,24.339,0.2716,-2.2773,0.0334,0.10,14.30,111.93
56501,-1.918,-0.137,20.136,0.1713,-3.5638,0.0952,0.69,12.22,111.97
56510,-1.486,0.396,15.820,0.9077,-2.6122,-0.0871,0.36,10.26,111.70
56521,-0.942,0.826,11.843,1.4002,-1.6722,-0.0518,1.69,9.26,111.81
56531,-0.851,0.354,10.201,1.0287,-2.0713,-0.0206,1.97,8.36,111.92
56541,-0.571,0.281,10.003,0.7487,-2.4797,-0.0358,2.89,6.87,111.79
56551,-0.583,0.346,9.737,0.2870,-2.8606,-0.0443,2.83,5.50,111.87
56561,-0.031,-0.101,10.109,1.4539,-2.8152,-0.0673,3.20,3.59,111.95
56570,0.612,1.157,9.845,0.9247,-2.5191,-0.0162,4.48,2.29,111.90
56580,0.582,0.749,9.571,-0.1336,-1.8269,0.0140,4.31,0.71,111.90
56591,0.898,1.324,9.958,0.1641,-0.5516,0.0333,4.33,0.11,111.86
56600,0.787,0.935,9.370,0.4941,0.2778,0.0517,4.47,0.12,111.83
56610,1.374,0.995,9.647,1.3430,0.0222,-0.0631,4.90,0.44,111.66
56620,1.012,0.924,9.600,0.9699,-0.2588,-0.0150,5.99,0.12,111.85
56630,1.069,1.332,9.601,0.4242,-0.1436,0.0158,5.99,0.15,111.76
56640,1.501,1.132,9.723,0.6141,-0.7141,0.0230,6.46,-0.04,111.85
56650,1.029,1.254,9.915,0.1974,0.0250,0.0345,6.71,-0.69,111.72
56661,0.893,1.437,10.122,0.2355,0.6874,0.0488,6.70,-0.01,111.89
56671,1.120,1.022,9.595,0.8451,0.1068,-0.0313,7.00,0.11,111.87
56681,1.707,1.561,10.061,0.5033,0.0724,0.0116,7.67,0.11,111.86
56691,1.324,1.032,9.892,0.1003,-0.2506,0.0225,7.58,0.20,111.75
56700,1.078,1.012,9.417,0.3770,0.2153,0.0726,7.78,-0.16,111.93
56710,1.533,1.519,9.702,0.4810,0.1239,-0.0174,8.00,0.45,111.70
56720,1.326,1.082,9.623,0.7519,-0.2846,0.0401,8.28,-0.00,111.81
56731,0.847,1.773,9.678,0.3457,0.3456,0.0243,8.82,0.07,111.72
56740,1.617,1.277,9.575,0.1043,-0.0011,-0.0040,8.67,0.40,111.80
56750,1.146,1.847,9.518,-0.1857,-0.5413,-0.0226,8.95,0.03,111.76
56761,1.748,1.422,9.790,-0.3423,-0.1536,-0.0175,8.46,-0.24,111.89
56770,1.802,1.074,9.635,0.7419,0.0015,0.0765,8.56,-0.13,111.74
56780,1.768,1.237,9.815,0.4595,0.3812,0.1081,9.28,-0.25,111.89
56791,1.648,1.592,9.698,-0.1772,0.0286,-0.0899,9.08,0.27,111.96
56800,2.064,1.362,9.474,-0.1747,-0.4441,-0.0590,9.04,-0.26,111.93
56811,1.786,1.779,9.445,0.3058,-0.0970,-0.0588,8.88,-0.22,111.83
56820,1.450,1.647,9.944,0.0611,0.2119,-0.1010,9.38,-0.37,111.91
56830,1.180,1.580,10.016,-0.6731,0.5372,-0.0220,8.96,0.04,111.73
56841,1.416,1.518,9.818,-0.3432,0.2016,0.0684,8.66,0.27,111.82
56851,1.219,1.293,10.051,-0.1566,-0.3736,-0.0423,8.56,0.29,111.77
56860,1.244,1.612,9.331,0.0859,0.1447,0.0380,8.47,-0.13,111.78
56870,0.919,0.839,9.996,0.0140,-0.2047,-0.0282,8.68,0.47,111.74
56881,0.918,1.507,9.394,-0.4066,-0.4500,-0.0059,8.45,-0.37,111.91
56891,1.002,1.245,9.782,-0.0014,0.4692,0.0239,8.25,-0.02,111.76
56901,1.408,1.356,9.502,-0.3445,0.0546,0.0548,8.45,0.15,111.85
56911,1.132,1.111,9.393,-0.8722,-0.2664,0.0307,7.80,0.05,111.82
56921,0.643,1.161,10.099,-0.3828,0.2406,-0.0444,7.45,-0.17,111.83
56931,1.075,1.169,9.652,-0.3598,0.1798,0.0250,7.38,0.31,111.91
56940,0.639,1.648,10.112,-1.1077,-0.0661,0.0289,7.08,0.02,111.93
56951,0.866,1.176,10.503,-0.9376,-0.4434,-0.0364,6.11,0.28,111.77
56960,0.635,1.076,9.950,0.0499,-1.6026,0.0114,5.99,-0.48,111.88
56971,0.887,1.186,10.800,-0.0883,-2.1625,0.0106,6.21,-1.58,111.82
56980,0.844,1.217,10.955,-0.8524,-3.2560,-0.0275,5.91,-2.95,111.80
56990,0.967,1.056,11.516,-0.9646,-3.1519,0.0533,5.22,-5.34,111.70
57001,1.235,0.784,11.852,-0.9089,-2.6387,-0.0520,4.80,-6.61,111.91
57011,1.335,0.734,12.388,-0.4936,-3.2860,0.0200,4.16,-8.36,111.89
57020,1.658,0.890,12.504,-0.2478,-2.9271,0.0070,4.22,-10.39,111.95
57030,1.491,0.496,13.330,-0.5536,-2.8357,0.0563,3.88,-11.68,111.81
57041,1.793,0.535,13.765,-0.9058,-3.3848,0.0203,3.57,-13.66,111.97
57051,3.117,0.281,13.823,-1.0252,-2.6068,0.0542,2.84,-15.56,111.82
57061,2.762,-0.214,13.708,-0.3928,-2.3707,-0.0202,2.37,-16.62,111.97
57070,2.199,0.418,14.339,-0.6560,-3.4102,0.0776,2.41,-18.28,111.74
57080,2.973,0.324,13.465,-1.0159,-3.1395,-0.0737,1.65,-20.51,111.82
57091,2.839,0.231,13.639,-1.1674,-2.9771,0.0110,1.28,-21.86,111.86
57101,2.942,0.171,12.579,-0.9539,-2.8699,-0.0081,0.32,-23.92,111.95
57111,3.516,-0.041,12.233,0.0451,-2.4561,-0.0028,0.22,-25.14,111.80
57120,3.492,-0.045,11.274,0.1639,-2.7653,0.0754,0.39,-26.74,111.85
57130,3.707,0.235,10.905,-0.3972,-2.3059,-0.0449,0.40,-28.30,111.67
57141,3.507,-0.427,9.794,-0.2669,-0.6103,-0.1189,-0.08,-29.40,111.90
57151,3.618,0.244,9.722,0.0948,1.4164,0.0994,0.14,-29.04,111.87
57161,3.369,0.378,10.145,0.4311,2.3976,-0.0367,0.02,-27.77,111.79
57171,2.678,-0.008,10.166,-0.6570,2.4734,0.0241,0.62,-26.29,111.88
57180,3.022,0.078,10.753,-0.5884,2.3596,-0.0374,-0.77,-24.94,111.73
57191,2.474,0.085,10.674,-0.1603,2.4260,-0.0246,-0.02,-23.57,111.88
57200,2.573,0.148,10.658,0.2238,2.2423,-0.0317,-0.98,-22.19,111.98
57211,2.205,-0.207,11.008,1.2831,2.6008,-0.0007,0.22,-20.96,111.97
57221,1.395,0.074,11.091,-0.2207,1.9092,-0.0127,0.47,-19.23,111.77
57231,1.634,-0.354,11.279,-0.3701,1.9436,-0.0718,-0.03,-18.75,111.75
57241,0.870,0.042,11.502,0.1448,2.2408,0.0076,0.05,-17.01,111.93
57250,1.376,0.165,11.769,0.2860,2.0935,-0.0584,0.15,-16.19,111.95
57261,1.024,0.002,11.762,-0.7068,3.0978,0.0157,0.36,-14.62,111.81
57271,0.739,-0.475,11.665,-0.4053,2.9056,0.1019,-0.64,-12.63,111.89
57280,0.164,0.382,11.307,0.6683,2.0447,0.0051,-0.10,-11.33,111.94
57291,0.355,-0.068,10.947,-0.0043,2.0211,0.0142,0.09,-10.31,111.73
57301,0.003,-0.164,10.681,-0.2416,1.9944,-0.0441,-0.11,-8.99,111.67
57310,-0.287,0.153,10.466,-0.1446,2.2582,0.0012,-0.20,-8.03,111.74
57320,-0.558,0.438,10.682,0.0559,2.6282,-0.0033,-0.27,-6.43,111.92
57330,-0.470,-0.170,10.271,0.3039,1.9326,0.0307,-0.09,-5.01,111.72
57341,-0.448,-0.042,9.780,0.3881,1.7974,0.0471,0.07,-4.26,111.85
57351,-0.561,0.443,9.810,-0.0341,2.0498,-0.0599,0.35,-2.96,111.96
57360,-1.167,-0.304,8.978,-0.5652,1.3500,0.1164,0.03,-1.91,111.80
57370,-1.663,0.481,9.020,0.0099,1.5549,0.0491,-0.27,-1.42,111.85
57381,-1.380,0.177,9.169,0.5137,1.8332,0.0064,0.04,-0.09,111.91
57390,-1.315,-0.207,8.382,-0.1749,1.0947,-0.0147,0.32,0.64,111.91
57401,-1.291,0.250,7.830,-0.3086,1.6838,-0.0183,-0.16,1.14,111.82
57410,-2.108,0.495,8.141,0.3800,1.9827,-0.0302,-0.03,2.56,111.97
57421,-1.817,0.213,8.126,-0.1044,2.1271,-0.0364,0.23,3.44,111.89
57430,-1.817,-0.026,8.149,-0.2206,1.5256,0.0152,-0.18,4.99,111.83
57441,-1.333,-0.081,7.612,0.1831,0.8758,0.0486,-0.04,5.18,111.82
57450,-1.821,0.088,7.798,0.1650,1.6921,-0.0064,0.01,6.01,111.76
57460,-1.764,0.114,7.471,-0.5613,1.6439,-0.0842,0.15,7.12,111.79
57470,-1.871,-0.104,8.423,-0.0523,2.4123,-0.0073,-0.59,7.90,111.93
57481,-2.199,-0.226,8.201,0.4001,1.6078,0.0428,0.07,9.84,111.76
57490,-1.862,0.267,8.277,-0.0464,1.2384,0.0752,-0.12,9.75,111.97
57501,-1.989,-0.294,8.403,0.4092,1.5369,0.0080,-0.03,11.29,111.66
57510,-2.193,0.067,8.352,0.1746,1.3415,0.0160,0.30,11.51,111.99
57520,-2.450,0.200,8.575,0.3046,2.4675,-0.0719,0.16,12.83,111.95
57530,-2.813,0.613,9.049,-0.0068,2.2484,-0.0788,0.67,14.31,111.80
57540,-3.044,0.049,9.662,-0.8670,-0.5791,0.0225,0.15,15.42,111.85
57550,-2.226,-0.572,24.389,0.3213,-2.4025,-0.0784,-0.31,13.63,111.82
57561,-1.957,-0.109,21.322,1.2987,-1.7370,-0.0155,0.49,12.66,111.96
57571,-1.799,0.328,16.514,0.8483,-2.2738,-0.0676,1.18,11.65,112.00
57581,-1.412,-0.097,12.650,0.9099,-2.6742,-0.0091,1.49,10.09,111.92
57590,-1.396,0.542,10.621,0.1563,-2.6305,-0.0500,2.23,8.58,111.85
57600,-0.540,0.266,10.082,0.4051,-2.3250,-0.0535,1.68,7.08,111.89
57611,-0.382,0.113,9.814,1.1563,-2.3172,0.0795,2.74,5.94,111.97
57620,-0.101,1.050,9.932,0.5736,-1.9877,-0.0073,3.02,4.45,111.88
57630,0.116,1.097,9.771,0.5401,-2.2232,-0.0471,3.42,3.68,111.75
57641,0.141,0.760,9.891,0.4942,-2.6774,-0.0185,3.66,1.90,111.92
57651,0.859,0.529,9.776,0.2953,-1.8846,0.0025,3.99,0.63,111.76
57661,0.794,0.719,9.706,1.1001,-0.2350,-0.0380,3.98,-0.26,111.78
57670,1.122,0.869,10.022,0.6733,0.0482,0.0024,5.28,0.34,111.81
57680,1.130,0.475,9.309,0.3202,-0.0431,-0.0334,4.77,-0.20,111.85
57690,1.034,1.498,9.923,0.6878,0.0196,0.0565,5.67,0.25,111.75
57700,1.417,1.230,9.677,0.2114,-0.3332,-0.0215,5.61,-0.23,111.83
57710,1.190,1.162,9.547,1.0120,0.4040,-0.0675,5.91,-0.17,111.74
57721,1.360,1.003,10.191,0.4831,-0.2254,0.0441,6.79,0.27,111.94
57730,1.416,1.197,9.946,0.2338,-0.3532,-0.0477,6.43,-0.43,111.74
57740,1.698,0.948,10.118,0.4450,0.5533,-0.0247,7.08,-0.16,111.93
57750,1.133,1.089,9.440,0.2359,0.2137,0.0012,6.93,0.19,111.85
57761,0.660,1.163,9.664,0.3041,-0.3553,0.0308,7.36,0.11,111.78
57770,1.489,1.008,9.782,-0.0750,-0.2298,-0.0050,7.26,-0.23,111.87
57781,1.686,1.438,9.972,0.2558,-0.0334,0.0307,7.26,-0.13,111.94
57790,1.552,1.053,9.603,0.7647,0.6085,0.0256,7.51,-0.26,111.80
57801,1.033,1.428,9.675,0.5703,0.1495,-0.0121,8.12,0.57,112.03
57810,1.491,1.665,9.744,0.0631,-0.5975,0.0536,8.14,-0.11,111.76
57821,1.148,1.279,9.628,0.0211,0.0195,-0.0137,8.22,-0.12,111.74
57831,1.448,1.344,9.211,0.0790,0.1149,0.0371,8.15,-0.11,111.85
57841,1.336,1.475,9.920,0.4161,0.5349,-0.0125,8.36,-0.03,111.94
57851,0.988,1.593,9.951,0.0535,0.1845,-0.0536,8.62,0.49,111.77
57860,1.417,1.742,9.842,-0.1654,-0.1294,0.0125,8.45,0.18,111.97
57870,1.526,1.611,9.490,-0.3993,-0.0405,0.0497,8.47,0.38,111.79
57880,1.692,1.703,10.030,-0.2302,-0.2127,-0.0034,7.99,0.10,111.65
57891,1.504,1.400,9.961,0.1151,0.0465,0.0079,8.21,0.14,111.80
57901,1.122,1.200,9.575,-0.1133,-0.3177,-0.0263,8.16,0.15,112.02
57910,1.623,1.466,9.332,0.1235,0.1883,0.0289,8.05,-0.20,111.71
57921,0.765,1.465,9.674,0.5962,0.0644,-0.0420,8.31,0.35,111.89
57931,1.529,1.791,10.031,0.1286,-0.1002,0.0686,8.69,-0.12,111.84
57941,0.761,1.102,9.910,-0.5591,-0.1408,-0.0035,8.44,0.23,111.80
57951,0.963,1.418,9.545,-0.8317,-0.5388,0.0191,8.08,-0.28,111.85
57960,1.234,1.498,10.044,-0.2466,0.2340,-0.0598,7.48,-0.41,111.88
57971,1.240,1.599,10.097,0.3918,0.1156,-0.0026,7.79,-0.01,111.83
57980,0.858,1.681,9.495,-0.7730,0.6636,0.0327,7.92,-0.26,111.80
57991,0.501,0.846,9.754,-0.9967,-0.1677,0.0008,6.91,0.74,111.86
58000,1.016,1.175,9.353,-0.7915,-0.6445,0.0210,6.79,-0.44,111.78
58011,0.529,1.147,10.149,-0.6075,0.3319,0.0050,6.02,0.02,111.80
58020,0.435,1.327,10.321,0.7594,-0.6067,0.0238,6.10,-0.07,111.91
58030,0.308,1.187,10.102,0.4266,-0.0076,-0.0151,6.89,-0.65,111.70
58040,0.589,0.658,10.355,-0.7910,-0.5635,-0.0194,6.62,-0.03,111.76
58050,0.895,0.753,10.273,-0.9405,-2.1505,-0.0172,6.00,-1.30,111.93
58060,1.001,1.137,10.811,-0.8255,-2.8269,0.0716,5.58,-2.53,111.77
58071,1.237,0.711,11.081,-0.4203,-2.4147,0.0550,4.99,-4.56,111.80
58080,1.203,0.703,11.148,-0.4750,-2.4541,-0.0001,5.09,-5.30,111.92
58090,1.363,0.801,11.635,-0.2701,-3.5456,0.0437,4.45,-7.36,111.90
58101,1.664,0.674,12.368,-0.3136,-3.1057,0.0365,4.76,-9.34,111.91
58111,1.935,1.148,12.781,-0.8589,-2.3143,0.0424,4.11,-10.95,111.89
58121,2.055,0.798,13.809,-0.8453,-2.9076,0.1592,3.77,-12.06,111.76
58131,2.117,0.866,13.471,-1.0875,-2.6961,0.0465,3.15,-14.25,111.94
58141,1.886,0.385,14.252,-0.3982,-2.4782,-0.0671,2.54,-15.14,111.90
58150,2.465,-0.007,14.717,-0.6230,-2.9145,-0.0303,2.71,-17.05,111.84
58160,2.689,0.018,14.580,-1.3265,-3.0763,-0.0249,1.84,-18.48,111.70
58171,3.007,0.176,13.751,-0.2465,-2.9003,0.0929,1.18,-20.57,111.93
58181,3.270,0.299,13.759,-0.1057,-1.8031,0.0075,1.56,-21.74,111.80
58191,2.899,0.370,12.682,-0.9990,-2.3165,-0.0544,1.04,-22.66,111.90
58201,3.515,0.176,11.985,-0.7629,-3.0304,0.0493,0.40,-24.37,111.88
58211,3.494,-0.049,11.318,0.3730,-3.3020,0.0417,0.15,-26.13,111.81
58221,3.433,-0.146,10.877,-0.7881,-2.8581,0.0425,0.78,-28.15,111.75
58231,3.867,0.009,10.372,-0.7032,-0.6488,-0.0173,-0.70,-29.39,111.64
58241,3.214,-0.029,9.990,0.7295,1.0787,0.0245,-0.02,-28.91,111.76
58250,3.168,-0.281,10.248,-0.0366,2.0026,-0.0313,0.14,-28.15,111.76
58261,3.124,0.470,10.522,-0.3202,1.7826,-0.0265,-0.08,-26.55,111.93
58271,2.834,0.036,10.513,0.4530,2.3239,0.0675,-0.25,-26.13,111.85
58280,3.018,0.452,10.322,0.8103,3.1854,0.0248,0.46,-23.87,111.72
58291,2.148,-0.152,10.494,-0.1372,2.4532,-0.0050,0.70,-22.51,111.98
58301,2.417,0.220,11.077,-0.2760,2.1397,0.0335,0.30,-21.06,111.79
58311,1.949,0.235,11.439,-0.4650,1.9910,-0.0457,0.40,-20.06,111.73
58321,1.363,0.009,11.642,-0.4025,1.7005,-0.0910,-0.21,-18.78,111.75
58331,1.899,-0.237,11.350,0.3008,2.2482,0.0836,-0.08,-18.10,111.86
58340,1.833,0.066,11.313,0.2946,2.6613,-0.0565,0.11,-16.21,111.74
58351,1.177,-0.027,11.468,-0.1806,2.0894,0.0214,0.26,-15.07,111.85
58360,1.080,-0.085,11.568,0.1139,2.2396,0.0136,-0.08,-13.77,111.76
58371,0.562,0.340,11.109,0.1468,1.7932,0.0047,0.41,-12.51,111.84
58381,-0.093,0.292,11.079,-0.1301,1.9460,0.0062,0.12,-11.70,111.71
58390,0.141,0.500,11.135,0.2891,2.3880,0.0459,0.28,-10.27,111.75
58400,0.225,-0.243,11.283,-0.0624,2.1275,0.0273,0.48,-8.97,111.88
58411,0.080,0.141,10.609,-0.6403,2.3507,-0.0611,0.19,-7.83,111.88
58420,-0.312,-0.161,10.584,-0.4777,2.3770,-0.0420,-0.26,-6.29,111.91
58430,-0.083,0.004,10.086,0.0781,1.5482,-0.0172,-0.37,-5.07,111.99
58441,-0.331,-0.019,9.519,0.2493,1.7399,0.0076,-0.18,-4.50,111.98
58451,-0.878,-0.005,9.221,0.1815,1.7309,0.0450,-0.02,-3.09,111.78
58460,-0.651,-0.037,9.880,-0.0838,1.3910,0.0008,-0.01,-2.54,112.02
58470,-1.170,0.091,9.181,0.0958,1.5836,0.0050,-0.13,-1.56,111.72
58481,-0.762,0.090,8.588,0.1509,1.4713,0.0188,0.09,-0.74,111.76
58491,-0.683,0.304,8.694,0.0639,1.2758,0.0279,0.03,0.13,111.88
58500,-1.200,-0.267,8.090,-0.1402,1.4774,0.0621,0.17,0.72,111.85
58510,-1.097,-0.058,8.312,0.1491,1.8602,0.0266,-0.13,1.87,111.85
58521,-1.588,0.034,7.838,-0.5011,2.2214,-0.0577,0.34,2.86,111.86
58530,-1.564,0.504,7.529,-0.1912,1.8903,0.0161,-0.68,4.39,111.93
58541,-1.559,0.323,7.295,0.6430,0.9468,-0.0477,0.10,5.02,111.86
58550,-1.470,0.049,7.764,0.0495,1.3384,-0.0199,0.03,5.50,111.88
58561,-1.740,0.242,7.780,0.4375,1.9348,0.0137,0.18,6.55,111.93
58571,-1.785,0.209,8.029,0.1247,1.9624,-0.0597,0.54,7.70,111.81
58580,-2.296,-0.123,8.391,-0.3824,1.7612,0.0340,0.28,8.82,111.82
58591,-2.006,-0.110,7.736,-0.3551,1.2725,0.0053,0.07,9.75,111.90
58601,-2.348,-0.053,8.322,0.1135,0.7826,-0.0656,-0.12,10.30,111.85
58610,-1.820,0.418,8.491,0.0551,1.6370,-0.0967,0.20,10.70,111.81
58621,-2.818,-0.294,8.464,-0.3242,1.5957,-0.0353,-0.06,12.18,111.91
58631,-2.340,-0.260,8.641,0.3475,1.7655,-0.0114,-0.13,12.54,111.87
58641,-2.079,0.037,9.267,0.1868,1.8073,0.0010,0.35,14.18,111.90
58650,-2.206,0.018,9.347,-0.0181,-0.0840,0.0310,0.08,14.63,111.99
58660,-2.203,-0.169,24.667,0.4529,-1.7082,0.0164,0.34,14.07,111.96
58670,-2.019,0.330,21.448,0.3273,-2.0713,-0.0267,0.62,12.67,111.76
58681,-1.477,0.230,16.637,0.1604,-2.1032,0.0161,0.76,11.69,111.83
58691,-1.055,0.334,13.154,1.0322,-2.1703,-0.0127,0.79,10.25,111.93
58700,-1.053,0.337,10.842,1.3936,-2.8019,-0.0060,1.94,9.17,111.98
58711,-0.855,0.400,10.117,0.5861,-2.5795,0.0899,2.38,7.05,111.73
58721,-0.496,0.652,9.846,0.2005,-1.7144,0.0073,2.63,6.23,111.93
58730,-0.320,0.587,9.307,0.4564,-2.7814,-0.0558,2.61,5.11,111.79
58741,-0.020,0.690,9.848,0.8789,-2.7773,0.0447,3.16,3.05,111.92
58751,0.732,0.260,9.719,0.3414,-2.1059,-0.0296,3.65,1.95,111.79
58760,0.534,0.468,9.564,0.5591,-1.5360,0.0495,3.59,0.66,111.87
58771,1.134,0.759,9.913,1.0350,-0.6294,0.0205,4.32,0.20,111.99
58780,0.768,0.907,9.402,0.6035,-0.3080,0.0251,4.76,-0.06,111.86
58790,0.950,0.622,9.170,0.2179,0.3956,-0.0661,5.02,-0.19,111.85
58800,1.145,1.102,9.982,0.4321,0.1500,0.0300,4.98,0.39,111.89
58810,0.841,1.002,9.944,0.6356,0.1380,-0.0474,5.53,-0.05,111.80
58821,0.823,0.876,10.231,0.2847,0.2186,-0.0011,5.71,0.58,111.76
58831,1.016,1.246,9.788,0.2982,-0.2937,0.0349,5.82,0.20,111.91
58841,1.475,1.391,9.559,0.7432,-0.1062,0.0561,6.05,0.20,111.84
58851,1.346,1.276,9.949,0.5389,0.1042,0.0495,6.68,0.04,111.90
58860,1.147,1.278,9.913,0.9429,0.3247,0.0689,6.71,0.28,111.82
58871,1.149,1.174,9.402,0.5603,-0.0713,-0.0460,7.76,0.43,111.99
58881,1.624,1.510,9.960,-0.1329,-0.1931,-0.0491,7.38,0.21,111.94
58891,1.502,1.400,9.570,0.2403,-0.2634,-0.0189,7.62,0.19,111.81
58900,1.487,1.124,9.591,0.0447,-0.0711,0.0140,7.68,-0.09,111.89
58910,0.894,1.282,9.316,0.4990,0.7065,0.0572,7.65,0.12,111.83
58920,1.609,0.972,9.618,0.4960,0.1982,-0.0263,8.22,0.73,111.76
58930,1.759,1.428,9.398,0.1505,-0.5311,0.0834,8.25,0.39,111.83
58941,1.590,1.786,9.965,0.1463,-0.2457,0.0015,8.37,0.09,111.80
58951,1.637,1.494,9.760,-0.4890,-0.1048,-0.0350,8.39,0.10,111.91
58961,1.200,1.528,9.258,0.1452,-0.2345,-0.1342,7.78,-0.02,111.81
58971,1.522,1.378,9.679,0.4723,-0.0179,0.0820,8.53,-0.11,111.85
58980,1.604,1.050,9.550,-0.1311,0.0972,0.0216,8.32,0.01,111.77
58990,1.663,1.087,10.084,0.2859,0.0493,0.0170,8.39,0.01,111.87
59001,1.290,1.496,9.889,-0.0930,0.0773,-0.0549,8.66,0.06,111.89
59011,1.391,1.881,9.562,-0.6454,0.2441,-0.0542,8.25,0.14,111.74
59021,0.999,1.476,10.042,0.0658,-0.1972,-0.0938,7.90,0.30,111.94
59030,0.759,2.042,9.776,0.7381,-0.1746,0.0686,8.35,-0.09,111.85
59041,1.574,1.666,9.938,-0.6116,-0.0042,0.0680,8.74,0.09,111.79
59051,1.438,1.774,9.852,-0.6441,-0.2997,-0.0396,7.62,-0.11,111.86
59061,0.999,1.540,9.877,0.0283,0.0283,0.0009,7.98,-0.27,111.75
59070,0.886,1.236,9.810,-0.0271,0.2507,-0.0311,7.63,-0.07,111.70
59081,1.177,1.758,9.729,-0.2204,0.2264,-0.0448,7.94,0.00,111.87
59091,1.202,1.588,10.055,-0.9811,-0.2476,0.0441,7.40,0.18,111.81
59100,0.845,0.880,9.297,-0.9006,0.1753,0.0130,6.81,-0.28,111.73
59111,1.176,1.115,9.731,0.3100,0.2531,0.0533,6.38,0.39,111.75
59121,0.598,0.954,9.159,0.1107,-0.1740,0.0434,7.19,-0.00,111.89
59131,1.029,1.113,9.747,-1.0158,-0.0873,-0.0492,6.51,0.14,111.93
59140,0.553,0.857,10.119,-0.5079,-0.1345,-0.0536,6.04,-0.11,111.83
59151,0.563,1.126,10.051,-0.2990,-1.3746,-0.0812,5.93,0.03,111.88
59160,0.767,0.765,10.494,-0.6786,-2.4947,-0.1185,5.70,-1.62,111.93
59170,0.650,0.777,11.036,-0.6068,-2.5557,-0.0924,5.17,-2.83,111.86
59181,0.996,1.103,10.756,-0.1411,-2.7318,0.1054,5.03,-4.56,111.88
59190,1.004,0.830,11.505,-0.8269,-2.6045,0.0255,4.99,-5.97,111.84
59200,1.375,1.051,11.997,-0.4969,-2.3400,-0.0485,4.07,-7.55,111.79
59210,1.346,0.661,12.279,-0.4651,-2.6705,0.0330,4.43,-8.66,111.83
59221,1.803,0.974,12.829,-0.8173,-3.5317,-0.0113,3.56,-10.62,111.99
59231,2.034,0.561,13.508,-0.1046,-3.0892,0.0300,3.47,-12.68,111.86
59240,2.230,0.428,13.541,-1.0105,-2.6884,0.0423,3.47,-14.13,111.96
59251,2.524,0.590,13.851,-1.0285,-2.1377,-0.0886,2.35,-15.76,111.83
59261,2.345,0.547,13.923,-0.2850,-3.0143,0.0220,2.26,-16.60,111.90
59271,2.615,0.226,13.447,-0.4270,-3.2324,0.0098,2.02,-19.21,111.80
59280,2.759,-0.016,13.464,-1.0093,-2.8519,0.0627,1.78,-20.33,111.84
59290,3.123,0.102,12.607,-0.5623,-3.4823,-0.0482,0.86,-22.50,111.75
59301,3.077,-0.106,12.641,-0.9914,-2.2028,-0.0389,1.15,-24.34,111.88
59310,3.252,-0.929,11.856,-0.9470,-2.4046,-0.0570,-0.26,-25.06,111.84
59321,3.771,0.475,11.175,-0.0406,-3.2022,-0.0518,0.07,-27.10,111.89
59330,3.946,0.162,10.344,-0.1333,-2.5842,0.0252,-0.32,-28.71,111.80
59340,3.827,-0.276,9.805,0.5107,-0.0935,-0.0034,-0.05,-30.04,111.83
59350,3.494,-0.018,10.147,-0.0189,2.1118,-0.0265,0.24,-28.83,111.94
59361,3.558,-0.072,9.832,0.0362,2.2156,-0.0825,-0.08,-27.60,111.84
59370,2.784,0.069,9.866,0.1196,1.8903,0.0588,0.31,-26.29,111.83
59381,3.013,0.031,10.614,-0.1377,2.1072,-0.0502,0.06,-25.44,111.86
59391,2.537,-0.192,10.803,0.0513,2.6074,0.0565,0.19,-23.87,111.95
59400,1.950,-0.232,10.761,-0.7136,2.4264,0.0489,0.16,-22.44,111.83
59411,1.992,0.118,10.778,0.3111,1.7677,-0.0758,-0.64,-21.11,112.05
59421,2.520,-0.030,11.033,0.1760,2.2736,-0.0270,0.49,-20.42,111.90
59431,1.434,-0.012,11.221,-0.3896,2.4903,0.0054,-0.46,-18.51,111.93
59441,1.343,0.076,10.998,0.4540,1.5272,0.0436,0.07,-17.55,111.88
59451,1.559,-0.051,10.987,-0.4712,2.0844,0.0217,0.10,-16.74,111.89
59460,1.329,-0.291,11.463,-0.1013,2.6918,-0.0407,-0.50,-15.17,111.83
59471,0.784,0.227,11.372,0.2815,2.2618,-0.0490,-0.08,-13.64,111.87
59480,0.592,-0.595,11.287,-0.1651,1.9173,-0.1152,-0.17,-12.59,111.71
59490,0.727,0.139,11.296,0.2582,2.1047,-0.1064,-0.26,-11.44,111.94
59500,0.343,0.109,11.189,0.3141,2.5935,0.0176,0.09,-10.15,111.83
59510,0.128,-0.289,10.608,-0.0592,2.3431,0.0281,0.07,-8.47,111.74
59521,-0.458,0.216,10.513,0.0218,1.7809,0.0105,0.02,-7.48,111.95
59531,-0.794,-0.053,10.545,-0.3674,2.4588,0.0089,0.06,-6.44,111.83
59541,-0.399,0.392,9.827,0.0286,1.9012,-0.0579,-0.41,-4.69,111.80
59551,-0.415,0.140,9.763,0.0558,1.5250,0.0995,0.12,-4.27,111.83
59560,-1.096,0.176,9.381,-0.2026,1.7958,-0.0389,-0.36,-2.93,111.85
59581,-1.182,-0.633,8.848,-0.2360,1.6602,0.0404,-0.17,-1.08,111.95
59591,-1.565,-0.448,8.318,0.2945,1.4642,-0.0518,-0.42,-0.35,111.92
59600,-1.598,0.024,8.556,0.7703,1.8063,-0.0334,0.17,0.64,111.84
59611,-1.447,0.033,7.706,-0.2436,2.0056,0.0123,0.47,1.70,111.89
59620,-1.259,-0.405,7.841,-0.2283,1.3098,0.0405,-0.10,2.92,111.87
59631,-2.224,0.589,7.514,-0.1329,1.0944,-0.0069,0.21,3.23,111.89
59640,-1.723,-0.470,8.067,-0.0497,1.4690,0.0394,-0.23,4.13,111.94
59651,-1.448,0.195,7.514,0.6146,2.0106,0.0597,0.17,4.91,111.86
59661,-1.878,-0.241,7.866,0.0850,1.7763,-0.0364,0.50,6.41,111.72
59671,-1.843,0.212,7.562,-0.6945,1.2228,0.0081,0.23,6.96,111.98
59680,-1.938,-0.211,7.731,-0.1556,0.9890,-0.0256,-0.32,7.78,111.80
59690,-1.889,0.334,7.808,0.1722,2.0246,0.0313,0.03,8.08,111.82
59701,-2.189,0.082,7.812,-0.0856,2.3045,-0.0137,-0.11,10.08,112.02
59711,-2.394,-0.294,8.300,0.5976,1.0311,-0.0099,-0.08,10.72,111.91
59721,-1.632,0.178,8.454,-0.0599,1.6037,-0.0128,0.57,11.21,111.91
59730,-2.494,0.407,8.888,-0.7085,1.6666,-0.0072,-0.17,12.56,111.96
59740,-2.238,0.492,8.891,0.3509,1.0832,0.0436,-0.23,13.12,111.90
59751,-2.221,0.052,8.984,-0.0091,1.5291,-0.0105,0.20,13.81,111.80
59761,-2.103,-0.060,10.118,-0.1038,0.2231,-0.0067,-0.26,14.90,111.86
59771,-1.830,-0.192,23.923,0.3899,-2.4636,0.0418,0.08,14.02,111.81
59780,-1.924,0.138,19.961,0.6729,-2.4341,-0.0296,0.20,12.12,111.79
59791,-1.640,0.239,15.491,1.0733,-2.0779,-0.0202,0.84,11.18,111.92
59801,-1.888,0.174,13.575,0.8820,-2.7164,0.0672,1.45,9.78,111.89
59811,-0.895,-0.192,14.330,0.9694,-2.8966,-0.0179,1.85,8.12,111.89
59820,-0.634,0.413,17.311,0.9170,-2.3587,-0.0341,2.59,6.47,111.82
59830,-0.167,0.549,19.727,0.9274,-2.1842,0.0034,2.90,5.45,111.73
59840,0.268,0.844,17.552,0.7725,-2.3374,-0.0203,3.68,3.98,111.98
59850,0.139,0.544,13.811,0.2092,-2.4842,-0.0462,3.77,2.79,111.89
59861,0.588,0.236,11.088,0.5395,-2.4642,0.0009,3.90,1.12,111.86
59871,1.137,0.682,10.017,1.3151,-0.8697,-0.0325,4.38,-0.02,111.81
59880,1.220,1.017,9.608,0.6303,0.0886,-0.0348,5.37,0.14,112.02
59890,1.327,1.147,9.889,0.2216,-0.3228,0.0022,5.11,0.07,111.83
59900,1.464,0.727,9.921,0.8880,-0.0082,0.0296,5.62,-0.24,111.77
59911,1.172,1.233,9.993,0.1713,0.2071,-0.0415,6.12,0.09,111.85
59920,1.257,0.587,9.737,0.3404,-0.3021,0.0227,5.84,-0.00,111.83
59930,1.433,1.761,9.622,0.7902,0.0269,-0.0094,6.53,-0.25,111.98
59940,0.971,1.356,9.826,0.1755,0.4968,-0.0948,6.70,0.07,111.85
59951,1.358,1.249,9.633,0.6827,-0.1161,-0.0207,6.72,0.30,111.84
59961,1.689,1.205,9.773,0.2636,-0.3308,-0.0507,7.50,-0.05,111.82
59971,1.682,1.324,9.632,-0.0917,0.1358,-0.0879,7.03,-0.09,111.87
59980,1.391,1.377,9.310,0.5186,0.3887,0.0577,7.41,0.16,111.89
59991,1.521,1.426,9.400,0.0662,-0.2933,0.1221,7.59,0.34,111.80
60001,1.896,0.876,8.964,0.6824,-0.4435,0.0495,7.45,-0.19,111.93
60011,1.611,1.185,9.739,0.5227,0.3264,0.0370,8.33,-0.15,111.83
60020,1.345,1.498,10.008,-0.3826,-0.3464,0.0412,8.07,0.17,111.81
60031,2.363,1.284,9.835,0.0944,-0.1785,0.0381,7.88,-0.55,111.83
60040,1.787,1.255,9.872,0.2570,0.1446,-0.0508,8.16,-0.05,111.98
60051,1.542,1.765,9.024,0.6187,-0.1547,0.0640,8.19,-0.39,111.79
60060,1.378,1.614,9.718,0.4357,0.5012,-0.0451,8.90,-0.23,112.02
60070,1.449,1.810,10.020,-0.0198,-0.2508,0.0613,8.70,0.20,111.82
60080,1.149,1.299,9.529,-0.0940,-0.5160,-0.0380,8.89,-0.51,111.90
60090,1.321,1.528,9.262,-0.2277,0.5362,-0.0473,8.58,-0.41,111.76
60101,1.520,1.535,9.535,-0.3695,0.5963,0.0236,8.63,0.11,111.93
60110,1.338,0.925,9.444,-0.0265,-0.3740,0.0174,8.17,0.28,111.93
60121,1.394,1.450,9.624,0.0234,-0.1135,0.0278,8.58,-0.34,111.74
60131,1.307,1.170,9.551,-0.2166,0.0126,0.0750,8.18,0.18,111.84
60141,0.739,1.702,9.413,-0.1458,-0.0381,0.0062,8.33,-0.31,111.88
60150,1.394,1.119,9.599,-0.6430,0.4691,0.0578,8.02,0.13,111.86
60160,0.824,1.131,9.782,0.1565,-0.2178,0.0776,7.59,0.26,111.77
60170,0.818,1.721,9.404,-0.1478,-0.4327,-0.0518,8.21,-0.12,111.98
60180,0.906,0.669,9.680,-0.1577,0.0624,-0.0291,7.45,-0.23,112.00
60190,0.729,1.697,10.348,-0.1810,0.0780,0.0016,8.01,-0.06,111.89
60201,0.576,1.283,9.717,-0.9881,0.2956,-0.0558,7.19,-0.14,111.88
60210,0.711,1.016,9.558,-0.3171,-0.3117,-0.0751,6.94,0.25,111.86
60220,0.907,1.427,9.674,-0.3082,-0.0708,-0.0289,6.84,-0.51,111.89
60230,0.572,0.686,10.147,-0.4634,0.4498,-0.0502,6.60,0.14,111.92
60240,0.752,1.753,10.274,-0.6997,-1.0245,-0.0924,6.32,0.00,111.70
60251,0.481,0.812,10.501,-0.5735,-2.5791,-0.0109,5.83,-1.02,111.77
60260,0.844,1.250,10.644,-0.7577,-3.0754,0.0099,5.66,-2.97,111.80
60271,1.269,0.923,11.230,-1.0416,-2.6475,-0.0403,4.96,-4.53,112.01
60280,0.806,0.739,11.475,0.0425,-2.8627,-0.0310,4.48,-6.02,111.91
60291,1.162,1.253,11.536,-0.1417,-3.0848,-0.0309,5.02,-7.81,111.93
60300,1.129,0.648,12.805,-1.1042,-2.8084,0.0345,4.30,-9.57,111.93
60310,1.845,0.338,13.026,-1.1964,-2.5770,-0.0228,3.79,-11.04,111.91
60321,2.232,0.541,13.639,-0.3839,-2.7474,0.0687,2.94,-12.53,111.82
60330,1.771,0.488,13.796,-0.3095,-3.6032,-0.0946,3.39,-14.21,111.77
60340,2.290,0.233,14.115,-1.3910,-2.5710,-0.1292,2.61,-16.60,111.77
60350,2.360,0.228,14.753,-0.7877,-2.4372,-0.0036,1.81,-17.19,111.73
60361,2.850,0.285,14.282,-0.1739,-3.5162,0.0278,1.70,-19.37,111.81
60371,2.860,0.176,13.343,-0.5533,-3.0078,-0.0182,1.62,-21.18,111.81
60381,2.889,-0.169,12.911,-0.6206,-2.7942,0.0232,1.05,-22.81,111.97
60390,3.203,-0.070,13.067,-1.6476,-2.5074,-0.0392,0.92,-24.37,112.00
60401,3.446,-0.841,11.396,-0.5031,-2.3526,-0.0710,-0.87,-25.61,111.76
60411,3.438,0.103,11.542,0.6316,-3.0330,0.0720,0.34,-27.06,112.03
60420,3.402,-0.198,10.447,-0.1915,-1.7508,0.0226,-0.16,-29.09,111.82
60430,3.780,-0.153,10.110,0.0265,1.0434,-0.0532,0.12,-29.08,111.96
60441,3.002,0.101,9.802,0.0407,2.7053,-0.0017,-0.09,-27.92,111.89
60451,3.116,0.238,10.239,0.2739,2.0473,0.0404,0.17,-25.94,111.80
60460,3.134,-0.019,10.354,0.1877,1.8708,0.0399,0.22,-25.56,111.85
60470,2.789,-0.027,10.351,-0.1513,2.3313,0.0536,0.33,-23.78,111.97
60480,2.693,0.204,10.788,-0.1005,1.9502,-0.0914,0.06,-22.89,111.79
60490,2.190,-0.135,11.004,0.0928,2.6155,0.0721,0.23,-21.56,111.95
60500,2.103,-0.453,10.853,-0.3647,2.2446,-0.0179,0.15,-19.90,111.99
60511,1.603,0.107,10.805,-0.1668,1.7742,0.0477,-0.19,-18.99,111.93
60521,1.521,-0.222,10.957,0.4715,2.1666,0.0732,-0.01,-17.84,111.90
60531,1.427,0.294,11.613,-0.5223,2.3206,-0.0138,0.36,-16.50,111.95
60541,1.294,0.171,11.430,0.0480,2.2215,-0.0412,-0.62,-15.21,111.76
60550,0.621,0.413,11.601,0.4924,2.1385,0.0213,0.45,-13.94,111.96
60561,0.776,-0.309,11.581,-0.1541,2.2224,0.0198,-0.04,-12.74,111.91
60571,0.368,0.179,11.301,-0.0165,3.1958,-0.0234,0.30,-11.39,111.73
60581,-0.116,-0.088,10.986,-0.6699,2.2742,-0.0099,-0.05,-9.09,111.86
60590,-0.204,0.225,10.860,-0.3512,1.7602,-0.0157,-0.43,-8.80,111.93
60600,-0.315,-0.135,10.726,0.2119,2.4580,0.0540,-0.47,-7.06,112.05
60611,-0.992,0.059,10.393,0.0470,2.2033,0.0039,-0.19,-5.98,111.84
60621,-1.029,-0.206,9.823,0.3954,1.4009,-0.0351,-0.42,-4.53,111.81
60630,-0.669,0.182,10.419,-0.0391,1.1610,0.0471,0.24,-4.37,112.02
60641,-0.834,-0.175,9.593,-0.6699,2.0723,0.1084,-0.45,-3.21,111.94
60650,-0.768,-0.075,8.798,0.6111,1.9289,-0.0304,-0.55,-1.98,111.99
60660,-1.134,0.429,8.760,0.4224,1.3834,0.0177,0.26,-0.98,111.99
60671,-1.122,-0.202,8.757,-0.5031,1.5907,0.0227,-0.07,-0.42,111.90
60681,-1.454,-0.256,8.825,-0.1342,2.0666,-0.0074,-0.31,0.85,111.83
60690,-1.706,0.049,8.326,0.1619,1.9056,0.0422,-0.21,1.95,111.95
60701,-1.758,0.107,7.985,0.1751,1.3198,-0.0272,-0.07,2.98,111.90
60710,-2.113,0.092,7.912,-0.0503,1.0835,0.0163,-0.03,3.49,111.91
60721,-1.657,-0.601,7.967,-0.6385,1.5081,-0.0538,-0.13,4.24,111.93
60730,-2.363,-0.602,7.467,-0.1390,1.7578,-0.0135,-0.78,5.18,111.85
60740,-1.475,-0.162,8.360,0.3264,2.1909,0.0437,-0.28,6.26,111.76
60750,-2.125,0.050,7.407,0.1799,1.6682,-0.0275,-0.43,7.70,111.97
60761,-1.861,-0.198,8.522,0.4330,1.0748,0.0948,-0.08,8.18,111.90
60770,-2.375,-0.044,7.986,0.0434,1.1351,0.0130,0.10,8.98,111.84
60781,-2.556,0.313,8.032,-0.1578,1.2267,0.0642,-0.03,9.48,111.89
60790,-1.999,0.242,8.130,-0.0089,1.9514,0.0378,-0.09,10.38,111.74
60800,-2.107,-0.454,8.770,-0.4564,1.5254,0.0262,-0.07,11.76,111.83
60810,-1.797,-0.169,8.831,0.2539,2.1274,0.0903,-0.59,12.13,112.00
60820,-2.503,0.266,8.777,0.7021,2.1803,0.0008,0.22,14.22,111.97
60830,-2.697,0.645,9.145,0.3135,-0.4431,0.0087,0.21,14.61,111.85
60841,-2.490,0.348,22.237,0.6384,-1.4807,0.0195,0.57,13.73,111.72
60851,-2.047,-0.144,18.698,0.4077,-2.1371,0.0198,0.92,12.90,111.92
60860,-1.477,0.428,14.627,0.7156,-2.2965,0.0196,1.06,11.26,111.81
60870,-0.886,0.080,11.731,0.9826,-2.2015,-0.0437,1.70,10.30,111.95
60880,-1.025,0.439,10.944,0.6753,-2.5858,-0.0511,2.20,8.76,111.99
60890,-0.738,0.341,10.074,1.2690,-2.6312,0.0074,2.49,7.36,111.95
60900,-0.743,0.810,10.196,1.1537,-2.2976,-0.0160,3.67,5.76,111.82
60910,-0.235,-0.139,9.663,0.8448,-2.3292,0.0597,3.79,4.77,111.88
60920,0.247,0.949,9.923,0.9280,-2.6264,0.0015,4.61,3.06,111.84
60931,0.153,1.189,9.249,0.4013,-2.3619,-0.0113,4.85,1.76,111.95
60940,0.975,0.748,10.019,0.4278,-1.7128,0.0090,5.07,0.37,112.02
60950,1.026,0.745,9.920,0.6801,-0.1066,0.0787,5.32,-0.22,111.87
60960,0.766,0.694,9.502,0.6412,0.3074,-0.0262,5.85,0.24,111.82
60971,0.854,1.017,9.460,0.4085,-0.0561,-0.0068,6.06,0.10,111.88
60981,1.301,1.015,9.434,0.5466,-0.3593,-0.0232,6.31,0.17,111.92
60990,0.738,0.734,9.621,0.9235,-0.6801,-0.0660,6.66,-0.29,111.86
61000,1.025,1.198,9.870,0.5237,0.9117,0.1321,7.40,-0.62,111.82
61010,1.258,1.525,9.930,0.4393,0.9495,0.0117,7.26,0.75,111.77
61020,1.276,1.291,9.550,0.5206,-0.8321,0.0041,7.91,0.48,111.95
61030,1.088,1.861,9.640,0.8892,-0.6527,0.0093,7.83,-0.18,111.92
61041,1.411,1.475,9.454,0.8020,-0.0118,-0.0449,8.91,-0.23,112.00
61051,0.714,1.488,9.768,0.0557,0.4732,-0.0095,8.77,-0.19,111.94
61060,1.536,1.606,9.744,0.5135,0.1283,-0.0710,8.99,0.27,111.83
61071,1.584,1.525,9.655,0.3291,-0.3652,-0.0197,9.36,-0.05,111.83
61081,1.519,1.447,9.888,-0.0706,-0.3235,-0.0593,9.36,-0.17,111.86
61091,1.632,1.633,10.143,0.2566,-0.0669,0.1175,9.27,-0.41,111.95
61100,1.771,1.307,9.932,0.9683,0.4084,-0.0504,9.70,-0.26,111.85
61110,1.598,1.635,9.480,0.4159,0.1655,-0.0067,10.42,0.02,111.75
61120,1.529,1.351,9.274,0.1062,-0.1665,-0.0454,10.19,-0.06,111.92
61131,1.370,1.590,9.678,0.7120,0.4763,0.0065,10.54,-0.15,111.77
61140,1.122,1.784,9.497,-0.0828,-0.2192,0.0717,11.03,0.48,112.00
61150,1.262,2.080,9.761,-0.6321,-0.6207,0.0221,10.41,-0.40,111.91
61161,1.214,2.019,9.571,0.3026,0.5637,0.0214,10.31,-0.19,111.86
61170,1.259,1.997,10.018,0.0634,0.2943,0.0456,10.76,0.23,111.95
61180,1.585,1.763,9.851,-0.6428,0.0394,-0.0016,10.39,0.16,111.84
61191,1.153,1.669,9.748,-0.4460,-0.1808,0.0348,10.02,0.28,111.86
61200,1.502,1.535,9.746,-0.0509,-0.4293,0.0402,9.88,-0.04,111.80
61211,1.336,1.687,9.833,0.2684,0.1326,-0.0447,9.99,-0.19,111.83
61221,1.597,1.331,9.698,-0.0946,0.2088,0.0490,10.17,0.13,111.65
61231,0.898,1.778,9.752,-0.3871,-0.1103,-0.0511,9.87,0.06,111.90
61241,1.669,1.723,10.268,-0.4757,-0.1947,0.0465,9.71,0.00,111.85
61251,1.453,1.856,9.659,-0.3350,0.1176,0.0562,9.31,-0.19,112.02
61260,0.491,1.557,9.702,-0.0576,0.2741,-0.0529,9.33,0.13,111.87
61271,0.998,1.391,9.963,-0.7490,-0.4067,-0.0041,9.29,0.16,111.78
61281,0.881,1.734,10.348,-0.6429,0.1623,0.0224,8.49,-0.37,111.90
61291,0.849,1.505,9.925,0.5895,0.1424,-0.0245,8.54,0.34,111.96
61301,1.003,1.641,9.739,0.0148,-0.3306,-0.0687,9.17,-0.23,111.88
61311,0.757,1.753,9.565,-0.7250,-0.1197,0.0466,8.57,-0.04,111.92
61320,0.459,1.841,9.811,-1.3763,0.5321,-0.0337,8.33,-0.35,111.84
61330,0.320,0.950,9.468,-0.9507,-0.2510,-0.1285,7.00,0.58,111.87
61341,0.636,1.325,9.977,0.0710,-2.1346,-0.0199,7.24,-0.63,111.96
61350,0.519,0.886,10.474,-0.6194,-2.4014,0.0083,7.07,-1.87,111.91
61361,0.609,1.563,10.499,-0.5415,-2.9211,0.0208,6.55,-3.37,111.76
61371,0.895,1.307,10.842,-0.5332,-2.5338,-0.0177,6.44,-5.23,111.88
61380,0.813,0.819,11.175,-0.7812,-2.8408,-0.0400,5.91,-6.30,111.93
61391,1.327,1.313,11.441,-0.5564,-2.9559,-0.0498,5.55,-8.49,111.84
61400,1.431,0.535,11.825,-1.3398,-2.1720,-0.0339,5.27,-9.66,111.79
61411,2.134,0.535,12.902,-0.9219,-3.2159,0.0314,4.01,-10.98,111.92
61421,2.046,0.390,13.110,-0.6198,-2.6967,0.0279,4.20,-13.35,111.71
61431,2.315,0.922,13.298,-0.7385,-2.3405,-0.0294,3.29,-14.10,111.94
61441,2.607,0.653,13.655,-0.1378,-3.0413,-0.0839,3.32,-16.03,111.93
61450,2.302,0.337,13.227,-0.9446,-2.7765,0.0931,3.12,-17.62,111.76
61460,3.198,0.781,13.282,-1.5601,-1.9958,0.0935,2.23,-19.18,111.88
61471,2.694,0.232,13.176,-1.1670,-2.7879,-0.0401,1.31,-19.93,111.86
61481,3.363,-0.134,12.197,-0.4395,-3.5933,-0.0434,0.89,-22.42,111.75
61491,3.090,0.237,11.757,-0.6477,-2.9633,-0.0511,0.81,-24.05,111.80
61501,3.256,-0.000,10.707,-0.3245,-2.2119,0.1094,0.15,-25.77,111.80
61510,3.382,0.344,10.964,-0.2164,-2.7482,-0.0043,0.48,-26.61,111.78
61520,3.731,-0.041,10.455,0.0572,-3.0931,-0.0320,-0.09,-28.98,111.96
61531,3.995,0.032,9.462,0.0684,0.2745,-0.0202,0.55,-30.19,111.91
61540,3.315,-0.016,9.536,-0.7479,2.3820,0.0678,-0.00,-28.67,111.79
61550,3.765,0.380,9.905,0.5713,2.4417,-0.0502,-0.33,-27.46,111.85
61560,3.203,0.488,9.981,0.2018,2.1594,-0.0149,0.67,-25.85,111.90
61570,3.003,0.072,10.027,-0.1681,1.9167,-0.0289,-0.09,-25.01,111.78
61581,3.072,0.066,11.050,0.4481,2.1045,-0.0559,0.45,-23.67,111.90
61591,2.668,0.236,10.256,-0.4414,2.2004,-0.0236,0.44,-22.60,111.79
61601,2.497,-0.331,11.373,-0.2292,2.2752,0.0474,-0.04,-21.14,111.84
61611,2.007,0.084,11.098,0.2941,1.7937,0.0644,0.21,-20.00,111.86
61621,1.283,0.163,11.208,0.1746,2.1225,0.0231,0.30,-19.09,111.91
61630,1.477,0.024,11.640,-0.3330,2.0342,0.0708,0.42,-17.57,111.88
61641,1.562,0.357,11.357,-0.6188,2.4089,0.0415,-0.08,-16.79,111.81
61651,1.030,-0.190,11.358,0.3861,2.7194,0.0113,-0.32,-14.80,111.94
61660,0.766,-0.097,11.744,0.4502,1.6568,0.0209,0.35,-13.66,112.02
61671,-0.018,-0.067,11.527,-0.7972,1.9491,0.0645,0.18,-12.93,111.98
61680,0.373,-0.114,11.007,0.1427,2.5874,0.0469,-0.56,-11.41,111.75
61690,0.575,0.526,10.852,0.1135,2.2296,-0.0734,0.32,-9.94,111.84
61700,-0.212,-0.102,11.073,-0.3773,2.4593,-0.0183,-0.41,-8.82,112.00
61711,-0.628,0.094,10.735,0.2189,1.7076,-0.0108,-0.11,-7.13,111.91
61720,-0.757,-0.037,10.405,0.0090,1.3593,0.0524,-0.18,-6.84,112.07
61730,-0.757,-0.260,10.149,0.1471,2.1074,-0.0912,-0.08,-5.58,111.96
61741,-0.514,0.407,9.903,-0.1716,1.2675,0.0112,-0.01,-4.40,111.92
61750,-0.972,-0.011,9.538,0.2698,1.7939,0.0054,-0.28,-4.15,111.85
61761,-0.637,-0.253,9.135,0.3875,1.8511,-0.0369,0.31,-2.30,111.85
61771,-0.827,0.179,8.814,-0.1612,1.1242,0.0413,0.17,-2.00,111.95
61780,-1.354,0.022,8.615,0.1508,2.0148,-0.0207,0.19,-1.02,111.83
61790,-1.351,0.227,8.445,0.1769,1.7909,0.0405,0.38,0.30,111.84
61801,-1.273,-0.093,8.386,-0.3056,1.6809,0.0285,0.38,1.05,111.86
61811,-1.846,-0.263,7.905,-0.2889,1.4600,-0.0789,0.06,2.24,111.91
61821,-1.360,-0.386,7.955,-0.2005,0.9951,0.0475,0.06,2.70,111.92
61831,-1.291,0.036,7.819,0.0416,2.4100,0.0350,-0.17,3.39,112.03
61841,-1.812,0.243,7.556,0.0617,1.4346,0.1275,0.12,5.48,111.73
61850,-1.152,0.354,8.207,-0.5484,0.6338,-0.0142,-0.09,5.04,111.91
61861,-2.468,-0.220,7.895,0.1734,2.3602,0.0264,-0.52,6.18,111.88
61871,-1.801,-0.406,8.554,0.2074,1.5436,-0.0702,0.14,7.77,111.81
61880,-2.308,0.304,8.166,0.2433,0.8269,0.0324,-0.31,7.99,111.83
61891,-1.806,-0.133,8.267,0.7556,1.7122,-0.0483,0.45,8.71,112.01
61901,-2.128,-0.222,8.130,-0.1875,1.7882,0.0683,0.56,9.96,111.92
61910,-1.961,0.107,8.548,-0.7782,1.5720,0.0089,0.23,10.73,111.96
61921,-1.786,-0.081,8.638,-0.1688,1.9340,0.0536,-0.31,11.79,111.85
61931,-2.799,-0.010,9.024,-0.0043,1.4045,0.0091,0.03,12.92,111.78
61941,-2.106,-0.254,9.234,-0.2114,1.4077,-0.0487,-0.30,13.37,111.80
61950,-2.408,0.289,9.644,0.1220,1.1538,-0.0470,-0.22,14.53,111.78
61961,-2.274,-0.153,25.506,0.6818,-0.7445,0.0130,-0.14,14.68,111.90
61971,-2.191,0.131,22.220,1.0433,-2.3188,-0.0775,0.54,13.68,111.99
61981,-1.769,-0.026,17.908,0.7576,-2.2877,-0.0147,1.05,11.99,111.99
61990,-1.701,0.534,13.654,0.8343,-2.6569,-0.0345,1.44,11.06,111.76
62001,-1.285,-0.079,11.454,0.4880,-3.0309,-0.0730,2.00,8.93,111.87
62010,-0.457,0.629,10.485,0.9605,-2.1107,-0.0422,2.03,7.58,111.79
62021,-0.357,0.707,10.020,1.2806,-1.8745,0.0515,3.11,6.51,111.80
62031,0.012,0.079,9.234,0.3047,-2.3806,0.0187,3.51,5.42,112.10
62041,-0.147,0.648,9.752,0.5185,-2.1578,0.0179,3.43,3.81,111.76
62051,0.022,0.385,9.672,0.6712,-2.0114,0.0515,4.15,2.94,111.87
62060,0.394,0.721,9.678,0.3465,-2.4826,0.0068,4.23,1.51,111.75
62070,0.581,0.686,9.909,0.8075,-1.4236,0.0019,4.56,0.11,111.89
62081,1.570,0.941,10.107,1.1181,-0.0140,-0.0218,5.17,-0.12,111.93
62090,0.882,0.923,9.660,0.5731,-0.2113,-0.0321,5.84,0.12,111.87
62100,1.175,0.834,9.357,0.4521,0.3813,-0.0166,5.84,-0.38,111.89
62110,1.140,1.042,9.865,0.7189,0.4349,0.0305,6.35,0.56,111.81
62121,1.080,0.937,9.499,0.1503,-0.7169,0.0405,6.68,0.16,111.83
62130,1.491,1.195,9.603,-0.3364,0.3479,0.0016,6.51,-0.26,111.81
62140,1.046,1.166,9.548,0.5034,0.3438,-0.0283,6.36,0.54,111.93
62151,1.236,1.041,10.083,1.0602,-0.4385,0.0308,7.07,0.13,111.80
62160,1.035,1.746,9.682,0.6213,0.1274,-0.0216,7.58,0.03,111.90
62171,1.195,1.401,10.054,0.3400,-0.3207,0.0179,7.78,0.22,111.85
62180,1.552,1.348,9.671,0.1438,0.1765,0.0212,7.97,-0.34,111.79
62190,1.472,1.124,10.055,0.6968,0.0925,0.0290,7.93,0.41,111.90
62200,1.680,1.623,9.423,1.0886,-0.8220,-0.0198,8.74,-0.27,111.94
62211,1.227,1.464,10.110,0.6107,0.1843,-0.0092,9.16,-0.56,111.80
62220,1.139,1.471,9.870,0.1303,0.2498,0.0100,9.42,-0.05,111.76
62231,1.667,1.644,9.706,-0.3206,-0.0806,0.0993,9.32,-0.31,111.93
62241,1.597,1.794,9.952,0.1716,0.0890,0.0500,9.05,-0.16,111.86
62251,1.309,1.450,9.732,-0.1297,0.0280,0.0283,9.53,-0.20,111.78
62260,1.783,1.546,9.664,0.2100,0.4069,-0.0321,8.90,-0.12,111.88
62270,1.206,1.572,9.445,0.7961,0.1384,0.0755,9.78,0.27,111.84
62281,1.174,1.925,9.598,-0.4171,-0.1877,-0.1215,9.82,0.06,111.86
62291,1.547,1.000,9.900,-0.1258,-0.4952,0.0080,9.32,0.07,111.88
62301,1.422,1.827,9.899,0.3048,-0.1119,0.0140,9.66,-0.52,111.75
62311,1.541,1.283,9.540,-0.0743,0.3276,0.0457,9.65,-0.06,112.09
62321,1.129,1.654,9.704,0.3043,-0.4202,-0.0382,9.55,-0.14,111.88
62331,1.080,1.580,9.830,-0.1237,0.7888,-0.0085,9.99,-0.52,111.90
62341,0.955,2.118,9.561,-0.9645,0.4427,0.0050,9.41,0.73,112.02
62350,1.260,1.476,9.936,-0.5608,-0.7968,-0.0663,8.90,-0.02,111.81
62361,0.714,1.281,9.660,0.3974,-0.1485,-0.0131,8.78,-0.19,111.97
62370,1.288,1.394,9.827,-0.3794,0.4039,-0.0732,9.33,-0.18,111.83
62380,1.039,1.752,9.716,-0.5817,0.3735,-0.0293,8.35,0.23,111.98
62390,0.535,1.689,9.238,-0.2845,-0.2904,0.0148,8.70,0.23,111.86
62400,0.871,1.234,9.552,-0.2789,0.0526,0.0157,7.97,-0.08,111.77
62411,0.459,1.181,9.808,-0.0567,-0.1890,-0.0207,8.39,0.31,111.86
62421,0.818,1.566,9.769,-0.2982,-0.4013,-0.0489,7.95,-0.33,111.82
62430,0.606,1.238,9.905,-0.8300,0.0261,-0.0604,8.03,-0.10,111.73
62440,0.841,1.349,9.913,-1.1519,0.1198,-0.0718,7.01,-0.28,111.89
62450,0.830,0.890,9.944,-0.1933,0.2547,-0.0157,6.72,0.03,111.80
62461,-0.167,0.889,10.479,-0.2863,-1.0458,-0.1382,6.78,-0.01,111.90
62471,0.813,1.010,10.321,-0.1453,-2.3332,0.0322,6.38,-1.19,111.91
62481,0.354,1.103,10.328,-0.4715,-2.5049,0.0778,6.57,-2.70,111.87
62491,1.006,1.034,10.593,-0.9353,-2.9134,0.0318,5.83,-4.07,111.79
62501,1.187,0.971,11.299,-0.6779,-3.2211,-0.0301,5.52,-6.01,111.84
62511,1.327,0.264,12.158,-0.3244,-2.7095,0.0228,5.05,-7.77,111.92
62520,1.924,0.637,12.208,-1.1672,-2.2479,-0.0384,5.16,-9.09,111.83
62530,1.631,0.738,12.439,-1.0734,-2.7582,-0.0527,3.70,-10.34,111.79
62541,2.406,0.106,13.388,-0.4790,-3.0954,0.0556,3.90,-12.25,111.74
62550,2.035,0.500,13.905,-1.1085,-2.9297,0.0175,3.14,-13.87,111.94
62561,2.130,0.286,13.869,0.1234,-2.7058,0.0339,2.64,-15.59,111.77
62571,2.147,0.577,13.891,0.0342,-2.2073,-0.0460,3.27,-16.96,111.84
62580,2.753,0.480,13.975,-0.9791,-2.3946,-0.0079,2.66,-18.11,112.06
62590,3.117,-0.110,14.099,-1.3148,-2.9585,0.0421,2.14,-19.72,111.86
62600,2.845,0.154,13.695,-0.9074,-2.3468,-0.1010,1.15,-21.51,111.70
62610,2.920,0.661,12.790,-0.4452,-2.7540,-0.0666,1.11,-22.40,111.78
62620,3.496,0.419,12.246,-0.8694,-3.2086,0.0394,0.66,-24.69,112.04
62631,3.634,-0.058,11.069,-0.4035,-2.8815,0.0315,0.08,-26.05,111.95
62640,3.910,-0.156,10.691,0.2105,-2.8707,-0.0309,0.20,-27.99,111.78
62650,3.835,-0.152,10.165,0.0104,-1.3031,-0.0183,0.34,-29.39,111.85
62660,3.916,-0.194,9.741,0.0292,1.3797,0.0484,0.22,-29.51,111.88
62671,3.215,-0.139,10.198,0.0791,2.1837,-0.0375,0.39,-27.81,111.85
62681,3.326,0.412,9.734,-0.4304,2.0696,0.0461,0.33,-26.97,111.90
62690,2.817,-0.523,10.316,-0.1613,2.3965,0.0109,-0.08,-25.45,111.78
62701,3.091,-0.592,10.523,-0.2427,1.7543,0.0089,0.18,-24.22,111.86
62711,2.021,0.288,10.857,-0.5682,2.3417,-0.0356,-0.35,-23.41,111.87
62721,1.865,-0.171,11.167,0.5745,2.5742,-0.0201,-0.48,-21.52,112.00
62731,2.290,-0.091,11.141,0.1792,1.8607,0.0036,0.32,-20.46,111.82
62741,2.222,0.060,11.504,-0.1942,2.1742,0.0487,-0.27,-19.40,111.80
62751,1.921,0.270,11.373,0.0461,2.5739,0.0035,0.09,-17.97,111.78
62761,1.208,-0.160,11.411,-0.0719,1.6806,0.0269,-0.21,-16.46,111.79
62770,1.153,-0.240,11.309,0.5423,1.2775,0.0051,0.01,-16.04,111.67
62781,1.054,-0.079,10.848,0.3345,2.2826,-0.0466,0.40,-14.98,111.92
62790,0.580,-0.171,11.077,-0.3695,2.6745,0.0722,0.38,-13.41,112.00
62800,0.787,0.003,11.450,-0.2264,2.6061,0.0337,-0.04,-11.91,111.93
62810,0.095,0.260,10.986,-0.0263,2.1372,-0.0679,0.16,-10.42,111.71
62820,0.008,-0.171,10.804,-0.0325,2.1910,-0.0074,-0.07,-9.47,111.92
62830,-0.334,0.047,10.883,-0.2080,2.1338,-0.0713,0.15,-7.90,111.85
62840,-0.316,0.085,10.451,0.1098,1.5336,-0.0279,-0.30,-7.07,111.91
62850,-0.638,-0.185,10.414,0.3266,1.7292,0.0080,0.28,-6.13,111.87
62861,-0.688,0.228,10.237,-0.4529,2.0833,0.0273,0.12,-5.08,111.86
62870,-1.303,-0.019,9.537,0.2058,2.1740,-0.0666,-0.22,-3.70,111.97
62881,-0.918,0.107,9.207,0.1194,1.7468,0.0353,0.35,-2.60,111.79
62890,-1.231,-0.177,9.169,-0.6412,1.1717,-0.0006,-0.11,-1.72,111.95
62901,-0.785,-0.355,8.670,0.0821,0.8066,-0.0539,-0.39,-1.29,112.08
62911,-1.070,-0.414,9.177,0.4417,1.6316,-0.0537,-0.01,-0.80,111.86
62920,-1.569,0.237,8.502,0.2374,2.1164,-0.0033,0.08,0.59,111.84
62931,-1.438,-0.029,8.126,-0.1132,1.4229,-0.0183,0.23,1.60,111.81
62941,-1.614,-0.435,8.647,0.0944,1.5494,-0.0028,-0.04,2.25,111.81
62951,-1.414,-0.258,8.095,0.1436,1.7548,-0.0515,0.33,3.38,111.85
62961,-1.283,0.153,8.079,-0.4759,1.3355,-0.0560,0.12,4.30,111.94
62970,-1.783,0.027,8.122,-0.1614,1.6009,-0.0045,-0.22,4.91,111.95
62980,-1.706,0.206,8.173,0.5415,1.4535,0.0499,-0.05,6.15,111.94
62990,-2.251,0.597,8.087,-0.4483,1.5833,-0.0450,0.44,6.55,111.82
63000,-2.059,-0.077,7.660,-0.0595,1.6966,0.0032,-0.54,7.95,111.70
63011,-2.582,-0.121,7.603,0.2840,1.8123,-0.0702,0.38,8.48,111.93
63021,-1.954,0.084,7.964,-0.0905,1.8440,-0.0334,-0.20,10.00,111.85
63031,-2.347,0.279,8.250,0.1014,1.2593,-0.0417,0.26,10.60,111.79
63040,-2.406,0.224,8.154,0.0081,1.0475,0.0015,-0.14,11.39,111.84
63050,-2.468,-0.010,9.037,0.3411,1.5313,0.0181,0.26,11.82,111.98
63060,-2.669,-0.077,8.921,-0.6951,1.7247,0.0318,0.21,13.16,111.86
63071,-2.271,-0.029,8.957,-0.6546,1.6517,-0.0265,-0.55,13.79,111.81
63080,-2.641,-0.416,9.461,0.7016,0.0297,0.0445,-0.53,15.08,111.78
63090,-2.006,0.580,24.094,0.8053,-1.9025,-0.0236,0.22,13.80,111.85
63101,-1.559,-0.242,19.847,0.5635,-2.6030,-0.1000,0.40,12.90,111.86
63110,-1.706,0.010,15.565,1.1858,-3.2226,0.0246,0.83,10.78,111.80
63120,-1.288,-0.076,12.475,0.8070,-1.7692,-0.1336,1.77,9.20,111.78
63131,-0.905,0.299,10.523,0.2988,-1.7210,-0.0699,1.76,8.76,111.84
63141,-0.897,0.400,10.130,0.6552,-2.7649,-0.0780,2.10,7.18,111.81
63151,-0.252,0.346,9.979,0.5494,-1.7531,-0.0057,2.52,5.60,111.72
63161,0.078,0.305,9.994,0.6858,-2.1080,-0.0858,2.72,5.17,111.77
63171,-0.178,0.721,9.743,0.7192,-3.6684,0.0101,3.25,3.24,111.97
63180,0.218,0.189,9.887,1.2107,-2.6300,0.0326,3.51,0.99,111.84
63191,0.922,0.545,9.601,1.1799,-0.6844,-0.0743,4.63,0.20,111.95
63200,1.285,1.019,9.783,0.2065,0.0636,-0.0012,4.88,0.22,112.03
63211,0.884,0.580,9.503,0.5117,-0.5936,-0.0023,4.83,0.29,111.91
63220,1.409,1.267,9.881,0.6955,-0.5077,0.0760,5.48,-0.43,111.94
63230,0.331,0.949,9.874,0.1905,0.2568,0.1169,5.64,-0.25,111.89
63241,1.210,0.900,9.882,0.3063,0.0930,-0.0032,5.68,-0.14,111.83
63251,1.075,1.124,9.836,0.4856,0.4065,-0.0286,6.01,-0.15,111.88
63260,1.373,0.900,10.032,0.9076,0.5213,0.0024,6.24,0.34,111.78
63271,1.129,1.364,9.288,0.7467,-0.6511,-0.0315,7.05,0.44,111.83
63280,1.339,1.016,9.617,-0.1121,-0.3189,0.0377,7.09,-0.45,111.98
63290,1.330,1.156,9.799,-0.1412,0.1671,-0.0048,6.90,0.11,111.77
63300,1.528,1.047,10.034,0.2278,0.3286,0.0409,6.93,-0.25,111.87
63310,1.107,1.516,9.340,0.6157,0.0998,0.0230,7.15,0.48,111.81
63321,1.571,1.029,9.813,0.6622,-0.4024,0.0076,7.64,-0.12,111.59
63331,1.583,1.021,9.733,0.2942,-0.1207,0.0766,7.93,0.04,111.85
63341,1.295,1.257,9.499,-0.1474,-0.3643,0.0755,8.02,-0.28,111.86
63351,1.827,1.226,10.122,0.2050,-0.0466,-0.0112,7.78,-0.38,111.86
63360,1.601,1.597,9.736,0.6088,0.4575,0.0625,8.22,-0.30,111.80
63371,1.386,1.324,9.953,-0.4426,0.4788,-0.0186,8.49,0.16,112.01
63381,1.454,1.342,9.511,-0.3722,0.3644,-0.0793,7.71,0.25,111.75
63390,1.478,1.909,9.660,0.3079,-0.0335,-0.0842,8.06,0.52,111.83
63401,1.239,1.671,10.333,0.1492,-0.0438,-0.0488,8.09,0.21,112.02
63410,1.766,1.225,9.690,0.2085,-0.1474,0.0559,8.28,0.44,111.78
63421,1.285,1.377,9.662,-0.0743,-0.8181,-0.0635,8.37,0.03,111.91
63430,1.593,1.362,9.723,-0.0043,-0.2496,-0.0574,8.19,-0.50,111.91
63441,1.325,1.435,9.708,-0.5949,0.1343,0.0355,8.38,-0.25,111.88
63451,1.369,1.074,9.828,-0.0732,0.1858,-0.0120,7.49,-0.34,111.87
63461,1.138,1.136,9.717,0.3692,0.0191,0.0948,8.29,-0.07,111.82
63471,1.587,1.063,10.291,0.2532,0.3497,-0.0511,7.90,-0.34,111.95
63480,1.556,1.384,9.657,-0.4053,0.6928,-0.0639,8.55,0.31,111.76
63491,1.338,1.292,9.808,-1.0509,0.0976,0.0353,7.44,0.43,111.90
63501,1.045,1.546,9.876,-0.0694,-0.7105,0.0094,7.38,0.44,111.99
63510,0.974,1.055,9.847,0.3417,-0.1483,0.0136,7.34,-0.37,111.76
63520,0.581,1.810,9.717,-0.4640,0.5747,-0.0543,7.80,0.25,111.90
63531,0.868,0.996,9.707,-0.6398,-0.3236,-0.0836,6.81,0.30,111.93
63540,1.067,1.028,10.428,0.2712,0.2817,0.0513,7.07,-0.13,111.97
63551,0.757,1.502,9.679,-0.3825,-0.0416,0.0666,7.13,0.61,111.91
63561,0.376,1.432,9.787,-1.0694,-0.3998,0.0154,6.63,-0.14,111.91
63570,0.600,1.391,10.048,-0.5680,0.4029,0.0248,5.89,0.16,111.85
63581,0.309,1.068,10.177,-0.1881,-0.9633,-0.0830,6.01,0.35,111.88
63591,0.376,0.925,10.386,-0.5799,-2.9515,-0.0017,5.71,-0.96,111.87
63600,0.654,1.101,10.474,-0.7007,-3.2681,0.0206,5.35,-3.02,112.00
63610,0.867,0.824,10.403,-0.2728,-2.8398,0.0084,4.91,-4.70,111.95
63621,1.047,1.274,10.795,-0.3113,-2.1360,0.0616,5.03,-6.29,111.85
63630,1.031,0.780,11.590,-0.5128,-2.1638,0.0034,4.56,-7.12,111.84
63641,1.509,0.580,12.292,-0.3901,-3.2048,0.0375,4.45,-8.79,111.91
63650,1.458,0.536,13.116,-1.1026,-3.1757,-0.0001,4.07,-10.82,111.83
63661,1.713,0.814,13.498,-1.0001,-2.2685,-0.0688,3.21,-12.42,111.88
63670,1.970,0.376,13.986,0.0194,-2.9458,0.0709,2.90,-13.41,112.02
63681,2.426,0.463,13.991,-1.0667,-3.4468,0.0720,3.24,-15.83,111.75
63690,2.343,-0.117,14.301,-0.8069,-2.7442,0.0431,1.67,-17.35,111.96
63701,2.996,0.686,14.062,0.2943,-2.1935,-0.0355,2.34,-18.95,111.90
63710,2.982,0.268,14.239,-0.9774,-2.4982,-0.0397,2.04,-19.87,111.95
63721,2.751,0.213,13.697,-0.9339,-3.4237,-0.0062,1.18,-21.84,111.78
63731,2.912,-0.091,12.831,0.1034,-2.6976,-0.0634,0.95,-23.79,111.75
63740,3.763,0.549,11.964,-1.0551,-2.5812,0.1049,1.30,-24.98,111.76
63751,3.290,0.268,11.127,-0.8551,-3.0979,0.0134,-0.25,-26.72,111.97
63760,3.587,0.417,10.743,0.3542,-2.7500,0.0646,0.34,-28.50,111.78
63770,3.703,0.146,10.243,-0.4266,-0.2634,-0.0201,0.18,-29.84,111.84
63781,3.618,-0.044,9.758,0.1211,1.1793,0.0372,-0.15,-28.81,111.93
63791,3.432,0.308,10.210,0.3139,1.7675,-0.0256,0.31,-28.49,111.84
63800,3.163,-0.339,9.981,-0.4139,3.4367,-0.0858,0.23,-26.78,111.82
63811,2.583,-0.286,10.715,0.1199,2.4670,0.0081,-0.15,-24.55,111.93
63821,2.543,0.170,10.805,0.0515,1.8001,-0.0017,0.38,-23.94,111.88
63830,2.574,-0.359,11.009,-0.3299,2.2472,-0.0444,-0.14,-22.48,111.96
63841,2.234,-0.185,10.925,0.2294,1.5450,-0.0729,-0.00,-21.42,111.91
63851,2.398,0.144,10.769,0.4916,2.1337,-0.0108,0.10,-20.72,111.84
63860,1.313,0.015,10.919,0.2554,2.6063,-0.0468,0.54,-18.96,111.92
63871,1.772,0.166,10.928,-0.2144,1.6359,-0.0279,0.42,-17.77,111.88
63881,1.408,-0.032,11.640,-0.4322,2.0854,0.0306,0.29,-17.06,111.95
63890,0.896,-0.082,11.816,0.0187,2.6679,0.0560,-0.07,-15.35,111.94
63900,1.024,-0.277,11.912,-0.3747,2.3658,0.0608,0.34,-13.98,111.94
63910,0.180,-0.260,11.602,-0.4586,2.1276,-0.0605,-0.52,-12.60,111.76
63920,0.537,-0.294,11.019,0.7379,1.8252,-0.0066,-0.25,-11.52,111.75
63930,0.303,-0.225,10.911,0.4051,2.3893,-0.0040,0.32,-10.48,111.80
63940,-0.154,-0.385,11.088,0.1288,2.5705,-0.0751,0.24,-8.79,111.96
63950,-0.532,0.064,10.448,0.1616,1.8995,-0.0314,0.46,-7.51,111.83
63960,-0.417,0.014,10.208,-0.4801,2.0850,0.0886,0.47,-6.61,111.86
63970,-0.751,0.107,9.573,-0.7070,2.3360,-0.0535,-0.04,-5.08,111.75
63981,-0.362,-0.120,9.735,-0.3601,1.2058,0.0451,-0.33,-3.90,111.83
63990,-0.750,-0.469,9.909,0.4163,1.3839,-0.0197,-0.44,-3.66,111.77
64000,-1.083,0.124,9.449,0.5207,1.3915,-0.0161,0.16,-2.33,111.85
64010,-1.464,0.001,8.517,0.4587,1.3593,0.1272,0.16,-2.07,111.94
64021,-1.010,0.262,8.376,-0.2233,1.4902,0.0145,0.70,-0.77,111.89
64030,-1.562,0.136,9.006,-0.3650,2.0101,0.0168,-0.06,-0.36,111.70
64040,-1.449,0.265,8.355,0.6550,1.6569,0.0256,0.29,1.52,111.79
64050,-1.378,-0.049,8.230,-0.0378,0.8166,-0.0209,0.69,1.56,111.87
64061,-1.497,-0.021,7.801,0.0146,2.0291,-0.0117,0.27,2.50,111.88
64071,-1.648,-0.176,8.150,0.0829,1.9694,-0.0528,0.71,3.89,111.82
64080,-1.954,-0.311,7.914,-0.8236,1.5983,0.0003,0.39,4.78,111.87
64090,-1.782,-0.248,7.544,-0.6449,0.9435,-0.0071,-0.20,5.71,111.82
64100,-1.753,-0.197,7.993,0.2204,1.5515,-0.0190,-0.37,5.85,111.92
64110,-1.596,0.186,7.731,0.5364,2.2466,-0.1311,0.06,7.50,111.84
64120,-2.012,0.321,7.624,-0.1434,1.4563,0.0492,0.29,8.44,111.81
64130,-1.915,0.137,8.066,0.0967,1.2408,-0.0622,-0.09,9.21,111.91
64140,-2.603,-0.079,8.137,0.1597,1.1208,0.0405,0.38,9.86,111.83
64150,-2.198,-0.363,8.160,-0.3639,1.6031,-0.0201,0.12,10.48,111.80
64160,-2.580,-0.215,8.749,-0.1297,2.2826,-0.0467,-0.03,11.75,111.92
64170,-2.671,-0.022,8.459,-0.0430,1.9863,-0.0290,-0.03,13.04,111.96
64181,-2.318,0.054,9.042,-0.0266,1.4525,0.0366,-0.07,13.97,111.91
64190,-2.753,-0.271,9.696,0.2068,0.3904,0.0501,-0.03,14.72,111.91
64200,-2.583,0.405,25.404,0.5695,-1.4412,0.0154,0.12,14.41,111.77
64210,-2.044,0.051,21.738,0.2741,-2.0986,0.0537,0.65,13.08,111.91
64221,-2.301,-0.153,17.155,0.3188,-2.8819,0.0028,0.44,11.99,111.82
64230,-1.542,0.004,13.286,0.6360,-2.7276,-0.0038,1.00,9.72,111.72
64241,-0.776,0.551,10.701,0.2320,-1.8569,-0.0742,1.17,8.85,111.90
64251,-0.758,0.074,9.889,0.7869,-2.0580,0.0136,1.27,7.58,111.82
64260,-0.467,0.856,9.876,0.3149,-2.5670,0.0357,2.10,6.46,111.77
64271,-0.046,0.022,9.667,0.1917,-2.9077,-0.0161,1.63,4.64,111.99
64281,0.023,0.075,9.452,1.0727,-2.2762,-0.0693,2.32,3.09,111.87
64291,0.144,0.359,9.533,0.4432,-2.1033,-0.1039,2.86,2.03,111.78
64301,0.941,0.376,9.839,0.6820,-1.7884,-0.0523,2.85,0.68,111.78
64310,0.509,0.009,9.690,1.1817,-0.7189,-0.0554,3.63,-0.02,111.92
64321,0.816,0.330,9.565,0.4312,-0.2342,-0.0277,4.21,-0.14,111.81
64330,0.940,1.092,9.857,-0.1190,0.2427,0.0595,4.14,-0.28,111.80
64340,1.035,0.652,9.780,0.7275,0.5802,-0.0463,4.10,0.12,111.88
64351,0.993,1.065,9.921,0.8918,-0.1599,-0.0118,4.99,0.38,112.03
64360,1.408,1.180,9.842,-0.1402,-0.7873,-0.0507,5.13,-0.02,111.80
64370,1.296,1.359,9.470,0.4292,-0.1882,0.1219,4.80,-0.57,111.95
64380,1.172,0.771,10.165,0.7218,0.5738,0.0617,5.63,-0.21,111.85
64391,1.677,0.937,9.931,0.1463,-0.0054,-0.0136,5.60,0.06,111.85
64401,0.991,1.385,9.376,0.2064,0.2393,0.0357,5.81,-0.19,111.88
64411,1.574,1.322,9.653,0.1472,0.2922,0.0658,5.87,0.35,111.87
64421,1.445,1.013,10.191,0.1925,-0.1875,0.0297,5.97,0.13,111.87
64430,1.311,0.415,9.794,0.4143,-0.1195,-0.0226,6.04,0.15,111.75
64440,1.168,1.259,9.763,0.2940,-0.1130,-0.0458,6.43,-0.01,111.89
64450,1.453,0.952,9.614,0.0798,0.0126,0.0495,6.36,0.01,111.88
64460,1.311,1.200,9.276,0.4793,0.2292,-0.0071,6.52,0.02,111.77
64471,1.024,1.145,9.666,0.1934,0.3913,-0.0165,6.90,0.28,111.74
64481,1.516,0.959,9.314,-0.3467,-0.1190,-0.0588,6.74,0.42,111.79
64490,1.218,0.800,9.520,-0.0926,-1.0933,0.0148,6.48,0.15,111.92
64500,1.379,0.758,9.566,0.6904,-0.2722,0.0121,6.65,-0.81,111.73
64510,1.485,1.647,9.740,0.6908,0.7636,-0.0795,7.24,-0.16,111.86
64521,1.606,1.311,9.901,-0.2232,0.3351,-0.0047,7.47,0.07,111.82
64531,1.306,1.110,9.852,-0.5664,-0.0100,-0.0615,6.96,0.26,111.85
64540,1.435,1.229,9.697,-0.1102,-0.3890,-0.0010,6.84,0.05,111.88
64550,1.604,1.074,9.641,0.1384,-0.4096,0.0516,6.81,-0.18,111.97
64560,1.581,1.091,9.988,-0.0050,0.3306,0.0314,6.96,-0.41,111.77
64571,1.200,1.858,9.513,0.4175,-0.3073,0.0375,6.82,0.21,111.79
64580,1.311,0.782,10.059,-0.1943,-0.0443,0.0075,7.46,-0.74,111.90
64590,1.562,1.319,9.776,-0.8539,1.1684,0.0270,6.59,0.17,111.76
64601,0.757,1.337,9.479,-0.0405,-0.4001,0.0585,6.48,0.59,111.91
64610,0.963,0.721,9.861,0.0974,-0.7345,-0.0164,6.56,-0.30,111.76
64621,1.053,1.652,9.771,-0.5410,0.3850,0.0214,6.59,-0.25,111.89
64631,0.928,1.132,9.656,-0.7948,0.3195,0.0905,5.97,0.18,111.85
64640,0.894,1.190,9.743,-0.1934,0.0841,0.0216,5.70,0.07,111.81
64651,0.487,0.961,9.343,-0.0974,-0.2557,0.0300,5.75,0.26,111.88
64660,1.341,1.146,9.969,-0.4157,-0.2887,-0.0044,5.60,-0.23,111.83
64671,0.431,0.472,10.244,0.0438,0.1934,-0.0177,5.32,-0.07,111.90
64681,0.694,0.803,10.007,-0.2153,-0.6175,-0.0061,5.67,-0.01,111.94
64691,0.621,0.530,10.179,-0.5535,-1.3374,-0.0007,5.07,-0.77,111.99
64701,0.814,1.563,10.636,-0.2922,-2.5221,-0.0252,5.03,-1.60,111.78
64711,0.764,0.392,10.722,-1.2086,-3.5741,0.0237,4.73,-3.63,111.81
64720,1.077,0.307,11.111,-0.9696,-3.0020,-0.0108,3.66,-5.70,111.85
64731,1.471,0.524,11.607,-0.1250,-2.8223,-0.0208,3.64,-7.05,111.88
64741,1.739,0.694,12.466,-0.3129,-2.6834,0.0330,3.50,-8.88,111.76
64750,1.983,0.356,12.668,-0.4055,-2.6123,0.1125,3.29,-10.12,111.79
64760,2.418,0.160,13.366,-0.7845,-2.9691,-0.0536,3.04,-11.85,111.93
64771,2.292,-0.097,13.752,-0.4753,-2.5857,-0.0022,2.40,-13.55,111.83
64780,2.219,0.305,13.980,-0.5452,-2.5172,-0.0695,2.50,-14.81,111.75
64790,2.201,0.189,14.113,-0.5190,-2.9037,-0.0280,1.74,-16.43,111.85
64801,2.661,-0.026,14.024,0.0337,-3.0444,0.1420,1.90,-18.10,111.81
64811,2.583,-0.112,14.544,-0.6843,-2.6679,0.0257,1.79,-19.90,111.82
64820,3.576,0.053,13.757,-0.8572,-3.0225,-0.0711,1.14,-21.14,111.94
64830,3.202,-0.188,13.046,-0.0833,-3.2704,0.0158,0.81,-23.35,111.94
64841,3.543,0.255,11.979,-0.6201,-2.5989,0.0169,1.07,-24.88,111.89
64850,3.541,0.044,11.473,-1.1325,-2.1073,0.1056,0.10,-26.33,111.89
64861,3.409,0.324,10.630,-0.3072,-2.2492,-0.0311,-0.20,-27.27,111.95
64870,3.503,-0.001,9.712,0.0527,-1.7734,0.1200,-0.27,-28.92,112.02
64881,3.980,0.359,10.107,0.3360,1.1489,-0.0457,-0.15,-29.32,111.81
64891,3.273,0.073,10.582,-0.0229,2.1783,0.0933,0.12,-27.61,111.85
64901,3.334,0.338,10.107,0.1242,1.9922,-0.0392,-0.20,-26.82,111.99
64911,3.159,0.100,10.280,0.0088,2.4772,0.0089,0.28,-25.32,111.73
64920,2.345,-0.139,10.949,-0.5616,2.1514,0.0649,-0.18,-23.98,111.75
64931,2.847,0.096,10.310,0.0099,2.1169,0.0436,-0.34,-22.86,111.84
64940,2.180,-0.185,10.869,0.3490,2.7599,-0.0050,-0.17,-21.56,111.81
64951,1.950,-0.140,10.806,0.0930,2.6596,0.0441,0.12,-19.73,111.74
64960,2.038,0.284,11.086,0.0683,2.0022,0.0783,-0.07,-18.54,111.74
64971,1.594,-0.247,11.386,0.2083,2.0106,0.0065,0.16,-17.42,111.89
64980,0.965,0.236,11.320,0.3961,1.5333,-0.0070,0.15,-16.21,111.94
64990,1.008,-0.033,11.302,0.3656,2.0709,0.0074,0.60,-15.65,111.78
65000,0.791,0.093,11.234,-0.4232,2.7636,0.0076,0.56,-13.85,111.84
65010,0.696,0.018,11.266,-0.2298,2.2987,0.1185,0.12,-12.52,111.82
65021,0.583,-0.145,10.967,-0.0388,1.9618,0.0486,0.29,-11.21,111.78
65031,0.350,-0.024,10.753,-0.4338,2.4885,-0.0001,0.07,-10.28,111.99
65040,0.348,0.454,10.938,0.1374,2.5796,-0.0917,-0.19,-8.34,111.69
65051,0.269,-0.012,10.640,-0.2235,1.7137,-0.1395,0.28,-7.32,111.87
65060,-0.153,0.084,10.435,0.5684,2.0942,0.0092,-0.46,-6.35,111.79
65070,-0.488,-0.039,9.797,0.2897,1.9279,0.1145,0.94,-4.94,111.85
65080,-0.456,0.337,10.092,-0.9430,1.6727,0.0626,-0.15,-4.12,111.73
65090,-0.454,-0.090,9.424,0.0632,1.1471,-0.0214,-0.16,-3.04,111.88
65100,-0.990,0.157,9.413,0.0544,1.5404,-0.1245,-0.07,-2.82,112.01
65111,-1.289,-0.126,8.675,-0.4633,2.1973,-0.0143,-0.14,-1.32,111.87
65121,-0.975,-0.454,9.038,0.5256,1.7032,-0.0785,-0.63,-0.29,111.81
65131,-1.490,0.415,8.052,0.2969,1.6432,0.0093,0.48,0.63,112.02
65141,-1.491,-0.267,8.711,-0.7331,1.4822,0.0362,-0.27,1.60,111.74
65151,-1.239,0.065,8.126,0.0919,1.7502,-0.0173,-0.33,2.35,111.77
65160,-1.409,-0.159,7.879,0.3533,1.5835,-0.0502,-0.21,3.64,111.79
65171,-1.425,0.108,7.653,0.5067,1.3583,-0.0608,0.12,4.15,111.88
65180,-1.448,0.344,7.770,-0.0336,1.3708,-0.0242,0.37,5.19,111.78
65191,-2.183,0.321,7.643,0.1574,1.3536,0.0733,0.08,5.69,111.87
65201,-1.863,-0.020,8.130,0.2426,1.6143,0.0277,0.55,6.76,111.82
65210,-1.901,-0.358,7.682,-0.5378,1.8541,-0.0366,0.38,7.53,111.81
65221,-1.998,-0.138,7.694,-0.5830,1.6036,0.0754,-0.02,8.86,111.88
65230,-2.281,-0.104,7.691,0.2408,1.2846,0.0245,-0.30,9.38,111.72
65241,-2.538,-0.104,8.395,0.2876,1.1238,0.0505,0.29,10.34,111.90
65250,-2.032,0.107,8.887,-0.1454,1.5386,-0.0017,0.03,10.70,112.07
65261,-2.592,-0.102,8.729,0.1155,2.2749,-0.0753,0.11,12.14,111.83
65270,-2.358,-0.067,8.802,-0.0425,1.6742,0.0138,0.19,13.28,111.83
65281,-2.882,-0.406,8.995,-0.2268,1.1449,-0.1012,0.07,14.04,111.81
65291,-2.129,0.289,24.811,0.1662,-0.2027,-0.0198,-0.06,14.59,111.83
65300,-1.348,-0.284,23.294,1.3002,-2.1783,-0.0479,0.25,13.79,111.80
65311,-2.143,-0.175,18.737,1.2466,-2.5791,0.0538,1.46,12.10,111.92
65321,-1.446,-0.057,14.260,0.6565,-2.4797,0.0259,1.70,10.82,111.88
65331,-1.296,-0.102,11.433,0.5384,-2.2963,0.0540,2.20,9.26,112.02
65340,-1.171,0.362,10.771,0.8390,-2.2649,-0.0064,2.29,8.20,111.90
65350,-0.771,0.056,9.588,0.7640,-2.2908,0.0711,3.16,6.69,111.79
65360,-0.419,0.027,9.574,0.4295,-2.7263,0.0637,3.14,5.55,111.90
65371,0.042,0.433,9.986,1.4433,-2.5059,0.0064,3.67,3.57,112.01
65381,0.322,0.854,9.520,1.4799,-1.5541,-0.0531,4.79,2.70,111.84
65391,-0.010,1.383,9.698,0.5538,-2.4203,0.0480,5.38,1.81,111.89
65401,0.708,0.558,9.750,-0.3003,-1.3820,0.0187,5.47,-0.12,111.94
65410,0.818,0.929,9.784,0.6442,0.5413,-0.0468,5.07,0.27,112.03
65421,1.110,1.234,9.857,0.9048,-0.0669,0.0164,6.21,0.48,111.87
65431,1.124,1.191,9.702,0.6606,-0.7431,0.0333,6.12,0.24,111.91
65441,1.358,0.517,9.888,1.2670,0.0149,0.0601,7.02,-0.32,111.87
65450,0.524,1.195,9.452,0.4181,0.0469,0.0522,7.61,0.25,111.79
65461,0.740,1.112,9.537,-0.2480,-0.5062,0.0274,7.49,-0.28,111.81
65471,1.191,1.520,10.067,0.5112,0.4579,0.0743,7.32,-0.33,111.93
65480,1.409,1.084,9.746,0.6927,0.3405,0.0798,8.08,0.23,111.87
65490,1.045,1.828,9.844,0.5527,-0.0921,-0.0538,8.14,0.05,111.91
65501,1.313,1.650,9.316,0.6459,-0.3117,-0.0003,8.71,0.10,111.95
65510,1.610,0.924,9.759,0.8963,-0.1474,-0.0208,8.85,-0.34,112.03
65521,1.293,1.251,9.757,-0.0629,0.1807,0.0130,9.68,-0.10,111.74
65531,1.195,1.823,9.927,-0.2123,0.4972,0.0708,8.75,-0.14,111.87
65541,1.472,1.411,9.823,0.8223,-0.0874,0.0407,9.43,0.45,111.90
65550,1.746,1.802,9.297,0.3187,-0.5352,0.0458,9.67,-0.22,111.95
65560,1.544,1.820,9.722,0.3241,0.0570,0.0128,9.74,-0.14,111.91
65571,1.299,2.005,9.392,0.4710,0.1158,0.0786,10.04,-0.15,111.87
65581,1.387,1.626,9.985,0.6723,0.0525,0.0144,10.29,-0.01,111.93
65591,1.566,1.891,9.856,-0.0169,-0.0834,0.0345,10.81,-0.08,112.00
65601,1.880,1.850,9.934,-0.9343,0.3996,0.0546,10.31,-0.11,111.79
65610,1.505,1.576,9.864,-0.0096,-0.1197,0.0726,9.77,0.38,111.97
65620,1.527,1.420,9.988,0.3598,-0.2854,-0.0705,10.31,-0.23,111.90
65630,1.399,1.895,9.493,0.2695,-0.0117,-0.0366,10.22,0.06,111.93
65640,1.341,1.913,9.518,-0.0512,0.2545,-0.1121,10.60,-0.25,111.79
65650,1.407,1.662,9.215,-0.0349,0.0390,-0.0336,10.17,0.34,111.94
65661,1.484,1.429,9.173,-0.4513,-0.1335,0.0450,10.55,-0.19,111.81
65670,0.929,1.853,9.604,-1.1393,0.5347,-0.0799,9.63,0.15,111.83
65680,0.902,1.700,9.515,0.2799,-0.3516,-0.0230,9.24,0.46,112.01
65690,1.403,1.438,9.358,0.5881,0.1412,0.0096,9.95,-0.29,111.97
65701,1.447,1.336,9.309,-0.6105,0.2368,0.0113,9.97,0.59,111.77
65710,0.515,1.635,9.284,-0.5465,-0.7804,0.0257,9.22,0.01,111.86
65720,1.021,1.438,9.509,-0.3022,-0.1000,-0.0291,9.35,-0.28,111.74
65731,0.525,1.207,10.093,-0.0205,0.4289,-0.0481,8.88,-0.07,111.84
65741,0.903,1.500,9.685,-0.1543,0.0157,-0.0083,9.32,0.16,111.99
65750,1.012,1.571,9.689,-0.9979,0.3856,-0.0273,8.72,-0.05,111.91
65761,0.655,1.086,9.597,-0.7602,-0.0332,0.0492,8.22,0.58,111.89
65770,0.671,1.303,9.611,-0.2441,-0.4945,-0.0744,7.87,-0.09,111.86
65780,0.314,1.575,9.600,-0.5443,-0.4554,0.0249,7.96,0.01,111.83
65791,0.314,1.618,9.869,-0.9722,-2.0727,-0.0137,7.19,-0.64,111.78
65800,0.537,0.812,10.311,-0.7199,-3.1222,-0.0078,6.83,-2.33,111.95
65810,1.311,1.437,10.884,-0.6046,-2.6489,0.1172,6.42,-4.22,112.04
65821,1.045,0.998,11.097,-0.1102,-2.2929,-0.0232,6.14,-5.40,111.95
65830,1.710,1.089,12.060,-0.9291,-3.0852,-0.0058,6.30,-6.79,111.69
65841,1.413,1.282,11.587,-1.1776,-3.3637,0.0329,5.08,-8.89,111.93
65850,1.780,0.901,12.728,-0.9357,-2.6591,0.0828,4.96,-10.63,111.80
65861,2.103,0.919,12.661,-0.9008,-2.6196,0.0001,4.00,-11.93,111.82
65870,2.137,0.351,13.822,-1.0142,-3.3338,0.0374,3.93,-13.63,111.89
65880,2.183,0.407,13.778,-0.4886,-2.4059,-0.0985,2.87,-15.73,111.98
65891,2.510,0.444,14.046,-0.1682,-2.8262,-0.0095,3.37,-16.41,111.84
65901,2.998,0.221,13.986,-1.2102,-3.3868,0.0364,2.72,-18.95,111.83
65911,3.040,0.274,13.618,-1.4292,-2.9281,0.0976,1.97,-20.27,112.03
65920,3.165,0.097,12.942,-0.3044,-2.5575,0.0793,1.09,-22.33,111.93
65931,3.041,-0.251,12.587,-0.0538,-2.2523,-0.0383,1.62,-23.21,111.86
65940,3.379,-0.099,12.085,-1.7285,-2.8711,0.0204,1.03,-24.90,111.95
65951,3.245,-0.363,11.189,-1.0853,-3.0971,0.0584,-0.33,-26.50,111.90
65960,3.581,-0.174,10.984,0.1161,-2.7501,-0.0314,-0.21,-28.44,111.93
65971,4.009,0.150,10.025,0.0091,-0.5754,-0.0789,-0.20,-29.66,111.91
65980,3.623,0.176,10.049,0.0281,1.8008,0.0651,-0.17,-29.10,111.82
65990,3.518,0.028,9.832,0.1967,2.2200,-0.0697,-0.11,-27.58,111.79
66000,2.961,-0.053,9.431,-0.2437,2.0990,0.0319,0.07,-26.58,111.94
66010,2.554,0.516,10.011,0.1698,2.2386,-0.0474,-0.36,-25.15,111.77
66021,2.257,0.115,10.421,0.2865,2.6027,-0.0704,0.30,-24.03,111.85
66030,2.139,-0.167,10.456,-0.2447,2.2879,0.0252,-0.02,-22.17,111.90
66041,2.243,-0.298,10.782,0.3833,1.5657,-0.0333,-0.01,-21.42,112.02
66051,2.135,0.231,11.463,0.3056,2.0965,-0.0286,0.42,-20.36,111.81
66060,1.671,0.319,11.711,-0.3544,2.6682,-0.0009,0.37,-18.96,111.75
66071,1.176,-0.157,11.248,-0.4475,2.4244,-0.0322,0.02,-17.30,111.93
66080,0.993,0.411,11.256,0.1232,2.2661,-0.0376,-0.12,-16.14,111.86
66090,0.781,0.148,11.690,0.0426,2.1858,-0.0313,0.13,-14.73,111.91
66100,0.538,0.060,11.098,0.1718,2.0757,0.0029,-0.09,-13.66,111.81
66111,0.607,0.082,11.707,-0.3009,2.1971,-0.1213,0.33,-12.31,111.87
66120,0.600,-0.537,10.899,-0.4195,2.1310,-0.1205,-0.39,-11.17,111.81
66131,0.038,-0.166,10.938,0.2245,1.9072,-0.0667,-0.14,-9.87,111.87
66140,0.220,0.089,10.666,0.0724,2.1927,0.0167,-0.13,-8.99,112.07
66150,0.199,-0.655,10.380,0.1281,2.2980,-0.0715,-0.07,-7.36,111.77
66161,-0.618,-0.007,10.687,-0.0632,2.0649,-0.0173,0.01,-6.37,111.85
66171,-0.734,0.240,9.996,-0.3109,1.9826,0.0991,-0.13,-4.97,111.82
66180,-0.458,-0.115,9.677,0.1277,1.4730,-0.0242,-0.38,-4.09,111.89
66191,-1.093,0.310,9.517,0.5791,1.8900,-0.0160,-0.01,-3.29,111.80
66200,-0.786,-0.508,9.465,-0.5762,1.5624,-0.0057,0.27,-1.95,111.74
66210,-1.142,-0.383,9.021,-0.1695,1.1169,-0.0198,-0.66,-1.51,111.81
66221,-1.242,-0.222,8.218,0.5898,1.9953,-0.0067,0.04,-0.67,111.90
66230,-1.097,0.260,8.552,0.2068,1.7195,0.0155,0.05,0.75,111.88
66240,-1.054,0.327,8.335,-0.1832,1.3513,0.0106,0.30,1.30,111.78
66251,-1.174,0.169,8.063,-0.2479,1.4189,0.0590,-0.17,2.29,112.00
66261,-1.166,-0.024,8.292,0.2864,1.7023,0.0009,0.00,2.92,112.05
66270,-1.700,-0.126,7.866,-0.1333,1.8030,-0.0487,0.18,4.29,111.75
66281,-1.824,-0.075,8.002,-0.2220,1.4965,-0.0303,-0.13,5.01,111.83
66291,-2.077,-0.369,8.019,0.0204,1.5358,0.0926,-0.08,5.99,111.81
66300,-2.122,-0.342,7.837,-0.2948,1.5265,-0.0682,-0.09,6.76,112.00
66310,-2.283,0.500,8.114,0.2438,1.4765,-0.0783,-0.40,7.71,111.81
66321,-1.897,-0.257,7.705,0.4367,1.7993,-0.0283,0.18,8.43,111.80
66331,-1.832,0.229,8.097,-0.1022,1.7479,-0.0370,0.13,9.74,112.02
66341,-2.209,-0.167,8.155,-0.3237,1.7118,-0.0735,0.02,10.39,111.73
66350,-2.491,0.039,8.365,0.0644,1.9357,0.0091,-0.26,11.68,111.79
66361,-2.468,0.037,8.780,0.2471,1.2614,0.0611,0.11,12.60,111.73
66370,-2.466,0.671,9.396,-0.2325,1.6720,-0.0446,0.06,13.13,111.80
66381,-2.613,-0.484,8.577,-0.4427,1.1871,0.0650,-0.16,14.51,111.78
66391,-2.477,-0.137,24.260,0.5747,-0.7840,0.0095,-0.43,14.49,111.84
66400,-1.676,-0.332,22.620,1.0111,-2.0861,-0.0829,0.51,13.61,111.83
66411,-2.326,0.033,18.814,0.6716,-1.9258,0.0095,0.73,12.15,111.87
66421,-1.827,0.450,14.037,0.3229,-2.1572,-0.0712,1.31,11.41,111.82
66430,-1.434,0.201,11.795,-0.2279,-2.5522,-0.0205,1.10,9.69,111.99
66441,-0.965,-0.081,9.807,1.0257,-1.8504,-0.0567,1.06,8.47,111.82
66451,-0.241,0.869,9.968,1.2339,-2.2627,-0.0146,2.27,7.54,111.86
66461,-0.716,0.404,9.807,0.1525,-2.8733,-0.0969,2.45,5.89,111.82
66471,-0.217,0.320,9.808,0.4787,-2.3657,0.0565,2.49,4.24,111.85
66481,0.417,0.551,9.657,0.7862,-2.0631,-0.0894,3.03,3.17,111.88
66490,0.475,0.364,9.654,0.4972,-2.2586,0.0601,3.40,1.87,111.75
66500,0.820,0.639,9.737,0.8691,-1.8957,0.0097,3.60,0.53,111.89
66510,1.182,0.764,9.884,0.3053,-0.5249,-0.0580,4.36,-0.28,112.00
66520,0.962,1.060,9.832,-0.1569,0.2008,0.0325,3.95,-0.11,111.88
66531,0.878,0.687,10.292,0.3818,0.0962,-0.0245,4.18,-0.08,111.91
66541,0.955,0.729,9.836,1.1216,-0.3319,0.0799,4.38,0.02,111.89
66551,0.790,0.576,9.580,0.2108,-0.0808,-0.0485,5.43,-0.46,111.89
66560,1.125,1.079,9.729,0.4756,0.8243,0.0046,4.64,-0.01,111.88
66570,1.270,1.185,9.407,1.3616,-0.6230,0.1242,5.91,0.49,111.82
66581,1.546,0.885,9.776,0.3367,-0.8083,-0.0627,6.19,-0.68,111.95
66591,1.327,0.705,9.670,0.3342,1.0578,0.0120,6.28,-0.39,112.08
66601,1.418,1.199,9.972,0.6053,0.4958,-0.0624,6.56,0.55,111.75
66610,1.317,1.519,9.593,0.1975,-0.3673,-0.1026,6.97,0.20,111.75
66620,1.329,1.256,9.658,0.1001,-0.1457,-0.0310,6.78,0.12,111.87
66631,1.041,1.206,10.200,0.9099,-0.8079,0.0001,7.10,0.02,111.89
66641,1.650,1.233,9.469,0.1899,-0.1334,-0.0380,7.84,-0.78,111.80
66651,1.555,1.194,9.804,-0.3112,0.5376,-0.0205,7.30,-0.12,111.93
66660,1.038,1.054,10.229,0.5006,0.4342,0.0695,7.45,-0.16,111.94
66670,1.510,1.305,9.928,0.3541,-0.2581,0.0917,7.87,0.36,111.88
66681,1.550,1.193,9.896,-0.0688,-0.0076,0.0101,7.84,-0.49,111.81
66691,1.653,1.261,9.813,0.1187,0.6838,-0.0319,7.82,0.38,111.82
66700,1.167,1.659,10.215,-0.0866,-0.0243,-0.0333,7.96,0.31,111.98
66711,0.802,1.450,9.940,0.0449,-0.8671,-0.0008,7.75,0.35,111.93
66721,1.397,1.807,9.365,0.4773,-0.0404,0.0231,7.99,-0.67,111.81
66731,1.299,1.759,9.901,0.0402,0.8303,-0.0193,8.29,0.30,111.64
66740,1.633,1.693,9.912,-0.5789,-0.1176,0.0854,8.06,0.26,111.90
66750,1.358,0.871,10.005,-0.3576,-0.9234,-0.0181,7.63,0.16,111.85
66761,1.119,0.690,9.552,-0.1702,-0.1026,-0.0891,7.66,-0.78,111.91
66770,1.305,1.148,9.872,0.2020,0.5109,0.0364,7.42,0.07,111.77
66780,1.282,1.343,9.957,0.5219,-0.4047,0.0428,7.91,-0.19,111.72
66791,1.388,1.627,9.595,-0.3768,0.1462,0.0571,8.06,-0.39,111.91
66801,1.354,1.082,9.949,-0.0456,0.5358,-0.0661,7.46,-0.02,112.06
66810,1.005,1.155,9.667,-0.1469,-0.0898,-0.0018,7.97,0.24,111.92
66821,0.916,1.144,9.633,-1.0251,-0.3532,-0.0080,7.25,-0.10,111.83
66831,0.981,0.849,9.390,-0.3031,-0.0171,-0.0628,6.78,-0.15,112.00
66841,1.117,1.014,9.521,0.1608,-0.0497,-0.0113,6.91,-0.08,111.88
66851,0.946,1.438,9.189,-0.1452,-0.2758,-0.0839,7.00,-0.23,111.80
66860,1.016,1.252,9.778,-0.4500,0.1924,0.0080,6.76,-0.42,111.82
66871,0.868,1.065,10.013,-0.7509,-0.0588,0.0591,6.52,-0.04,111.82
66881,0.551,0.891,9.906,-0.2466,0.2748,0.0153,5.88,-0.50,111.78
66890,0.946,1.060,10.035,-0.2096,0.2984,0.0347,6.21,0.29,111.89
66901,0.508,0.683,10.087,-0.9064,-0.7541,0.0607,5.66,-0.16,111.88
66910,0.414,0.835,10.489,-0.2357,-1.5204,-0.0037,5.18,-0.57,111.72
66920,0.394,0.724,10.588,-0.0887,-1.9608,0.0714,5.38,-1.95,111.93
66930,0.917,0.676,10.517,-0.3315,-2.4953,0.0203,5.09,-2.79,111.91
66941,0.978,0.662,10.764,-0.6254,-3.5441,-0.0440,5.02,-4.85,111.81
66950,0.810,0.579,11.567,-0.1486,-2.9842,-0.0255,4.36,-6.86,111.81
66960,1.524,0.863,12.014,-0.1612,-2.7017,0.0778,4.88,-8.27,111.87
66971,1.583,0.331,12.176,-0.9574,-2.2888,-0.0470,4.15,-9.94,111.74
66980,1.653,0.381,12.533,-1.2781,-2.4140,0.0836,3.75,-10.90,111.85
66991,1.655,0.360,12.920,-1.3592,-2.9525,-0.0451,2.71,-12.72,111.97
67001,1.850,0.704,13.549,-0.1936,-2.4898,0.0604,2.19,-14.30,111.93
67010,2.458,0.095,13.733,0.2110,-2.6585,0.0043,2.50,-15.55,111.76
67020,2.408,0.278,13.683,-0.2862,-2.7272,-0.0467,2.40,-17.34,111.81
67030,2.802,0.275,14.087,-1.0805,-2.3016,0.0493,2.17,-18.62,111.87
67041,3.392,0.229,13.450,-0.4989,-2.5263,0.0377,1.16,-20.00,111.92
67051,2.764,-0.028,13.030,-0.6943,-3.0024,-0.0121,1.60,-21.51,111.76
67061,3.260,-0.466,12.388,-1.2493,-3.0395,0.0584,0.33,-23.42,111.71
67070,3.646,0.040,12.214,-0.4774,-2.5795,0.1011,0.13,-24.98,111.75
67081,3.646,-0.067,11.308,0.0585,-2.9241,0.0812,-0.22,-26.39,111.84
67091,3.876,0.186,10.349,0.0887,-2.2010,0.0329,0.21,-28.30,111.89
67100,3.920,-0.325,9.845,0.1371,-1.0422,0.0421,-0.12,-28.89,111.87
67110,3.804,-0.095,9.936,-0.0559,0.8790,0.0147,0.37,-29.50,111.77
67121,3.576,-0.223,10.112,0.0929,2.3876,0.0016,-0.22,-27.89,111.85
67131,2.919,0.412,9.881,0.2328,1.9391,-0.0136,0.47,-26.72,111.93
67150,2.818,0.169,10.294,-0.0399,2.0104,-0.0005,-0.17,-24.34,111.90
67161,2.534,-0.301,10.595,0.3819,2.4089,0.0219,-0.01,-23.34,111.78
67170,2.511,0.102,10.817,-0.1780,2.4615,-0.1150,0.24,-21.58,111.88
67180,1.908,0.012,10.923,-0.3643,1.9320,0.0063,-0.17,-20.49,111.73
67190,2.339,-0.004,10.810,0.4111,2.0509,0.0201,-0.24,-19.39,112.01
67201,1.397,0.268,10.980,0.5520,1.8384,0.0106,0.29,-18.15,111.77
67211,1.445,-0.115,11.426,0.1018,1.7170,-0.0563,0.37,-17.26,111.67
67221,1.224,0.205,11.133,-0.6558,2.1505,0.0641,0.40,-16.16,111.77
67230,0.978,-0.303,11.547,-0.2395,2.2961,-0.0570,-0.38,-14.77,111.75
67241,0.842,0.280,11.441,0.5095,2.1006,-0.0023,0.11,-13.50,111.82
67251,0.528,0.188,11.582,-0.5243,2.2350,0.0171,0.19,-12.33,111.88
67261,-0.215,-0.061,11.043,-0.0369,2.0791,-0.0588,-0.47,-10.93,111.89
67271,0.157,0.978,11.308,0.5956,2.0293,-0.0174,0.14,-9.95,111.88
67281,0.056,-0.246,10.677,0.3924,2.4161,0.0463,0.19,-8.63,111.86
67291,0.037,-0.008,10.237,-0.4834,2.4468,0.0405,0.56,-7.19,111.80
67300,-0.442,0.089,10.154,-0.4818,2.0946,-0.0623,-0.33,-5.82,111.97
67310,-0.507,-0.130,9.846,0.9813,1.6173,-0.0196,-0.02,-4.80,111.89
67320,-0.826,-0.005,9.823,-0.2195,1.6809,-0.0370,0.78,-4.01,111.96
67330,-0.814,-0.111,9.205,-0.7788,0.8230,0.0113,-0.26,-2.88,111.96
67340,-0.628,-0.058,9.102,0.0932,1.2424,-0.0123,-0.16,-3.07,111.69
67350,-0.990,0.432,9.061,-0.2277,2.1907,-0.0135,-0.15,-1.43,111.89
67360,-1.457,-0.021,9.142,0.3434,1.3522,-0.0570,-0.45,-0.57,112.00
67370,-0.783,-0.413,8.439,1.0224,1.3035,0.0517,0.26,0.12,111.84
67381,-1.527,-0.001,8.049,-0.0400,1.8795,0.0927,0.73,0.93,111.73
67391,-1.386,0.190,7.744,-0.3793,1.3865,-0.0349,0.19,2.27,111.86
67400,-1.974,0.033,8.132,-0.5280,0.5496,-0.0067,0.28,2.50,111.54
67410,-1.586,-0.384,7.762,-0.3159,1.7037,0.0229,-0.42,2.90,111.80
67420,-1.960,-0.036,7.739,0.1588,2.1817,-0.0581,-0.08,4.45,111.70
67431,-1.931,0.141,7.664,-0.2679,0.9148,-0.0334,-0.24,5.43,111.98
67440,-2.094,-0.156,7.965,-0.2424,1.4497,0.0518,-0.37,5.50,111.86
67451,-1.916,0.073,7.822,0.4446,2.0138,0.1070,-0.50,7.07,111.89
67461,-1.973,0.230,7.773,0.1747,1.5984,0.0200,0.20,7.83,112.06
67470,-2.070,-0.275,7.911,-0.0026,2.1211,-0.0285,-0.31,8.91,111.82
67480,-2.335,-0.243,8.302,0.4285,1.7287,-0.0131,0.20,10.23,111.89
67491,-2.093,0.209,8.285,-0.1104,0.7658,0.0422,0.17,10.89,111.79
67501,-1.964,-0.094,8.747,-0.4189,0.5878,0.0219,0.10,11.10,111.94
67510,-2.358,0.380,8.985,0.3138,1.4477,0.0176,-0.33,11.54,111.83
67521,-2.475,-0.158,9.066,0.4850,1.9832,0.0344,0.43,12.79,111.96
67531,-2.541,0.351,9.186,0.0740,1.8863,0.0579,0.24,13.82,111.99
67541,-2.312,0.693,23.525,0.5925,-0.1443,0.0727,0.49,14.99,111.84
67550,-2.387,-0.067,21.890,0.5435,-2.4771,-0.1088,0.91,13.67,111.78
67560,-2.207,0.459,17.813,0.8877,-2.8042,0.0320,1.14,12.19,111.81
67570,-1.590,-0.250,14.336,0.8279,-2.3461,-0.0009,1.95,10.46,111.87
67581,-1.226,0.365,11.640,0.3900,-1.6290,0.0297,2.11,9.53,111.98
67591,-0.712,0.157,10.644,0.5708,-2.5055,0.0183,2.43,8.59,111.76
67601,-0.596,0.400,10.037,0.9123,-2.4637,0.0760,2.79,6.61,111.93
67611,-0.600,0.453,9.117,1.0373,-2.3073,-0.0802,3.51,5.78,111.88
67621,-0.429,0.936,9.741,0.3722,-2.9722,-0.0097,3.98,3.92,112.01
67630,0.589,0.655,9.869,0.8379,-2.2894,0.0420,3.89,2.38,112.00
67640,0.543,0.456,9.579,1.5766,-1.6743,0.0653,4.94,1.29,111.80
67651,0.522,1.275,10.075,0.5877,-0.9124,-0.0309,5.69,0.45,111.77
67661,1.048,1.293,9.601,1.0105,-0.5260,-0.0214,5.58,0.28,111.90
67671,0.823,1.104,9.486,0.6446,-0.1292,-0.0046,6.86,-0.13,111.83
67681,1.092,0.775,9.242,0.2095,0.0641,-0.0649,6.32,0.14,111.80
67690,1.378,1.206,9.701,1.2131,-0.2647,-0.0347,7.08,-0.05,111.92
67700,1.709,1.101,9.926,0.8290,0.3178,-0.0196,7.69,-0.13,111.73
67711,1.212,1.687,9.201,0.4072,-0.3703,0.0793,8.04,0.34,111.89
67720,1.474,1.531,9.912,0.3128,-0.3912,-0.0287,8.19,-0.55,111.94
67730,1.513,1.414,9.880,0.5658,0.5183,0.0044,8.40,-0.06,111.94
67740,1.982,1.362,9.488,0.0932,0.1633,-0.0426,8.81,0.02,111.66
67751,1.627,1.386,9.515,0.2473,-0.1761,-0.0495,8.53,0.13,111.89
67760,1.539,1.256,9.116,0.5295,0.0960,-0.0304,9.08,-0.17,111.77
67770,1.593,1.946,9.768,0.6400,0.1582,0.0267,9.14,0.23,111.74
67781,1.146,1.423,9.458,1.0205,-0.7148,-0.0149,9.81,0.05,111.88
67791,1.608,1.619,9.589,0.0597,-0.3029,-0.0460,10.33,-0.58,111.72
67801,1.579,1.698,9.884,-0.1397,0.0892,0.0458,9.87,-0.31,111.86
67810,1.739,1.233,9.346,0.8673,0.4905,-0.0034,10.19,-0.48,111.88
67821,1.285,1.904,9.695,0.1613,0.3123,0.0832,10.86,0.22,111.71
67830,1.459,1.375,9.266,-0.2012,-0.3942,0.0436,10.38,-0.15,111.89
67841,1.299,1.632,9.334,0.2119,-0.0162,0.1304,10.58,-0.22,111.91
67851,0.990,2.032,9.519,0.1151,-0.0401,0.0029,10.62,-0.17,111.75
67860,0.965,1.784,9.911,-0.4671,-0.1074,-0.0315,10.68,-0.26,111.89
67871,1.653,1.466,9.371,0.1429,0.2763,0.0536,10.09,-0.27,111.84
67881,1.424,1.686,9.664,0.5560,-0.1383,0.0310,10.84,0.02,111.87
67890,1.471,1.894,9.776,-0.7913,-0.0106,-0.0275,10.72,-0.41,111.79
67900,1.316,0.956,9.456,0.2423,0.4206,0.0122,9.92,0.02,111.93
67911,1.358,1.921,10.097,0.2959,0.4416,0.0269,10.98,0.05,111.81
67920,1.673,1.744,9.571,-1.0894,-0.2485,-0.0299,10.26,0.50,111.83
67930,1.214,2.042,9.966,-0.2677,0.0427,-0.1288,9.75,-0.23,111.73
67941,1.209,1.965,9.508,0.2329,0.9234,-0.0281,9.97,0.56,111.92
67950,0.966,1.793,9.666,-0.4538,-0.3189,0.0493,10.05,0.84,111.82
67960,1.437,1.907,9.680,-0.4390,-0.8756,-0.1306,9.42,0.20,111.81
67970,0.666,1.844,9.329,-0.2676,-0.2628,-0.0152,9.59,-0.17,111.77
67981,1.031,1.410,10.071,-0.3605,0.1614,-0.0015,9.11,-0.10,112.03
67990,0.838,1.726,9.618,-0.4052,0.1754,-0.0559,9.16,-0.04,111.78
68001,0.220,1.636,9.948,-0.6010,-0.2103,-0.0379,8.59,0.11,111.84
68010,0.656,1.457,10.117,-0.3149,-0.1143,0.0621,8.45,-0.28,111.83
68021,0.539,1.579,10.037,-0.6125,0.0799,-0.0501,8.23,-0.00,111.86
68030,0.379,1.142,9.823,-0.6253,-1.0983,0.0373,7.73,-0.17,111.92
68040,0.559,1.483,10.117,-0.7060,-2.2576,0.0291,7.49,-1.27,111.94
68051,0.741,1.263,10.416,-0.7722,-2.2234,0.0244,6.92,-2.72,111.84
68061,1.257,1.569,10.913,-0.3134,-2.3761,-0.0876,6.63,-3.83,111.95
68071,1.044,1.169,11.193,-0.9222,-2.9400,-0.0586,6.56,-5.47,111.91
68080,1.224,1.167,11.069,-0.9901,-3.3750,0.0729,5.56,-7.22,111.82
68091,1.166,0.994,11.666,-1.2451,-3.3317,0.0346,5.41,-9.33,111.84
68100,1.713,1.060,12.238,-0.9518,-2.3241,-0.0439,4.15,-11.06,111.71
68111,1.599,0.757,12.812,-0.0106,-1.9170,-0.0787,4.35,-12.00,111.77
68121,2.229,0.629,13.367,-0.6806,-3.0246,0.0019,4.14,-13.25,111.91
68130,2.297,0.619,13.312,-1.2692,-3.0087,-0.0926,3.57,-15.44,111.78
68141,2.532,0.291,13.911,-0.9453,-2.6205,-0.0464,2.70,-16.73,111.87
68151,2.171,0.206,13.265,-0.6773,-3.2535,-0.0096,2.49,-18.46,111.86
68161,2.878,0.605,13.019,-0.7114,-2.9547,-0.0761,1.91,-20.46,111.68
68171,2.913,-0.186,12.684,-0.6597,-2.8314,-0.0021,1.68,-21.85,111.93
68181,3.214,0.395,12.507,-1.2511,-2.8072,-0.0259,1.14,-23.73,111.86
68190,3.399,0.050,11.810,-0.4499,-2.3179,-0.0247,0.23,-25.06,111.88
68201,3.075,-0.002,10.825,-0.4533,-2.8365,0.0754,0.67,-26.37,111.77
68211,3.019,0.287,9.801,-0.3069,-2.8962,-0.0085,-0.31,-28.31,111.89
68220,3.600,0.119,10.029,0.1867,-0.2824,-0.0120,0.29,-29.68,111.84
68231,3.602,0.364,9.604,-0.0096,1.5467,0.0111,-0.10,-28.65,111.70
68240,3.781,0.366,9.294,0.5019,2.1790,0.0369,0.28,-27.90,111.90
68251,3.120,0.067,9.798,0.0109,2.1686,0.0147,0.50,-26.16,111.78
68260,2.959,-0.011,10.856,-0.3844,2.8238,-0.0188,0.31,-25.43,111.76
68271,2.635,-0.065,10.369,-0.1709,2.6447,0.0094,0.07,-22.90,111.71
68281,2.299,0.252,10.718,-0.1210,1.3970,0.0682,0.10,-22.38,111.86
68290,2.368,0.626,10.620,-0.1760,2.1272,-0.0334,-0.10,-21.29,111.90
68301,2.328,0.014,11.419,0.3916,1.7918,-0.0527,-0.10,-19.94,111.93
68310,2.301,0.005,11.358,0.0430,2.7177,-0.0805,0.32,-19.25,111.81
68321,1.244,0.208,11.568,-0.1703,2.2582,0.0043,-0.06,-16.82,111.83
68331,1.178,0.623,11.852,0.4198,1.5288,0.0130,0.13,-16.64,111.70
68340,0.942,0.355,11.645,0.0414,2.7477,0.0116,0.44,-15.08,111.83
68351,0.859,-0.073,11.483,-0.6612,1.7724,-0.0494,0.15,-13.50,111.71
68361,0.444,0.141,10.979,-0.3981,2.2038,-0.0283,-0.30,-13.05,111.75
68370,0.368,-0.165,11.452,-0.0621,2.6599,-0.0704,-0.29,-11.03,111.92
68380,-0.024,-0.085,10.981,-0.0018,2.1831,0.0123,-0.39,-9.99,111.78
68390,-0.103,-0.012,11.015,0.1570,2.2805,-0.1278,-0.30,-8.49,111.85
68400,-0.207,-0.214,10.102,0.3851,2.4451,0.0131,-0.24,-7.34,111.82
68410,-0.185,0.514,10.372,-0.0647,2.5454,0.0081,0.14,-5.64,111.90
68421,-0.542,-0.152,10.181,-0.2790,1.5057,0.0073,-0.27,-4.44,111.77
68430,-0.654,-0.112,9.522,-0.2306,1.1489,0.1224,-0.15,-3.93,111.97
68441,-0.519,-0.594,9.945,-0.1167,1.7176,-0.0651,-0.55,-3.12,111.82
68451,-1.046,0.210,9.409,0.4279,1.7645,0.1245,-0.30,-1.98,111.87
68461,-1.049,0.234,9.006,0.3385,1.3643,-0.0382,-0.07,-1.11,111.88
68470,-1.548,0.152,8.904,0.3746,1.4410,0.0022,0.03,-0.42,111.75
68480,-0.887,-0.162,8.521,-0.0437,1.1042,-0.0659,0.36,0.52,111.86
68491,-1.293,0.481,8.268,0.0972,1.7831,0.0338,-0.03,0.88,111.76
68501,-1.325,0.203,8.278,-0.4678,2.0373,-0.0673,0.47,2.53,111.85
68510,-2.085,0.197,8.213,-0.1465,1.0218,0.0435,-0.57,3.24,111.74
68520,-1.733,0.019,8.013,0.4347,1.3678,-0.0351,0.31,3.70,111.76
68530,-1.767,-0.102,7.956,0.0057,1.4881,0.0545,-0.09,4.82,111.76
68540,-1.917,0.254,7.958,0.4099,1.3919,-0.0267,0.31,5.43,111.83
68550,-2.016,-0.060,7.989,-0.1363,2.1860,-0.0264,0.37,6.41,111.84
68560,-2.249,0.303,8.157,-0.5390,1.7921,-0.0346,0.17,7.91,111.91
68571,-2.291,0.231,8.290,-0.0873,1.5392,0.0231,-0.25,8.49,111.93
68580,-2.208,0.058,7.778,0.4286,1.6316,-0.0440,0.08,9.66,111.88
68590,-2.123,0.359,8.100,-0.2175,1.4663,-0.0833,0.27,10.36,111.74
68600,-2.592,-0.108,8.174,-0.0897,1.8551,-0.0161,-0.20,11.34,111.90
68610,-2.151,-0.110,8.181,0.4405,1.4638,-0.0282,0.19,12.47,111.89
68621,-2.499,0.052,9.069,-0.1491,1.7473,0.0014,0.29,13.04,111.78
68630,-2.739,0.140,9.042,-0.5117,1.4324,0.0237,0.05,14.48,111.85
68641,-2.173,-0.043,23.495,0.1672,-0.6009,0.0371,-0.27,14.68,111.90
68651,-2.609,0.129,21.772,0.9009,-2.2731,0.0138,0.23,13.77,111.87
68661,-1.856,0.005,17.369,1.0892,-2.9537,0.0718,0.76,12.07,111.76
68670,-1.413,0.147,13.651,0.6829,-2.6514,0.0122,1.48,10.35,111.91
68680,-0.857,0.341,11.274,0.1742,-1.8173,-0.0411,1.54,9.03,111.81
68691,-0.763,0.086,10.190,0.9815,-2.0068,-0.0252,1.72,8.24,111.71
68701,0.196,0.133,10.069,1.0726,-3.3893,0.0817,2.71,6.72,111.99
68710,0.032,0.824,9.384,0.6245,-3.1110,-0.0307,2.92,4.34,111.69
68721,0.565,0.699,9.591,0.1147,-1.7689,-0.0014,3.41,3.16,111.82
68731,0.549,0.254,9.587,-0.0341,-1.6905,0.0275,3.03,2.29,111.86
68740,0.472,0.362,9.830,1.1188,-2.4779,0.0402,3.40,1.19,111.78
68750,1.219,0.756,9.724,0.9433,-1.5441,-0.0169,4.29,-0.56,111.63
68761,0.817,0.568,9.718,-0.2369,0.4179,-0.0970,4.50,-0.59,111.85
68770,1.556,0.776,9.634,0.5286,0.2462,-0.0354,4.04,-0.13,111.75
68780,1.084,0.675,9.907,0.9565,0.0056,-0.0570,5.14,-0.34,111.83
68790,1.512,1.325,10.383,0.7028,0.2988,0.0363,5.12,-0.16,111.88
68801,1.243,1.175,9.406,0.9260,0.1484,0.0121,5.94,0.04,111.82
68810,1.167,1.030,9.704,0.3086,-0.0191,0.0155,6.15,0.00,111.79
68821,1.076,1.167,9.947,-0.0910,-0.0930,0.0334,6.31,0.02,111.85
68830,1.398,1.021,9.730,0.5238,-0.4264,-0.0091,6.07,-0.12,111.94
68840,1.281,1.045,9.871,0.1034,0.5638,0.1004,6.92,-0.47,111.75
68850,0.913,0.982,9.427,-0.1563,0.4347,-0.0240,6.23,0.53,111.84
68861,1.387,1.146,9.811,0.4457,-0.9303,0.0393,6.75,0.03,111.75
68870,1.605,0.976,9.935,-0.1617,-0.1492,-0.0970,6.70,-0.52,111.72
68881,1.563,1.309,10.091,0.4907,0.7069,0.1101,6.56,-0.11,111.74
68891,1.335,1.337,9.477,1.0031,0.2451,0.0086,7.25,0.30,111.74
68900,1.249,1.183,9.879,0.3353,-0.4237,0.0195,7.72,0.18,111.69
68910,1.467,1.150,9.876,0.4248,-0.2693,-0.0230,7.64,-0.18,111.89
68921,1.480,1.271,9.623,-0.2987,0.0574,-0.0164,8.19,-0.17,111.78
68930,1.107,1.103,9.996,-0.3960,0.0273,0.0306,7.34,-0.13,111.98
68941,1.319,1.253,9.765,0.3649,0.2649,-0.0294,7.76,-0.10,111.92
68951,1.629,1.255,10.212,0.3309,0.3550,0.0390,7.74,0.15,111.69
68961,1.373,1.119,9.796,0.0829,-0.1433,0.0233,8.12,0.31,111.89
68971,1.657,1.697,9.750,0.0451,-0.8157,-0.0938,7.82,0.01,111.84
68980,1.367,1.677,9.802,0.0992,0.3507,0.0136,8.16,-0.64,111.70
68990,1.594,1.859,9.448,-0.0949,0.5916,0.0106,7.99,0.45,112.03
69001,0.991,1.114,9.959,-0.7930,-0.2503,0.0589,8.10,0.06,111.81
69011,1.445,1.461,9.961,-0.3132,-0.1114,-0.0387,7.09,0.17,111.78
69020,1.228,1.577,9.897,0.2344,-0.4270,0.0356,7.74,-0.07,111.74
69030,1.393,1.386,9.334,-0.2279,0.0060,-0.0477,7.36,-0.36,111.77
69040,1.489,1.397,9.745,-0.2528,0.4765,0.0227,7.48,-0.05,111.93
69061,1.238,1.268,9.985,-0.2663,0.2302,-0.0174,7.42,-0.18,111.86
69071,0.606,1.483,9.861,-0.3376,-0.3000,0.0412,6.78,0.47,111.75
69081,1.256,1.026,9.645,-0.1155,-0.4509,-0.0222,7.08,-0.51,111.77
69090,0.734,1.440,10.052,-0.6822,0.5986,-0.0488,6.67,-0.08,111.74
69101,0.593,1.572,9.836,-0.4356,-0.2575,0.0046,6.28,0.16,111.82
69110,0.957,1.201,9.891,-0.5909,-0.5937,0.0059,6.14,-0.37,111.79
69121,0.825,0.987,9.846,-0.8521,-0.5978,-0.0084,5.60,-0.49,111.78
69130,0.766,1.111,9.988,-0.6113,-1.4236,0.0115,5.15,-1.06,111.72
69140,0.508,0.831,10.699,0.1150,-2.6058,-0.0656,4.86,-2.11,111.74
69151,1.259,1.170,10.412,-0.3989,-3.0506,-0.0909,5.25,-4.05,111.83
69161,1.400,0.627,11.037,-0.7274,-2.0253,0.0116,4.41,-5.58,111.74
69171,0.963,0.714,11.606,-0.4765,-2.8121,0.0300,4.42,-6.36,111.80
69181,1.522,0.464,11.968,-0.5921,-3.3570,0.0290,3.87,-8.76,111.91
69190,1.428,1.126,12.141,-0.3352,-3.0965,0.0242,3.75,-10.21,111.88
69201,2.115,0.695,12.927,-0.6099,-3.2181,0.0564,3.47,-12.27,111.80
69210,2.546,0.460,13.101,-0.3879,-2.4483,0.0213,3.06,-13.91,111.87
69220,2.878,0.685,13.718,-1.0792,-2.1667,-0.0182,3.02,-15.06,111.77
69231,2.340,0.511,13.444,-1.4343,-3.2357,-0.0142,1.84,-16.34,111.92
69241,2.729,0.463,13.627,-0.0076,-3.8615,0.0238,1.39,-18.75,111.76
69250,2.690,0.209,12.927,-0.5346,-2.4254,-0.0646,1.84,-20.75,111.84
69260,2.807,0.420,13.067,-1.1034,-2.2162,-0.0671,0.81,-21.55,111.91
69271,3.411,-0.155,12.295,0.1929,-3.0432,0.0173,0.55,-23.27,111.95
69281,3.291,0.278,11.898,-0.2553,-3.3884,0.0248,1.05,-25.01,111.83
69291,3.461,-0.083,11.381,-1.6583,-2.8535,0.0677,0.27,-27.19,111.83
69300,3.870,-0.428,10.553,-0.0120,-2.5896,-0.0728,-0.83,-28.28,111.84
69310,3.942,0.671,10.101,0.7851,0.3252,-0.0013,0.23,-30.19,111.84
69320,3.539,-0.185,9.737,-0.7202,2.2521,0.0109,0.09,-27.92,111.84
69330,3.214,-0.224,9.881,0.2087,1.9215,0.0054,-0.63,-27.61,111.93
69340,2.730,-0.180,10.225,0.8121,2.5209,0.0414,0.31,-25.76,111.85
69351,2.693,-0.014,9.910,-0.4979,1.6689,-0.0160,0.32,-24.70,111.88
69361,3.247,-0.254,10.379,-0.2027,1.8885,-0.0479,-0.31,-23.83,111.77
69371,2.458,-0.145,11.073,0.4399,2.8148,0.0373,0.11,-22.55,111.87
69380,2.169,-0.007,11.074,-0.3346,2.0791,-0.0178,0.20,-20.55,111.75
69390,1.964,-0.054,11.429,-0.2566,1.7652,0.0250,-0.28,-20.15,111.88
69401,1.928,0.248,11.162,0.4564,2.4694,-0.0019,-0.11,-18.58,111.76
69411,2.053,0.319,11.563,0.2642,2.5417,0.0187,0.23,-17.34,111.89
69421,1.605,0.251,11.251,-0.2400,2.5022,-0.0425,0.20,-15.66,111.92
69431,1.156,0.143,11.529,-0.5487,1.3952,0.0270,-0.06,-14.44,111.78
69441,0.951,-0.182,11.778,-0.1921,2.3259,-0.0501,-0.39,-14.06,111.90
69451,0.253,-0.228,11.625,0.4597,2.9345,-0.0434,-0.28,-11.77,111.81
69461,0.254,-0.029,10.695,0.0648,1.2789,0.0257,0.11,-10.69,111.68
69471,0.654,-0.244,10.702,0.2997,1.7572,0.0165,-0.24,-10.30,111.89
69480,0.015,0.073,10.585,0.1803,3.2422,0.0415,0.42,-8.69,111.65
69491,-0.421,-0.002,10.595,-0.7393,3.0461,0.1020,-0.04,-6.56,112.01
69500,-0.691,-0.015,10.456,-0.8070,2.1700,0.0395,-0.42,-5.19,111.82
69511,-0.731,-0.486,9.901,0.3753,1.4273,-0.0706,-0.98,-4.05,111.90
69521,-0.926,0.130,9.742,1.0628,1.6436,0.0468,0.01,-3.53,111.86
69531,-0.548,-0.026,9.357,-0.0905,1.3978,-0.0309,0.19,-2.17,111.89
69541,-0.892,-0.157,8.916,-0.2259,1.1937,0.0723,-0.08,-1.93,111.80
69551,-0.684,-0.364,8.699,-0.1555,1.3504,0.0511,-0.09,-0.78,111.82
69561,-1.246,0.075,8.594,-0.0877,1.3224,-0.0037,-0.24,-0.36,111.92
69571,-1.359,0.318,7.956,-0.1145,2.1255,0.0457,-0.21,0.77,111.92
69581,-1.663,0.092,8.375,0.4256,2.2277,0.0740,-0.31,2.09,111.91
69591,-1.647,0.333,8.073,0.1773,1.6589,-0.0868,0.30,3.35,111.83
69601,-1.366,-0.382,7.612,-0.1769,1.2825,0.0981,-0.13,3.98,111.84
69611,-2.174,-0.286,7.970,0.2493,1.2191,-0.0907,0.08,4.79,111.83
69620,-1.805,-0.036,7.682,0.5320,1.4951,0.0490,0.11,5.38,111.86
69630,-1.913,0.542,7.883,-0.1927,1.7131,-0.0371,0.70,6.50,111.82
69640,-2.203,0.015,8.180,-0.6415,2.0637,-0.0294,-0.07,7.35,111.77
69650,-2.115,-0.172,7.759,0.3681,1.3516,0.0344,-0.01,8.87,111.91
69660,-1.951,0.071,8.082,0.3105,1.0962,0.0024,0.35,8.89,111.85
69670,-2.040,-0.276,8.045,0.0210,2.0782,0.0233,0.34,10.12,111.62
69680,-2.225,0.198,8.372,-0.3218,1.7519,-0.0136,0.38,11.29,112.02
69690,-2.364,0.054,8.494,-0.7357,1.3629,0.0255,-0.03,12.16,111.83
69700,-2.282,-0.251,8.709,-0.1393,1.5546,0.0264,-0.46,12.86,111.88
69710,-2.430,0.019,9.073,-0.2779,1.6545,-0.0750,-0.20,13.93,111.78
69721,-2.910,-0.264,9.488,0.0459,-0.3687,-0.0120,-0.78,14.73,111.84
69731,-2.705,-0.509,24.128,1.9542,-2.2077,-0.0302,-0.11,13.46,111.90
69741,-1.681,0.289,20.046,1.4757,-2.8051,0.0027,1.46,12.21,111.82
69751,-1.531,0.057,15.279,0.0772,-2.4482,0.0293,1.53,10.27,111.77
69760,-1.056,0.568,12.496,0.3642,-1.9098,0.0225,1.54,9.42,111.86
69770,-0.860,0.163,10.911,0.6245,-2.9318,0.0446,1.93,8.07,111.84
69781,-0.553,0.638,10.152,0.6658,-2.9094,0.0131,2.27,6.07,111.74
69791,0.190,0.389,10.012,1.0954,-2.5309,0.0216,2.69,4.74,111.88
69801,0.273,0.812,10.523,1.1533,-2.5464,-0.0088,3.48,3.18,111.86
69810,0.694,0.956,9.851,0.5900,-2.7602,-0.0573,4.03,1.83,111.88
69820,0.916,0.901,9.380,0.7897,-1.6059,0.0716,4.13,0.02,111.99
69830,0.837,0.762,9.797,0.0165,-0.0495,0.0470,4.93,-0.00,111.91
69840,0.959,0.371,9.322,0.5401,-0.0310,-0.0557,4.17,-0.08,111.84
69851,0.767,0.619,9.629,1.7610,-0.0507,-0.1326,5.57,-0.05,111.76
69861,1.591,1.139,9.883,0.5163,-0.3388,0.0883,6.19,-0.17,111.71
69871,1.157,1.058,9.945,-0.1365,0.0844,-0.0129,6.15,-0.41,111.93
69881,0.971,0.667,9.868,0.2914,0.4138,-0.0226,6.04,-0.04,111.76
69890,1.326,1.059,9.464,0.3632,-0.1383,0.0271,6.43,0.09,111.92
69901,1.599,1.069,9.817,0.3719,0.0519,0.0832,6.45,-0.21,111.77
69911,1.146,1.226,10.122,0.2928,-0.1440,-0.0411,6.82,0.16,111.80
69921,1.352,1.248,9.676,0.7311,0.1235,0.0667,6.80,-0.36,111.79
69930,1.450,1.636,10.038,0.7499,0.4938,-0.0245,7.64,0.29,111.88
69941,1.472,1.308,9.505,0.3839,-0.9092,0.0494,7.64,0.24,111.76
69951,1.408,1.357,10.029,0.5635,-0.2933,-0.0735,8.07,-0.76,111.79
69960,1.450,1.198,9.279,0.1854,0.8936,-0.0478,8.30,-0.10,111.82
69971,1.536,1.950,9.678,-0.1443,-0.3206,0.0800,8.33,0.28,111.77
69981,1.483,1.669,9.805,-0.1208,-0.1822,-0.0180,8.12,-0.41,111.81
69991,1.505,1.188,9.633,0.4259,0.4935,-0.0489,8.20,0.07,111.79
70000,1.216,1.622,9.544,0.1064,-0.0446,0.0501,8.61,0.15,111.77
70011,1.447,1.579,9.641,0.1470,-0.0285,0.0461,8.30,0.01,111.69
70021,1.230,1.534,9.648,0.4829,-0.0796,0.0639,8.77,0.13,111.91
70031,1.294,1.967,10.027,-0.1238,-0.0593,-0.0590,8.84,-0.08,111.75
70040,1.650,1.358,10.165,-0.1812,0.0141,-0.0279,8.62,0.07,111.88
70051,1.380,1.450,9.978,-0.1185,-0.1686,0.0746,8.64,-0.05,111.80
70061,1.154,1.404,9.796,0.0170,0.1057,-0.0984,8.47,-0.10,111.87
70070,0.909,1.629,9.744,-0.2096,-0.0432,-0.0956,8.65,0.06,111.73
70080,1.178,1.440,9.732,-0.3909,-0.3484,-0.0579,8.23,-0.14,111.74
70090,0.851,1.592,9.628,0.4878,0.2900,0.0440,8.20,-0.33,111.87
70100,1.411,1.897,9.398,-0.4536,0.5260,0.0824,8.78,0.22,111.90
70111,0.814,1.162,9.829,-1.0108,0.0106,-0.0035,7.64,0.25,111.89
70121,0.632,0.998,10.038,0.0467,-0.2073,-0.0185,7.67,0.24,111.72
70130,1.020,0.980,9.860,-0.4308,-0.0809,0.0539,7.71,0.01,111.81
70141,0.798,1.274,9.857,-0.4972,0.2260,0.0177,7.17,0.12,111.76
70151,0.670,1.559,9.676,-0.3156,-0.2177,0.0343,7.15,0.25,111.79
70161,0.599,0.823,10.028,-0.4409,0.0196,0.0310,6.85,-0.17,111.86
70171,0.400,1.167,10.088,-0.3592,0.3896,-0.0082,6.65,0.26,111.90
70181,0.514,0.663,10.012,-0.1484,-0.7929,0.0250,6.42,0.26,111.87
70191,0.290,1.193,10.550,-0.5243,-2.6667,0.0284,6.49,-0.67,111.81
70200,0.838,1.263,10.925,-0.9341,-3.4100,0.0076,5.82,-2.76,111.88
70210,0.515,0.764,10.804,-0.5757,-3.5243,-0.0273,5.46,-4.59,111.89
70220,1.022,1.329,12.072,-0.7885,-3.3539,0.0528,5.19,-6.78,111.83
70230,1.551,1.036,11.865,-0.4602,-2.5513,0.0267,4.58,-8.48,111.88
70240,1.504,1.139,12.418,-0.9299,-2.8386,-0.1001,4.67,-9.69,111.69
70251,1.621,0.573,13.299,-1.2067,-3.4714,-0.0348,3.53,-11.76,111.86
70261,2.077,0.879,14.117,-0.3767,-3.0772,0.0318,3.28,-13.69,111.89
70270,2.024,0.524,14.189,-0.6937,-2.3001,-0.0867,3.11,-15.30,111.79
70281,2.565,-0.374,13.961,-1.0592,-2.9340,0.0081,2.50,-16.33,111.95
70290,2.679,0.226,13.788,-0.9142,-3.3261,0.0267,1.89,-18.66,111.87
70301,2.630,0.124,13.779,-0.6221,-2.5429,0.1015,1.49,-20.15,111.78
70310,2.611,0.291,13.523,-0.9096,-2.8431,0.0198,1.18,-21.55,111.87
70321,3.238,-0.338,12.935,-0.9328,-3.0755,0.0198,0.42,-23.41,111.85
70330,3.148,-0.246,12.142,-0.4187,-3.2343,-0.0230,0.12,-25.08,111.88
70340,3.567,0.002,11.118,-0.3045,-3.0313,-0.0286,-0.09,-27.12,111.86
70351,4.026,0.181,10.105,0.3035,-2.4919,-0.0149,-0.23,-28.49,111.87
70361,3.733,-0.180,10.373,0.0899,0.4343,0.0123,0.25,-29.99,111.80
70370,3.089,0.029,10.360,-0.0916,2.6574,0.0824,-0.18,-28.00,111.81
70380,3.008,0.115,10.306,-0.2725,1.8604,0.0319,0.19,-26.96,111.82
70390,2.726,-0.110,9.871,-0.1495,2.7697,0.0175,-0.46,-25.87,112.00
70400,2.831,0.106,10.661,0.8112,2.4598,0.0073,0.03,-23.80,111.87
70410,2.321,0.021,10.698,-0.2115,2.0550,0.0095,0.48,-23.06,111.88
70420,2.336,0.171,10.887,0.0379,2.2580,0.0443,-0.19,-21.47,111.84
70431,2.067,-0.016,11.240,0.6098,2.1025,-0.0134,0.51,-20.49,111.93
70440,1.765,-0.004,11.337,-0.3573,2.3890,-0.0668,0.51,-19.05,111.88
70450,1.313,0.108,11.250,-0.5033,2.4917,-0.0725,0.12,-17.77,111.83
70460,1.195,0.225,11.551,0.0848,2.4699,-0.0347,-0.05,-16.21,111.90
70471,0.930,0.145,11.579,-0.5140,2.4862,0.0071,0.22,-14.93,111.86
70481,0.336,-0.234,11.539,-0.1269,2.3799,-0.1276,-0.64,-13.34,111.90
70490,0.779,0.145,11.448,0.8257,2.0380,0.0130,0.05,-12.21,111.85
70500,0.569,-0.093,10.758,0.0083,2.2367,0.0492,0.30,-11.02,111.82
70510,0.517,-0.601,11.438,-0.3360,2.8888,-0.0064,0.11,-9.65,111.70
70521,-0.333,0.197,10.955,0.0158,2.0775,0.0199,-0.08,-7.73,111.98
70531,0.255,-0.310,10.330,-0.0197,2.3969,0.0839,0.12,-7.25,111.84
70541,-0.525,-0.041,10.533,-0.2290,2.2395,-0.0116,-0.13,-5.00,111.85
70550,-0.621,0.013,10.062,0.2360,1.7592,-0.0344,-0.13,-4.68,111.79
70560,-1.094,-0.141,9.498,0.0813,1.5184,-0.0203,0.14,-2.98,111.81
70570,-0.494,-0.122,9.351,-0.2143,1.5494,0.0566,-0.04,-2.98,111.85
70581,-1.060,-0.322,9.101,-0.3333,2.2524,-0.0194,-0.10,-1.21,111.84
70590,-1.334,-0.334,9.194,0.4561,1.7175,-0.0147,-0.46,-0.38,111.81
70601,-1.250,-0.031,8.387,0.1139,1.7217,0.0075,0.39,0.78,111.89
70610,-1.112,-0.192,7.852,-0.5570,1.7690,0.0570,-0.33,1.60,111.87
70620,-1.806,-0.198,8.224,0.3391,1.4064,0.0200,-0.23,2.77,111.60
70631,-1.232,-0.182,8.570,0.2207,1.8809,0.0766,0.05,3.23,111.67
70641,-1.379,-0.100,7.763,-0.3860,1.5857,-0.0469,-0.03,4.91,111.72
70650,-1.509,-0.002,7.618,-0.1184,1.9889,0.0352,-0.41,5.02,111.74
70661,-1.976,-0.025,7.929,0.3463,1.9203,0.0453,-0.16,7.18,111.92
70670,-2.042,0.206,7.920,0.4747,1.0501,0.0488,-0.07,7.18,111.80
70681,-2.220,0.593,8.620,-0.1560,1.6685,0.0647,0.36,8.38,112.00
70690,-2.178,0.129,8.060,-0.5615,1.6447,0.0834,-0.24,9.08,111.92
70700,-2.505,-0.248,8.716,0.2625,1.5838,-0.1060,-0.29,10.29,111.79
70711,-2.378,0.249,8.687,0.1044,1.8306,0.0448,0.06,10.90,111.74
70720,-2.339,-0.636,8.698,-0.2869,2.0811,-0.0144,-0.16,12.40,111.79
70730,-2.138,0.202,8.972,0.2852,1.6667,0.0329,-0.28,13.29,111.73
70741,-2.398,0.034,9.262,0.2556,1.5443,-0.0076,0.15,14.32,111.97
70751,-2.326,0.107,23.055,0.2561,-0.7578,-0.0683,0.04,15.07,111.86
70760,-2.337,0.654,20.954,1.0680,-2.4390,0.1028,0.49,13.47,111.78
70771,-1.912,0.261,17.968,0.7447,-2.2629,0.0034,1.25,12.29,111.87
70781,-1.184,0.253,13.370,0.3247,-2.6484,0.0227,1.36,10.88,111.99
70790,-1.874,-0.079,11.271,0.2878,-1.9314,0.0762,1.62,9.28,111.82
70801,-0.391,0.281,10.296,0.5520,-1.7811,0.0318,1.70,8.65,111.81
70810,-0.566,0.262,9.914,0.9858,-2.4223,0.0410,2.20,7.28,111.92
70820,-0.434,0.619,9.820,0.8460,-3.0025,-0.0280,2.83,5.85,111.84
70831,0.335,0.494,9.691,0.4537,-2.5220,-0.0001,3.22,3.86,111.87
70840,0.138,0.383,9.660,0.6855,-2.1316,-0.0619,3.36,2.96,111.96
70850,0.517,0.689,9.422,0.8899,-2.2935,0.0043,4.01,1.45,111.86
70861,1.044,0.916,9.205,0.3096,-1.3464,-0.0144,4.40,0.36,111.93
70870,0.916,0.962,9.559,0.5433,-0.4221,-0.0310,4.37,-0.10,111.88
70880,1.085,0.709,9.378,0.6215,0.1382,-0.0107,5.03,-0.12,111.85
70890,0.945,1.044,9.210,0.3461,0.1993,0.0557,5.09,0.07,111.88
70901,1.312,1.311,9.770,1.2704,0.0855,-0.0389,5.40,0.10,111.80
70911,1.267,1.491,9.811,1.0872,0.2324,0.0393,6.53,0.17,111.83
70921,0.975,1.530,9.720,-0.3214,0.5754,0.0888,6.68,0.37,111.83
70930,0.891,1.106,9.938,0.0360,-0.3349,0.0405,6.17,0.83,111.80
70941,1.610,1.138,10.083,0.9700,-0.2913,0.0379,6.72,-0.05,111.82
70950,1.118,0.695,9.667,0.5864,-0.1219,0.0464,7.30,0.49,111.80
70961,1.386,1.364,9.301,0.4245,-0.7644,0.0398,7.43,-0.17,111.75
70971,1.614,1.380,9.881,0.4803,0.1744,-0.0328,7.80,-0.35,111.91
70981,1.049,1.525,9.558,0.4581,0.5074,-0.0005,8.01,-0.01,111.82
70990,1.597,1.595,9.602,-0.0714,-0.1601,-0.0302,8.34,0.21,112.02
71000,1.590,1.316,9.844,0.1919,-0.4570,-0.0073,7.92,-0.19,111.77
71011,1.468,1.355,9.328,0.7833,0.3025,0.0588,8.54,-0.32,111.88
71020,1.471,1.436,9.466,-0.0890,0.3251,0.0188,8.80,0.17,111.90
71030,1.360,1.348,9.369,0.1857,-0.4543,0.0502,8.44,0.07,111.85
71041,1.830,1.737,9.270,0.8344,0.0652,0.0572,9.00,-0.36,111.76
71050,1.250,1.316,9.712,-0.0740,0.4569,0.0268,9.38,0.11,111.90
71061,1.099,0.734,9.326,-0.1026,-0.0017,0.0156,8.94,0.17,111.89
71071,1.302,1.709,9.436,0.1984,-0.0314,-0.0431,9.24,0.06,111.81
71080,1.320,1.980,9.990,0.6616,0.0077,-0.0697,9.16,0.11,111.77
71091,1.176,1.336,9.610,0.3108,0.0174,-0.0594,10.01,0.10,111.89
71100,1.144,1.585,9.549,-0.8262,0.1166,-0.1023,9.49,0.11,111.72
71111,1.448,2.027,9.744,-0.8193,0.0772,0.0023,9.08,0.25,111.86
71120,0.969,1.327,9.527,0.0812,0.0987,0.0021,8.56,0.21,111.79
71131,1.200,1.448,9.658,0.2916,-0.2819,0.0633,9.20,0.38,111.75
71140,1.447,1.529,9.304,0.1701,-0.4316,0.0060,8.89,-0.15,111.72
71150,0.712,1.493,9.447,0.3340,-0.2207,0.0237,9.40,-0.09,112.02
71161,1.280,1.773,9.514,-0.2546,-0.0437,-0.0135,9.29,-0.36,111.93
71170,1.277,1.566,9.707,-0.6586,0.2367,0.0749,9.06,-0.17,111.77
71181,1.351,1.180,9.631,-0.9958,-0.1509,0.0286,8.58,-0.12,111.83
71191,0.895,1.749,9.574,-0.1589,0.2672,0.0518,7.91,-0.32,111.68
71201,1.051,1.829,10.144,-0.0414,0.1252,-0.0002,8.41,0.17,111.83
71211,0.981,1.173,9.955,-0.3048,0.3037,-0.0472,7.88,-0.16,111.74
71220,0.380,1.322,9.754,-0.4754,0.2655,0.0066,8.07,0.50,111.71
71230,0.805,0.888,9.938,-1.1898,-0.4499,-0.0524,7.33,0.12,111.73
71240,0.560,1.869,9.804,-0.8661,-0.1008,-0.0703,6.68,-0.03,111.77
71250,0.717,1.152,9.949,-0.3334,-0.1122,-0.0214,6.35,0.05,111.79
71260,0.521,1.114,10.067,0.2013,-0.5869,0.0029,6.28,-0.15,111.94
71270,0.484,0.698,10.509,-0.5814,-1.6592,-0.0344,6.60,-0.58,111.95
71280,0.524,1.067,10.177,-0.8381,-2.8101,-0.0214,5.55,-2.08,111.75
71291,0.959,0.738,10.394,-0.3782,-2.9721,-0.0572,5.66,-3.79,111.80
71301,1.362,0.633,10.954,-0.2464,-3.0737,-0.0922,5.12,-5.45,111.84
71311,1.190,1.050,11.336,-0.4280,-3.1949,-0.0066,5.39,-7.31,111.80
71320,1.352,0.809,12.023,-1.2708,-2.7017,0.0029,4.65,-9.09,111.87
71331,1.916,0.654,12.239,-0.6647,-1.7771,0.0470,3.97,-10.38,111.80
71340,2.382,0.754,12.727,-0.1185,-2.7254,0.0969,3.92,-11.14,111.78
71350,2.394,0.973,13.220,-0.6316,-3.2987,-0.0585,3.88,-13.56,111.84
71361,2.593,0.482,12.860,-1.0118,-2.3971,0.0536,3.21,-14.94,111.75
71370,2.572,0.622,13.339,-1.2285,-2.2718,0.0324,2.79,-16.29,111.81
71380,2.342,0.110,13.456,-0.5285,-2.6162,-0.0129,1.84,-17.54,111.96
71390,3.069,0.337,13.010,-0.2653,-3.0455,0.0307,2.19,-19.25,111.77
71400,3.144,0.501,12.460,-0.7202,-2.4439,0.0296,1.53,-21.01,111.86
71410,3.014,-0.170,12.228,-0.8422,-2.5736,0.0291,1.35,-22.06,111.94
71420,3.054,0.531,11.852,-1.1392,-3.3065,0.0589,0.56,-23.98,111.82
71431,3.633,-0.293,11.600,-0.1393,-3.1702,-0.0081,0.05,-25.88,111.79
71440,3.957,-0.010,10.697,-0.3331,-2.7140,0.0871,0.42,-27.59,111.77
71451,3.686,-0.184,10.022,-0.5934,-1.7186,-0.0305,-0.34,-29.02,111.82
71460,3.887,0.091,9.594,0.3623,0.9659,-0.0019,-0.24,-29.58,111.86
71471,3.876,0.150,9.601,-0.3623,2.2390,-0.0202,0.06,-27.95,111.83
71481,3.276,-0.197,10.031,-0.0869,1.4730,-0.0632,-0.68,-27.01,111.84
71491,3.036,-0.073,10.337,0.9487,1.8796,-0.0335,-0.03,-26.25,111.77
71500,3.113,0.069,10.039,-0.2806,1.5024,0.0107,0.40,-24.82,111.75
71511,2.915,-0.096,9.914,-0.7380,1.7131,-0.0382,-0.34,-24.52,111.95
71521,2.433,0.545,10.409,0.1940,3.2368,-0.0193,-0.46,-22.83,111.86
71531,2.284,-0.032,10.641,0.7539,2.7582,-0.0619,-0.13,-20.84,111.91
71541,1.989,0.337,10.592,-0.0379,1.5441,0.0257,0.37,-19.64,111.66
71550,1.320,0.316,11.321,-0.7690,1.7956,-0.0579,-0.17,-19.09,111.79
71561,1.448,0.183,11.465,0.3668,2.9736,-0.0456,-0.50,-17.54,111.88
71570,1.036,-0.075,11.129,0.3655,2.0907,0.0719,0.28,-15.69,111.84
71581,0.947,0.073,11.750,-0.1999,1.5316,-0.0132,-0.05,-15.15,111.90
71591,0.792,0.058,11.778,0.7525,2.3102,-0.0214,0.05,-13.95,111.77
71600,0.507,0.151,10.959,-0.1016,1.7984,0.0158,0.82,-12.53,111.84
71610,0.438,-0.324,11.145,-1.1826,1.3343,0.0481,-0.08,-11.86,111.73
71620,0.401,-0.217,10.768,0.2792,1.8588,0.0654,-0.54,-10.99,111.87
71631,0.187,0.179,11.517,0.7921,2.6618,0.0615,0.26,-9.74,111.80
71640,0.143,-0.372,10.179,-0.2288,2.2815,-0.0425,0.41,-7.92,111.84
71651,-0.312,-0.063,10.792,-0.1688,1.7865,-0.0031,0.03,-7.11,111.98
71661,-0.644,0.111,9.948,0.1016,2.5350,0.0756,0.18,-5.85,111.87
71670,-1.180,0.398,9.846,-0.0102,1.8097,0.0759,0.12,-4.20,111.81
71681,-0.654,0.308,9.416,0.3812,1.0711,0.0166,0.18,-3.75,111.81
71690,-0.329,0.617,9.582,-0.6151,1.8165,-0.0115,0.55,-2.95,111.86
71701,-0.746,-0.030,9.071,-0.5494,1.9522,0.0204,-0.49,-1.67,111.90
71711,-1.287,0.059,9.317,0.5514,0.9283,-0.0027,-0.06,-0.70,111.95
71721,-0.794,0.134,8.685,0.3583,1.6625,0.0812,0.15,-0.59,111.80
71731,-1.404,-0.088,8.512,-0.5754,1.7721,-0.0372,0.34,1.21,111.91
71740,-1.760,-0.123,8.439,-0.2608,1.1254,-0.0208,-0.49,1.42,111.85
71751,-1.835,-0.025,7.921,0.3717,1.7485,0.0870,0.03,2.52,111.98
71761,-1.742,0.048,7.821,-0.2479,1.4819,-0.0189,-0.09,3.41,111.88
71771,-1.587,0.228,7.579,0.4118,1.5934,-0.0648,-0.29,4.22,111.99
71781,-1.712,0.114,7.704,0.5043,1.2894,-0.0651,0.42,5.21,111.89
71790,-1.932,0.310,7.327,-0.0225,1.1474,-0.0252,0.22,5.69,111.76
71801,-2.141,-0.058,7.816,0.0927,1.7207,0.0247,0.37,6.50,111.72
71811,-1.981,0.233,8.079,-0.2435,1.7012,0.0230,0.32,7.65,111.81
71821,-1.903,0.114,7.510,-0.5609,1.3946,0.0695,0.09,8.45,111.82
71830,-1.875,-0.564,7.979,-0.4954,1.7518,-0.0242,-0.31,9.24,111.81
71840,-2.160,0.482,8.508,0.2969,1.6008,-0.0534,-0.47,10.48,111.82
71850,-2.377,-0.210,8.365,0.3802,1.5613,0.0036,0.06,11.14,111.87
71860,-2.553,-0.250,8.615,-0.2937,1.7386,-0.0010,0.00,12.27,111.72
71870,-2.442,0.192,9.203,0.0226,1.5940,0.0611,-0.29,13.15,111.77
71881,-2.487,0.249,8.637,0.0966,1.4088,0.0198,0.01,14.08,111.92
71890,-2.189,-0.484,9.633,0.2941,-0.0001,0.0599,-0.16,14.77,111.89
71900,-2.184,-0.694,25.174,1.2150,-2.0057,0.1011,0.35,14.08,111.81
71910,-1.327,0.450,21.072,0.5512,-2.1425,0.0200,1.28,12.41,111.67
71921,-1.700,-0.270,16.243,0.1744,-1.9999,-0.0210,1.01,11.66,111.96
71930,-1.861,0.211,12.839,0.7387,-2.6156,-0.0383,1.51,10.15,111.72
71941,-1.388,0.345,10.743,0.9391,-2.8708,0.0439,1.86,8.62,111.87
71950,-0.483,0.312,9.638,0.4120,-2.3842,0.0136,2.58,6.90,111.93
71961,-0.405,0.130,9.484,-0.1307,-1.9511,-0.0852,2.29,5.92,111.88
71970,-0.440,1.035,9.636,0.5803,-2.3893,-0.0040,2.43,4.66,111.85
71980,-0.034,0.444,9.943,0.5747,-2.2497,-0.0114,2.96,3.16,111.84
71990,0.548,0.917,9.887,0.8910,-2.4328,0.0667,3.11,2.08,111.73
72000,0.822,0.833,9.553,0.8403,-1.8717,-0.0510,4.00,0.37,111.73
72010,0.810,1.195,9.636,-0.0366,-0.4558,-0.0756,4.09,-0.10,111.84
72020,1.085,0.319,9.932,0.6495,0.3206,-0.0447,3.92,-0.13,111.89
72031,0.591,0.860,9.936,0.4777,0.2989,-0.0044,4.84,0.24,111.95
72040,1.246,0.965,9.845,0.1287,-0.5850,-0.0150,4.48,0.18,111.85
72051,1.396,0.960,9.609,1.0202,-0.4593,-0.0589,4.98,-0.42,111.89
72060,1.495,0.773,9.787,0.2608,0.3934,0.0191,5.66,-0.36,111.79
72070,1.050,1.082,9.861,0.4533,0.3068,0.0008,5.26,0.03,111.87
72081,1.090,0.941,9.359,0.5572,-0.1495,-0.0550,6.23,0.00,111.82
72090,1.311,0.971,10.082,-0.3661,0.0148,-0.0145,5.91,-0.13,111.82
72100,1.204,1.000,10.071,0.7691,0.5154,0.0246,5.80,-0.01,111.83
72111,1.150,0.784,10.062,1.0674,-0.6087,0.1089,6.79,0.51,111.85
72121,1.622,1.033,9.796,0.0645,-0.6410,-0.0417,7.03,-0.67,111.88
72130,1.411,1.429,10.026,0.1807,0.4646,0.0101,6.87,-0.20,111.85
72141,1.379,0.926,9.658,0.0139,0.1388,0.0489,7.24,-0.15,111.85
72151,1.468,1.456,9.250,0.3529,-0.0976,-0.0270,6.92,-0.08,111.78
72160,1.905,1.006,9.735,0.9858,-0.1016,-0.0232,7.60,-0.29,111.86
72170,1.148,1.487,9.745,-0.3023,0.3312,0.0158,8.09,-0.24,111.80
72181,1.590,0.911,9.508,-0.6471,0.0860,-0.0366,7.27,0.10,111.93
72191,1.414,1.448,9.973,0.2712,-0.1516,0.0230,7.35,-0.12,111.90
72201,1.760,1.002,9.757,0.7385,0.2425,0.1637,7.56,-0.05,111.88
72210,1.290,1.246,9.902,-0.0274,0.1084,-0.0192,8.17,0.17,111.61
72220,1.609,0.866,10.149,-0.3650,0.0899,-0.0461,7.52,0.06,111.86
72230,1.715,1.545,9.686,0.0253,-0.0340,-0.0342,7.76,0.27,111.78
72241,1.304,1.426,9.609,-0.2385,-0.8246,-0.0103,7.60,-0.01,111.83
72250,1.275,1.337,9.881,-0.1002,0.2880,0.0269,7.52,-0.66,111.66
72260,1.598,1.045,9.470,0.2050,0.1504,0.0584,7.47,0.34,111.75
72270,1.588,1.490,9.562,-0.0847,-0.7690,0.0522,7.80,-0.48,111.95
72281,1.450,1.524,9.706,0.1755,0.6400,-0.0605,7.40,-0.55,111.81
72291,1.381,1.533,9.998,-0.2617,0.2851,-0.0513,8.02,0.29,111.85
72301,1.353,1.431,9.735,-0.3127,-0.1921,-0.0090,7.13,-0.18,111.79
72310,0.796,1.306,9.802,0.1761,0.4339,0.0210,7.65,0.07,111.92
72321,0.835,1.699,9.765,-0.9667,0.2329,0.0153,7.32,0.26,111.78
72330,0.560,1.270,9.431,-0.2858,-0.5752,0.0046,6.58,0.31,111.67
72340,0.820,0.924,9.674,0.1457,0.1353,0.0003,7.01,-0.39,111.68
72351,0.711,1.254,9.372,-0.7335,0.4088,0.0879,6.72,0.45,111.75
72360,1.148,1.348,9.785,-0.6138,-0.7767,0.0234,6.19,0.12,111.81
72371,0.838,1.046,10.121,-0.1269,-0.1439,-0.0235,5.98,-0.46,111.90
72381,0.246,0.587,10.018,-0.3445,-0.0506,-0.0493,6.07,-0.08,111.82
72391,0.156,1.175,9.881,-0.4807,-1.0934,0.0384,5.58,-0.56,111.71
72400,0.995,0.921,10.366,-0.3617,-1.8242,0.0261,5.50,-1.30,111.82
72411,0.907,0.856,10.334,-0.2883,-2.6351,-0.0513,5.20,-2.64,111.74
72420,0.973,1.038,10.927,-0.7960,-3.1393,0.0234,5.14,-4.32,111.78
72430,1.260,1.014,11.432,-1.1142,-3.0818,-0.0909,4.31,-6.29,111.81
72441,1.422,0.858,11.995,-0.0626,-2.3724,0.0037,3.87,-7.84,111.76
72451,1.650,0.783,12.529,-0.4894,-2.4632,0.0512,4.23,-8.97,111.83
72460,1.683,0.586,13.140,-0.5502,-3.1279,-0.0329,3.30,-10.65,111.93
72470,1.718,0.692,13.853,-0.4226,-2.7319,-0.0019,3.57,-12.54,111.72
72480,1.983,0.559,14.044,-1.1236,-2.6541,-0.0712,2.79,-13.77,111.89
72491,2.378,0.673,14.336,-0.3927,-3.0131,0.0424,2.27,-15.61,111.78
72500,2.697,-0.104,14.228,-0.2639,-2.6288,0.0240,2.35,-17.25,111.89
72511,2.219,0.525,13.860,-0.4410,-2.7842,-0.0516,1.98,-18.57,111.79
72520,2.808,0.470,13.949,-1.0842,-2.7026,-0.0410,1.86,-20.43,111.78
72531,3.109,-0.120,13.288,-0.4464,-2.5821,0.0151,0.75,-21.66,111.84
72540,3.140,-0.045,13.066,-0.4310,-2.6740,0.0274,1.33,-23.39,111.92
72550,3.034,0.298,12.153,-1.2073,-3.1630,-0.0788,0.25,-24.72,111.78
72561,3.726,-0.191,11.377,-0.2242,-3.4809,-0.0255,-0.06,-27.01,111.79
72571,4.027,0.199,10.420,0.1866,-2.4802,-0.0321,0.01,-28.68,111.94
72581,3.934,-0.134,10.159,-0.0755,-0.6350,-0.0166,0.14,-29.81,111.89
72591,3.871,-0.736,9.791,-0.2111,2.2531,0.0447,-0.12,-29.42,111.94
72600,3.507,0.191,10.185,-0.0072,2.7046,-0.0734,-0.08,-27.24,111.79
72610,3.439,-0.048,10.350,0.4235,1.6957,-0.0901,-0.12,-26.34,111.83
72621,3.075,0.039,10.070,-0.3174,2.3773,-0.0538,0.43,-25.31,111.77
72631,2.691,-0.111,10.504,-0.6408,1.9899,-0.0086,-0.44,-23.63,111.86
72641,2.551,-0.169,10.284,0.3272,2.1119,0.0404,-0.30,-22.98,111.74
72650,2.174,0.171,11.104,0.2214,2.8231,0.0697,-0.07,-21.17,111.86
72661,2.087,0.033,10.931,-0.2912,2.1282,-0.0161,-0.05,-19.76,111.84
72670,1.812,-0.253,11.221,-0.1513,1.9265,0.0697,-0.38,-18.75,111.69
72680,1.349,-0.103,11.448,0.2191,2.2976,0.0031,-0.23,-17.56,111.94
72690,1.322,0.314,11.711,0.4094,2.0672,-0.0825,-0.16,-16.11,111.88
72701,0.762,0.166,11.154,0.2264,1.8509,-0.0200,0.22,-15.19,111.83
72710,0.995,-0.053,11.371,0.0980,2.5726,0.0706,0.13,-13.94,111.82
72721,0.632,0.017,11.015,-0.2677,2.5361,0.0456,0.29,-12.25,111.78
72730,0.122,-0.092,10.936,-0.5773,1.9951,0.0248,-0.18,-11.03,111.73
72740,-0.001,-0.095,10.947,0.3861,1.9424,-0.0206,-0.35,-9.96,111.80
72751,-0.299,0.142,10.911,0.1163,2.2741,0.0019,0.23,-8.83,111.87
72761,0.021,-0.081,10.548,-0.5389,2.3818,-0.0407,-0.18,-7.38,111.82
72771,-0.718,0.088,10.555,-0.0549,1.4918,0.0216,-0.38,-6.14,111.79
72780,-0.727,-0.292,9.997,0.3445,1.6012,0.0044,-0.21,-5.68,111.84
72791,-0.446,-0.087,9.798,-0.3091,2.3503,-0.0158,0.00,-4.33,111.80
72800,-0.898,-0.070,10.052,-0.0775,1.4346,0.0082,-0.59,-2.99,111.90
72811,-0.972,0.236,9.119,0.7830,1.2562,0.0268,-0.13,-2.67,111.77
72821,-1.387,0.271,8.593,-0.0336,2.1725,-0.0327,0.33,-1.55,111.86
72830,-1.382,-0.034,8.934,-0.0799,1.5526,-0.0653,-0.15,-0.16,111.92
72841,-0.801,0.187,8.429,0.4858,1.8192,0.0513,0.21,0.24,111.78
72851,-1.162,0.343,8.093,-0.1039,1.5574,-0.0315,0.42,1.90,111.84
72860,-1.405,0.369,7.727,-0.3545,1.4361,0.0668,0.10,2.00,111.85
72870,-2.009,-0.000,7.653,-0.0778,1.4120,-0.0157,0.01,3.54,111.80
72881,-1.623,0.060,7.714,0.5847,1.1044,-0.0136,-0.00,3.64,111.84
72891,-1.717,0.086,7.378,0.0967,1.8577,-0.0008,0.66,4.80,111.85
72900,-1.620,0.186,7.970,-0.4285,1.6222,0.0251,0.09,5.77,111.85
72910,-1.704,0.006,8.131,0.1382,1.5814,-0.0460,0.18,6.64,111.91
72920,-1.707,-0.039,8.162,-0.2565,1.5701,-0.0316,0.29,7.57,111.77
72930,-2.026,0.564,8.156,0.0085,1.3798,0.0345,-0.12,8.41,111.88
72941,-2.298,-0.315,8.426,-0.3732,1.4639,0.0019,0.27,9.17,111.97
72950,-2.437,-0.432,8.292,-0.1079,1.5547,0.0500,-0.59,10.10,111.91
72961,-2.899,-0.268,8.485,0.6701,1.7310,0.0168,0.13,10.98,111.98
72971,-1.976,-0.638,8.683,-0.0565,1.6026,0.0179,0.18,12.10,111.74
72980,-2.525,-0.078,9.214,-0.2885,1.2987,0.0394,0.05,12.86,111.90
72991,-2.454,0.034,9.210,-0.1054,1.7654,-0.1189,-0.20,13.58,111.62
73000,-2.396,-0.078,10.147,0.8185,0.7382,-0.0831,-0.05,14.89,111.84
73011,-2.456,-0.173,24.507,0.7905,-1.8400,-0.1095,0.71,14.40,111.78
73021,-1.857,-0.103,20.689,0.3696,-3.0312,0.0441,0.85,12.80,111.85
73031,-1.534,0.498,15.610,0.4394,-2.7274,-0.0884,1.18,10.93,111.78
73041,-1.174,0.229,13.152,0.2571,-2.0443,-0.0790,1.38,9.66,111.87
73050,-1.544,0.121,13.809,0.5070,-1.9690,0.0849,1.44,8.60,111.76
73060,-0.870,0.449,16.642,0.8257,-2.0038,0.0203,1.92,7.40,111.89
73071,-0.639,0.341,19.463,0.9411,-2.1429,-0.0095,2.41,6.29,111.84
73081,-0.157,0.772,18.190,1.0150,-2.9254,0.0820,2.99,4.94,111.76
73090,0.078,0.485,14.043,-0.0926,-2.8614,-0.0453,3.56,2.94,111.89
73100,0.503,0.623,11.485,0.0358,-1.8046,-0.0124,2.87,1.68,111.81
73110,0.686,0.866,10.525,1.2255,-1.4503,0.0727,3.60,0.88,111.70
73121,1.184,0.432,10.336,1.2415,-0.8155,0.0044,4.25,0.00,111.85
73131,1.265,0.789,9.789,0.1662,-0.0881,0.0332,5.08,-0.07,111.80
73140,1.069,0.618,9.747,-0.0236,0.0469,-0.0074,4.41,-0.11,111.84
73150,0.848,0.676,9.987,1.2047,-0.1019,0.0920,4.99,-0.05,111.88
73160,0.940,0.402,9.818,0.7526,-0.0962,-0.1196,5.80,-0.22,111.66
73170,1.266,1.201,9.894,-0.3901,0.6239,-0.0090,5.86,-0.16,111.81
73180,0.818,1.056,10.021,-0.2290,0.3488,0.0647,5.32,0.48,111.95
73190,0.950,1.014,9.561,0.7908,-0.7615,0.0954,5.58,0.27,111.90
73200,1.506,0.619,9.869,0.5281,-0.1776,-0.0271,6.21,-0.38,111.76
73211,1.474,0.923,9.751,0.5285,0.2426,-0.0558,6.17,0.07,111.98
73221,1.045,1.180,9.566,1.0809,0.0523,0.0375,6.82,-0.11,111.67
73231,1.229,1.050,9.212,0.3528,-0.2237,-0.0658,7.38,0.15,111.80
73241,1.598,1.378,9.958,0.0161,0.1534,0.0419,7.19,-0.37,111.94
73251,1.481,1.402,9.580,-0.0324,0.4210,0.0086,7.44,0.30,111.90
73260,1.445,1.227,9.906,-0.0008,-0.3914,-0.0601,7.14,0.12,111.87
73270,1.642,1.340,9.931,0.7223,-0.1230,0.0431,7.41,-0.20,111.79
73281,1.816,1.509,9.631,0.5313,0.2916,-0.0577,7.96,-0.00,111.75
73291,1.641,1.589,9.264,0.2775,-0.3007,0.0351,8.02,0.14,111.59
73301,1.317,1.540,9.665,0.1418,0.0994,0.0116,8.24,-0.35,111.73
73310,1.597,1.545,9.827,0.1883,0.2276,-0.0059,8.16,0.26,111.84
73320,1.513,1.287,9.713,-0.4560,-0.3801,-0.0168,8.43,-0.11,111.72
73330,1.101,1.136,9.760,-0.0204,-0.2622,-0.0667,7.59,-0.16,111.83
73341,1.674,1.583,9.906,-0.2697,0.5011,-0.1003,8.44,-0.41,111.66
73350,1.019,1.610,10.038,-0.1853,0.3131,-0.0430,7.31,0.41,111.78
73360,1.672,1.578,9.609,1.1659,-0.4629,0.0472,8.22,-0.08,111.75
73371,1.325,1.764,9.726,-0.3131,0.1579,-0.0046,8.65,-0.11,111.74
73380,1.468,1.058,9.871,-0.5648,0.1231,0.0678,7.82,0.10,111.81
73390,1.112,1.285,9.714,-0.0863,0.1717,0.0579,7.99,0.04,111.95
73401,1.510,1.639,9.488,-0.5862,-0.4150,-0.0262,7.72,0.30,111.73
73411,1.166,1.336,9.534,-0.2334,-0.1939,-0.0598,7.33,-0.42,111.88
73421,1.814,1.266,9.458,0.1474,0.4730,-0.0539,7.48,0.08,111.84
73430,1.594,1.351,9.968,-0.2224,0.2030,0.1389,7.50,0.10,111.83
73440,0.807,1.871,9.067,-0.2521,-0.1907,-0.1029,7.26,0.33,111.83
73450,0.823,0.881,9.280,-0.3970,-0.3027,0.0285,7.21,-0.13,111.44
73460,1.037,0.943,10.193,-0.9407,-0.1454,-0.0357,6.79,0.02,111.70
73471,1.262,1.176,9.558,0.0453,-0.0561,0.0569,6.15,-0.32,111.67
73480,0.696,1.034,9.931,0.0044,0.4801,-0.1010,6.85,-0.01,111.96
73490,0.303,1.290,9.756,-1.1011,0.2297,0.0964,6.17,0.21,111.70
73500,0.212,0.939,10.208,-0.6539,-0.1538,-0.1029,5.57,0.23,111.72
73511,0.179,1.006,9.880,-0.3510,-1.1652,-0.0713,5.43,0.03,111.80
73520,0.514,1.249,10.444,-0.3466,-2.9620,-0.0272,5.16,-1.14,111.74
73531,0.729,0.984,10.585,-0.2839,-2.9113,-0.0276,5.03,-3.36,111.91
73541,1.033,1.316,11.147,-0.6089,-2.6542,0.0653,4.85,-4.47,111.88
73550,0.865,0.799,11.447,-1.0487,-3.1915,0.0028,4.31,-6.37,111.79
73561,1.327,0.607,11.935,-0.5168,-2.3666,-0.0148,3.63,-8.14,111.86
73570,1.384,0.676,12.347,0.3956,-2.4314,0.0624,3.70,-9.09,111.86
73581,1.433,0.140,12.880,-0.4181,-2.9171,0.0781,4.04,-10.92,111.77
73591,1.883,0.553,13.604,-0.7270,-3.1270,-0.0445,3.24,-12.43,111.71
73601,2.357,-0.113,13.867,-0.9206,-3.3110,-0.0225,3.20,-14.51,111.87
73611,2.648,1.001,13.647,-0.9007,-2.7985,-0.0631,2.16,-16.18,111.86
73620,2.693,0.386,13.478,-0.3551,-2.6717,0.0176,2.17,-17.71,111.90
73631,2.581,0.446,13.953,-0.0584,-2.6446,-0.0047,1.73,-19.29,111.87
73641,2.733,0.460,14.192,-0.1710,-2.3310,0.0241,2.12,-20.74,111.69
73651,3.180,0.043,13.515,-1.6972,-2.0821,0.0046,1.53,-22.01,111.81
73661,3.173,0.106,12.142,-1.2094,-2.4267,0.0506,0.16,-23.12,111.74
73670,3.428,0.050,11.863,0.1902,-2.9206,-0.0727,0.15,-24.76,111.59
73680,3.390,0.205,11.004,-0.4008,-3.1566,-0.0917,0.36,-26.45,111.84
73691,3.348,-0.235,10.510,-0.9250,-3.0477,-0.0048,-0.34,-28.41,111.68
73701,3.992,-0.435,9.662,0.2811,-0.3025,-0.0218,-0.69,-29.97,111.79
73710,3.551,-0.024,10.191,0.7882,2.4199,-0.0670,-0.05,-28.72,111.68
73721,3.504,-0.370,9.827,0.0692,1.5568,-0.0389,0.21,-27.20,111.66
73730,3.376,-0.657,10.169,-0.2469,1.9017,0.0066,0.01,-26.95,111.71
73741,3.383,0.205,10.312,0.3368,2.7753,-0.0003,-0.09,-25.02,111.73
73750,2.759,-0.202,10.283,0.1733,2.2065,-0.0048,0.39,-23.75,111.97
73760,2.423,0.036,10.444,-0.5196,1.9190,0.0063,0.09,-22.49,111.77
73771,2.560,-0.249,10.974,-0.2026,1.6899,0.0162,-0.21,-21.55,111.78
73780,2.004,0.175,10.477,0.0867,2.3285,0.0057,-0.13,-20.57,111.91
73791,1.917,-0.015,11.277,0.3315,2.8428,-0.0700,-0.13,-18.87,111.96
73800,1.169,0.497,11.079,0.2030,1.7808,-0.0510,0.26,-17.29,111.83
73811,1.149,0.605,11.002,-0.6588,1.6980,0.0770,0.11,-16.84,111.88
73821,0.958,-0.262,11.266,0.0228,2.2359,-0.0476,-0.49,-15.35,111.77
73831,0.869,-0.286,11.546,0.1004,2.6752,-0.0391,0.16,-14.31,111.80
73841,1.024,-0.315,10.828,-0.2714,2.1879,0.0131,-0.38,-12.30,111.80
73851,0.297,0.003,11.075,0.6916,1.8774,0.0833,-0.13,-11.78,111.88
73860,-0.175,0.016,10.908,-0.3321,1.8344,-0.0033,0.42,-10.15,111.75
73871,0.111,0.159,11.167,-0.5663,1.9783,-0.0066,-0.50,-9.67,111.87
73881,-0.556,-0.156,10.465,0.3363,3.0356,0.0180,-0.22,-7.90,111.74
73891,-0.327,-0.443,10.433,-0.1162,2.5434,-0.0023,-0.14,-6.15,111.90
73901,-0.508,0.139,10.247,0.4132,1.2022,0.0272,-0.37,-4.99,111.90
73911,-0.401,0.236,9.859,0.1334,1.7574,-0.0506,0.35,-4.74,111.94
73920,-0.926,-0.186,9.801,-0.2999,1.7625,0.0046,-0.17,-2.96,111.86
73930,-1.042,0.178,9.339,0.0921,1.0133,-0.0514,0.01,-2.70,112.00
73941,-1.234,0.348,9.370,0.2101,1.7051,0.0120,-0.06,-1.81,111.79
73950,-0.734,-0.549,8.904,0.1274,1.0765,0.0022,0.26,-0.72,111.79
73960,-0.991,0.252,8.483,0.0548,1.4753,0.0238,0.12,-0.57,111.92
73971,-1.446,0.531,8.058,-0.4109,2.2023,-0.1147,0.34,0.96,111.84
73981,-1.402,-0.119,8.120,-0.3670,1.7590,-0.0262,-0.32,1.91,111.77
73990,-1.368,0.171,8.044,0.4870,1.2908,-0.0074,-0.10,2.97,111.83
74001,-1.546,0.087,7.619,0.2077,1.2101,-0.0162,0.27,3.41,111.85
74011,-2.035,-0.276,7.764,-0.0488,1.3576,-0.0331,0.17,4.35,111.66
74021,-1.765,-0.140,8.278,-0.0699,1.6847,0.0525,0.19,4.95,111.76
74031,-1.934,0.121,7.691,-0.3556,2.1765,-0.0633,0.05,6.30,111.81
74041,-2.200,0.094,7.331,0.0418,1.9109,-0.0048,-0.23,7.47,111.84
74050,-2.049,0.297,8.153,0.1438,1.4877,-0.0060,0.07,8.46,111.97
74061,-2.297,-0.405,8.058,0.0269,1.3543,0.0024,-0.06,9.15,111.80
74071,-2.012,0.236,7.931,-0.1365,1.4694,0.0704,0.12,10.07,111.72
74081,-2.069,-0.395,8.370,-0.3705,1.4256,-0.0498,-0.22,10.83,111.73
74091,-2.333,-0.193,8.109,0.1128,1.6575,-0.0170,-0.28,11.69,111.86
74100,-2.141,-0.177,8.959,0.4627,1.2218,-0.0310,-0.08,12.72,111.81
74110,-2.375,-0.168,9.098,0.3857,1.9426,-0.0278,0.29,13.11,111.76
74121,-2.347,-0.019,9.473,-0.3965,1.1622,0.0167,0.37,14.96,111.70
74131,-2.361,-0.164,25.462,0.2739,-0.7313,0.0102,-0.17,14.47,111.62
74141,-2.086,0.183,23.195,1.0759,-1.7730,-0.0220,0.66,14.12,111.88
74151,-2.045,0.168,18.358,0.1081,-2.4941,-0.0278,1.03,12.46,111.88
74160,-1.533,0.355,14.371,0.4523,-2.4826,-0.0112,0.77,11.24,111.88
74171,-1.404,0.715,11.312,1.4261,-2.4534,-0.0477,1.57,9.62,111.82
74181,-1.428,0.360,10.143,1.1248,-2.4632,0.0147,2.40,8.41,111.77
74190,-0.344,0.830,9.820,0.2077,-2.6096,0.0220,2.83,6.79,111.84
74201,-0.200,0.809,9.912,0.4161,-2.4094,0.0057,2.66,5.40,111.79
74210,-0.378,0.531,9.891,0.6800,-1.7661,0.0105,3.31,4.02,111.63
74221,0.462,0.775,10.286,0.3658,-1.7964,0.0269,3.43,3.37,111.86
74231,0.100,0.512,9.770,0.7458,-2.6954,-0.0085,3.72,1.96,111.79
74240,0.614,0.307,9.868,1.1174,-1.7502,-0.0414,4.32,0.28,111.74
74250,1.238,0.644,9.678,0.5213,-0.0508,0.0469,5.04,-0.05,111.71
74261,0.931,0.949,10.390,0.3811,-0.0506,0.0184,4.93,0.23,111.70
74271,1.213,1.282,9.982,0.4086,-0.4270,0.0114,5.46,-0.16,111.67
74280,0.804,0.680,10.201,0.5501,0.1858,-0.0451,5.39,-0.24,111.86
74291,0.914,0.884,9.581,0.4244,0.5932,-0.0411,6.10,0.01,111.92
74300,1.120,0.535,9.777,0.5758,0.1003,0.0374,5.85,0.44,111.97
74311,1.012,1.186,9.542,1.5937,-0.0318,-0.0367,6.77,0.13,111.88
74320,1.258,1.626,9.716,0.4588,-0.2460,0.0061,7.66,0.44,111.65
74330,1.113,1.400,9.657,-0.2007,-0.1175,0.0346,7.28,-0.13,111.87
74340,1.006,1.145,9.930,0.7208,0.1476,-0.0120,7.40,0.29,111.88
74351,1.666,1.156,10.049,0.3413,-0.1880,0.0431,8.12,0.04,111.70
74361,1.150,1.570,9.704,0.3546,-0.0657,0.0298,7.78,0.06,111.74
74370,1.246,1.300,9.969,0.5228,0.4995,-0.0364,8.57,-0.11,111.77
74381,1.158,1.598,9.724,-0.0951,-0.2748,0.0087,8.39,0.64,111.77
74391,1.545,1.192,9.598,0.5621,-0.5288,-0.0560,8.44,-0.44,111.72
74400,1.532,1.394,9.705,0.1081,0.0237,0.0987,9.06,0.01,111.73
74410,1.661,1.605,9.798,-0.0548,-0.1231,-0.0175,8.57,-0.43,111.80
74420,2.087,1.710,10.381,0.1841,0.6625,0.1014,9.04,-0.14,111.81
74430,1.708,2.094,9.582,-0.1669,0.0238,-0.0497,8.79,0.31,111.77
74440,1.558,1.528,10.005,0.7091,-0.2044,0.0366,8.80,-0.13,111.77
74451,1.956,1.581,9.481,0.2674,-0.2732,0.0872,9.60,0.05,111.55
74460,1.584,1.445,9.591,-0.4698,0.1992,-0.0015,9.11,-0.43,111.82
74470,1.509,1.599,9.869,0.5636,0.5147,0.0033,9.06,0.28,111.75
74481,1.777,1.435,9.451,0.2142,0.1208,0.0265,9.78,0.16,111.79
74490,1.503,1.758,9.486,-0.0581,-0.3463,-0.0739,9.33,0.39,111.92
74501,1.260,1.479,9.617,0.0279,-0.0372,-0.0269,9.70,-0.21,111.79
74511,1.497,0.982,10.004,-0.4050,0.2578,-0.0310,9.39,0.33,111.65
74521,1.126,1.443,9.210,-0.7045,-0.4305,0.0177,9.21,0.12,111.81
74530,1.422,0.901,9.630,-0.0782,-0.1635,-0.0708,8.59,-0.18,111.78
74540,1.186,1.476,9.772,-0.2034,0.5306,-0.0520,9.12,-0.10,111.88
74550,0.947,1.332,9.501,-0.3781,0.2782,-0.0439,8.39,0.45,111.77
74561,1.068,1.696,9.927,-0.0272,-0.4942,0.0461,8.70,0.24,111.73
74571,1.050,1.728,9.584,-0.2217,-0.6376,0.1309,8.30,-0.15,111.76
74581,1.238,1.000,10.086,-0.1134,0.1712,-0.0457,8.44,-0.49,111.77
74591,1.149,1.411,9.896,-0.9913,0.7104,0.0259,8.14,0.08,111.77
74600,0.865,1.149,9.271,-0.4079,-0.3431,0.0387,7.31,0.30,111.77
74610,1.243,1.245,9.435,-0.2300,0.3058,0.0358,7.67,-0.28,111.84
74621,0.507,1.140,9.981,-0.5408,0.9886,-0.0147,7.00,0.63,111.79
74631,-0.090,0.865,9.713,-0.2801,-0.4329,-0.0436,7.05,0.84,111.83
74641,0.542,1.120,9.637,-0.7434,-1.9318,0.0138,6.65,0.17,111.74
74650,0.711,0.947,10.161,-0.6467,-2.4935,-0.0140,6.21,-1.35,111.83
74661,0.786,1.379,10.728,-0.3355,-2.8133,0.0196,5.93,-2.72,111.69
74670,0.967,0.853,10.815,-0.2896,-2.6472,0.0964,5.81,-4.62,111.82
74680,0.955,0.842,11.227,-0.4721,-2.3069,-0.1222,5.56,-5.76,111.85
74691,1.052,1.437,11.707,-1.1331,-2.9913,-0.0445,5.26,-7.29,111.79
74700,1.846,0.187,12.022,-0.8503,-3.2465,-0.0274,4.27,-9.16,111.86
74711,1.584,0.713,12.422,-0.1531,-2.5273,-0.1177,4.28,-10.97,111.91
74721,1.925,0.810,13.605,-0.0207,-2.2853,-0.0523,4.13,-12.03,111.72
74731,2.063,0.696,13.363,-1.0073,-2.3252,-0.0838,4.27,-13.59,111.71
74741,2.156,0.750,13.941,-1.3987,-2.6311,-0.0416,2.99,-14.69,111.90
74750,2.135,0.379,13.995,-0.2165,-2.7882,0.1119,2.64,-16.60,111.80
74761,2.350,-0.092,13.904,-0.8169,-3.0426,-0.1522,2.73,-17.88,111.75
74771,2.376,0.650,14.061,-1.1980,-2.7862,-0.0166,1.71,-20.07,111.87
74780,2.892,-0.416,13.576,-0.1761,-2.0864,-0.0427,1.33,-21.07,111.90
74791,3.034,0.294,12.933,-0.4064,-2.7116,0.0347,1.50,-22.45,111.91
74801,3.825,0.227,12.099,-0.9501,-2.8918,0.0075,0.87,-24.17,111.77
74811,3.279,0.235,11.598,-0.7552,-2.8568,-0.0667,0.42,-25.73,111.72
74821,3.882,-0.138,10.681,-0.6579,-2.5997,-0.0169,0.02,-27.46,111.85
74830,3.552,0.150,10.553,-0.0109,-1.8917,0.0072,-0.34,-28.68,111.84
74840,4.043,-0.050,10.055,0.2732,-0.1654,0.0173,0.02,-29.62,111.67
74851,3.777,-0.290,10.018,-0.4658,1.9230,0.1043,-0.03,-28.87,111.73
74861,3.939,-0.131,9.601,-0.0148,2.4145,0.0158,-0.52,-27.42,111.77
74871,3.120,-0.301,10.016,0.4385,2.2056,-0.0032,-0.05,-26.11,111.83
74880,2.536,-0.080,10.233,0.1801,2.0307,-0.0786,-0.04,-24.84,111.66
74890,2.598,0.029,10.468,-0.0288,2.0366,-0.0536,0.17,-23.74,111.88
74901,2.572,0.389,10.506,0.0248,2.1800,0.0675,-0.08,-22.47,111.87
74911,2.138,0.098,10.928,-0.0313,2.0693,-0.0039,0.22,-21.25,111.77
74921,1.739,-0.281,11.441,0.2303,2.2049,-0.0504,-0.13,-20.13,111.78
74930,1.662,0.169,11.272,0.7581,1.7382,0.0499,0.44,-18.71,111.91
74941,1.888,0.313,11.009,-0.5739,1.7504,0.0230,0.72,-18.14,111.86
74951,1.423,-0.185,11.738,-0.3072,2.6329,-0.0285,-0.24,-16.68,111.91
74961,1.370,0.185,11.670,0.4208,2.1566,-0.0301,0.37,-15.05,111.85
74970,0.567,0.163,10.922,-0.0406,1.6955,-0.0123,0.25,-14.19,111.73
74981,1.215,-0.002,11.522,-0.2809,2.4483,0.0293,0.30,-13.12,111.78
74990,0.742,-0.130,11.279,-0.1974,2.5705,-0.1013,-0.05,-11.43,111.87
75001,0.017,-0.064,10.833,0.1712,2.0655,0.0298,0.05,-10.18,111.83
75010,0.077,0.296,10.844,-0.0137,1.7658,-0.0186,0.12,-9.08,111.67
75021,-0.273,-0.276,10.274,0.2786,1.5250,-0.0278,0.07,-8.15,111.68
75030,-0.092,-0.021,10.288,0.5213,2.3138,0.0384,0.45,-7.30,111.84
75040,-0.479,-0.057,10.109,-0.5093,2.7268,-0.0191,0.69,-5.50,111.94
75051,-0.570,-0.442,10.499,-0.8994,1.7357,0.0193,-0.16,-4.20,111.78
75060,-0.837,-0.555,9.801,-0.0810,1.3951,-0.0416,-0.36,-3.51,111.62
75070,-0.403,-0.053,9.263,0.6698,1.9199,-0.0260,-0.28,-2.64,111.80
75081,-1.222,0.093,9.558,0.3745,1.2959,0.0059,0.44,-1.29,111.74
75090,-0.805,-0.036,8.820,-0.3198,0.9979,-0.0078,0.15,-1.18,111.81
75100,-0.824,-0.329,8.550,-0.4825,1.6969,0.0687,0.04,-0.16,111.81
75111,-1.471,-0.116,8.317,-0.1099,1.5394,0.0225,-0.43,0.78,111.78
75120,-1.361,-0.180,7.876,0.2812,1.1872,0.0840,-0.08,1.63,111.70
75130,-1.833,0.318,8.064,0.4917,1.0594,-0.1045,-0.09,2.14,111.77
75140,-1.426,0.450,7.954,0.0856,2.3331,0.0329,0.52,2.84,111.75
75151,-1.330,0.270,8.365,-0.1059,1.9566,0.0426,0.02,4.80,111.88
75161,-1.990,0.600,7.759,-0.1198,0.7521,-0.0311,0.34,5.09,111.87
75171,-2.002,0.326,8.146,-0.0805,1.5830,0.0856,-0.12,5.66,111.68
75181,-1.871,0.206,7.593,0.0784,2.1646,0.0198,0.23,6.89,111.87
75191,-2.257,-0.107,7.927,-0.0168,1.4929,0.0293,-0.06,8.13,111.95
75200,-2.551,0.411,7.835,0.3273,1.1668,-0.0025,0.23,8.66,111.74
75210,-2.064,0.182,8.269,-0.6088,1.6268,-0.0230,0.30,9.46,111.86
75220,-2.353,0.034,8.307,0.1056,0.9412,0.0609,-0.42,10.54,111.65
75231,-2.127,0.009,8.821,0.9198,1.3723,0.0097,0.40,10.57,111.69
75240,-2.245,0.288,8.804,0.1028,1.8320,-0.0028,0.57,12.14,111.82
75251,-2.424,-0.637,8.593,-0.4453,1.4855,-0.0204,0.50,12.69,111.86
75261,-2.118,-0.143,9.776,-0.1615,1.5547,0.0092,0.06,13.84,111.76
75270,-2.627,0.124,9.404,0.3058,0.1030,-0.1059,0.30,14.46,111.81
75281,-1.938,0.048,23.041,0.2582,-1.9975,0.0381,0.41,13.93,111.84
75291,-2.241,0.435,19.285,0.4540,-2.0683,0.0324,0.64,12.22,111.89
75301,-1.493,0.566,15.270,0.5799,-2.2961,-0.0199,0.88,11.55,111.88
75310,-1.522,0.158,11.878,0.9599,-2.3211,0.0527,1.34,9.57,111.65
75320,-1.274,0.433,11.132,0.8238,-2.0176,0.0326,2.00,8.85,111.68
75331,-0.614,0.118,10.138,0.9249,-3.2455,0.1373,2.33,7.26,111.58
75341,-0.311,0.405,9.775,0.5227,-2.7842,0.0276,3.05,5.13,111.88
75351,-0.261,0.693,9.760,0.5811,-1.3857,-0.0041,2.92,4.07,111.75
75361,-0.166,1.173,9.754,0.3620,-2.0389,-0.0934,3.74,3.54,111.69
75371,0.538,1.070,9.771,0.3190,-3.0437,0.0662,3.36,1.71,111.73
75380,0.841,0.855,9.751,0.9645,-1.4345,0.0046,4.09,0.03,111.76
75391,1.091,0.541,9.518,0.9683,-0.2283,-0.0988,4.48,0.09,111.75
75400,0.695,0.754,9.623,1.0863,-0.5418,0.0452,5.15,-0.22,111.84
75410,1.329,0.982,9.721,0.0598,0.1313,0.0898,5.76,-0.49,111.83
75420,0.976,0.927,9.663,-0.1533,1.0321,0.0108,5.20,-0.05,111.85
75430,0.516,1.204,9.323,0.7243,-0.1375,-0.0618,5.57,0.70,111.80
75441,1.727,0.976,10.097,-0.1439,-0.7780,-0.0455,6.02,-0.18,111.62
75451,1.614,0.956,9.405,0.8405,-0.2652,-0.0285,5.41,-0.18,111.80
75460,1.046,1.289,9.411,1.3344,0.0358,-0.0418,6.99,-0.51,111.90
75471,1.572,0.949,9.733,0.6501,0.5883,0.0576,6.91,-0.16,111.68
75481,1.554,1.164,9.902,0.1540,0.0907,0.0617,7.72,0.17,111.72
75491,1.882,0.934,9.766,-0.1646,-0.2630,0.0792,7.08,-0.07,111.71
75501,1.307,0.883,10.131,0.1947,0.2097,-0.0283,7.53,-0.15,111.78
75511,1.076,1.546,9.557,-0.2881,-0.0488,0.0592,7.28,0.21,111.81
75521,1.285,1.039,9.952,0.4840,0.1500,0.0635,7.20,-0.18,111.80
75531,1.375,1.253,9.707,1.2067,0.0638,-0.0245,7.84,0.36,111.76
75541,0.938,1.856,9.552,0.0627,-0.4062,-0.0084,8.56,-0.10,111.68
75551,1.812,0.859,9.394,0.4295,0.0087,0.0599,7.92,-0.13,111.78
75560,1.554,1.652,9.838,0.6540,0.0242,-0.0305,9.06,-0.13,111.69
75571,1.618,1.521,9.850,-0.5785,-0.0820,-0.0317,8.69,-0.09,111.76
75580,1.916,1.650,9.426,-0.2461,-0.4280,-0.0290,8.38,-0.24,111.82
75591,1.721,1.459,10.081,0.4632,-0.2760,-0.0760,8.38,-0.57,111.78
75600,1.246,1.508,9.709,-0.0115,1.0544,-0.0538,8.91,-0.54,111.73
75610,1.706,1.417,9.537,-0.4363,0.4724,0.0297,8.37,0.64,111.67
75620,1.015,1.246,9.171,0.5237,-0.3548,-0.0740,8.43,-0.01,111.73
75631,1.651,1.732,9.588,0.2638,-0.1360,-0.0043,8.98,0.21,111.79
75641,1.181,1.764,9.477,-0.5427,-0.2671,0.0198,8.71,-0.20,111.81
75650,1.407,1.224,9.756,-0.4766,0.6923,0.0381,8.35,-0.12,111.66
75660,0.773,1.623,9.407,0.2132,0.2163,0.0156,8.19,0.57,111.84
75671,1.401,1.650,10.028,0.0472,-0.2514,-0.0052,8.57,0.08,111.88
75681,0.604,1.460,9.640,-0.3865,-0.0305,0.0325,8.24,0.30,111.81
75690,1.182,1.521,9.593,-0.9893,-0.0059,-0.0060,8.13,0.02,111.89
75701,1.152,1.056,9.844,-0.4492,0.2911,0.0696,7.17,0.34,111.96
75710,0.859,1.179,9.535,0.2732,-0.2042,0.0371,7.61,0.35,111.85
75720,0.846,1.332,9.727,-0.4583,-0.6631,-0.0496,7.48,0.14,111.76
75731,0.564,1.154,9.624,-0.4979,0.1741,-0.0030,7.10,-0.45,111.87
75741,0.407,1.546,9.638,-0.8728,0.1855,0.0387,6.90,0.33,111.83
75751,0.132,1.031,9.769,-0.6168,-0.5814,-0.0064,6.05,-0.24,111.81
75761,0.701,0.964,9.949,-0.8108,-0.4047,0.0582,6.18,-0.31,111.85
75770,0.801,0.327,10.284,-0.2976,-1.2890,-0.0777,5.11,-0.69,111.86
75781,0.451,0.776,10.313,-0.0079,-3.1644,0.1159,5.84,-1.80,111.82
75790,1.011,0.555,10.728,-0.6661,-3.8988,0.0362,5.14,-4.29,111.77
75801,0.966,0.854,11.248,-0.1710,-2.3172,-0.0621,5.02,-6.26,111.81
75811,1.351,1.215,11.798,-0.3850,-2.2379,0.1477,4.92,-6.97,111.67
75820,1.630,0.579,11.995,-0.9173,-3.2172,0.0444,4.57,-8.86,111.73
75830,1.346,0.405,11.985,-0.6914,-3.3060,0.0311,3.88,-10.67,111.69
75841,2.451,0.414,12.717,-0.8284,-2.7256,-0.0971,3.77,-12.65,111.82
75850,2.522,0.764,13.271,-0.5997,-1.8903,-0.0374,2.92,-13.80,111.77
75860,2.120,0.875,13.897,-0.2898,-2.3019,0.0695,3.07,-14.80,111.79
75871,2.033,0.250,13.921,-0.9639,-2.7565,0.0174,2.61,-16.49,111.87
75881,2.411,0.510,13.684,-1.1818,-3.2660,-0.0496,1.99,-17.96,111.85
75890,2.599,0.322,13.321,-0.8099,-3.5494,0.0054,1.28,-20.21,111.81
75900,2.615,-0.018,13.395,-0.4136,-2.4004,-0.0255,1.05,-22.04,111.85
75910,2.981,0.060,11.970,-0.5931,-2.6014,-0.0881,0.81,-22.99,111.72
75920,3.374,0.246,11.846,-0.9099,-3.3670,0.0487,0.38,-25.02,111.71
75930,3.927,0.048,11.463,-0.3342,-2.1697,0.0392,-0.23,-26.85,111.83
75940,3.200,-0.018,10.836,0.4011,-2.5692,0.0365,-0.01,-27.50,111.71
75950,3.689,0.078,9.963,-0.2382,-1.4852,0.0670,0.19,-29.80,111.83
75961,3.844,0.074,9.513,-0.4129,2.1856,0.0622,-0.28,-29.27,111.92
75970,3.229,-0.610,9.642,0.0043,2.4451,0.0746,-0.30,-27.26,111.74
75981,3.169,0.264,9.822,0.2875,2.0802,-0.0019,-0.30,-26.50,111.61
75991,3.117,0.104,10.351,0.4502,2.2910,-0.0104,0.01,-24.89,111.78
76000,2.489,-0.214,10.281,0.3331,2.0715,-0.0057,0.24,-23.88,111.82
76010,2.852,-0.349,10.796,-0.1308,2.1601,0.0232,0.38,-22.53,111.76
76021,2.096,-0.104,10.746,-0.4533,2.5257,0.1106,0.10,-21.39,111.86
76030,2.016,-0.175,10.959,-0.3965,2.4246,-0.0354,-0.14,-19.62,111.86
76040,2.155,-0.032,11.390,0.2364,1.8257,-0.0098,-0.36,-18.61,111.72
76050,1.808,0.250,11.030,0.3776,2.5639,-0.0711,0.16,-17.51,111.63
76060,0.891,0.037,11.493,-0.2132,2.6168,0.0540,0.06,-15.70,111.85
76071,0.664,-0.338,11.258,0.3421,1.4511,-0.0545,-0.08,-14.46,111.87
76081,1.154,0.180,11.911,-0.1194,1.4595,-0.0024,0.48,-14.02,111.82
76091,0.393,0.061,11.319,-0.2670,2.5925,-0.0617,-0.23,-12.81,111.85
76100,0.111,-0.365,11.574,-0.0747,2.4640,-0.0297,0.18,-11.06,111.70
76110,-0.023,-0.348,10.937,-0.0641,2.0215,-0.0539,-0.33,-10.00,111.76
76121,0.039,-0.210,10.965,0.4492,2.0634,0.0074,0.11,-8.77,111.81
76131,-0.747,-0.014,10.189,-0.4074,2.7783,-0.0481,0.16,-7.62,111.88
76141,-0.082,-0.240,10.641,0.4625,2.8170,0.0295,-0.35,-5.60,111.63
76151,-0.725,0.081,10.217,0.6214,1.5539,-0.0345,0.72,-4.40,111.71
76161,-0.955,0.093,9.381,-1.0368,1.1006,-0.0940,0.37,-3.87,111.69
76171,-0.544,-0.168,9.068,-0.2736,1.5875,0.0072,-0.48,-3.12,111.86
76180,-1.046,-0.075,9.156,0.5861,1.6525,-0.0276,0.07,-2.04,111.77
76190,-0.631,-0.177,9.442,0.2044,1.5639,-0.0098,0.18,-1.20,111.75
76200,-1.402,0.378,9.126,-0.2966,1.1536,0.0066,0.32,-0.24,111.80
76211,-1.250,0.180,8.615,-0.5053,1.3020,-0.0535,-0.14,0.16,111.88
76221,-1.413,0.134,8.454,-0.0551,1.8770,0.0174,-0.23,1.23,111.68
76230,-1.530,-0.167,8.058,0.0653,1.7959,-0.0139,-0.22,2.33,111.72
76240,-1.804,-0.136,7.918,0.1181,2.0621,-0.0165,-0.18,3.34,111.86
76251,-1.530,0.268,7.662,0.0544,1.5984,0.0447,-0.06,4.64,111.62
76260,-1.690,-0.227,8.009,0.1282,1.2803,0.0599,-0.14,5.16,111.93
76270,-1.831,0.276,7.933,-0.1148,1.9192,0.0789,0.09,6.05,111.89
76281,-2.146,0.104,8.145,-0.0975,1.6843,0.0282,-0.28,7.35,111.87
76290,-1.973,0.369,8.282,0.3376,1.3156,0.0472,-0.07,8.00,111.71
76301,-1.866,0.490,8.287,0.2807,1.2748,0.0563,0.07,8.85,111.65
76310,-1.909,-0.247,8.286,0.1711,1.9160,-0.0013,0.23,9.45,111.96
76320,-2.303,0.206,8.531,0.1116,1.5536,-0.0197,0.27,11.04,111.68
76331,-2.148,0.499,8.573,-0.2140,1.2273,-0.0328,0.37,11.23,111.71
76341,-2.417,0.219,8.903,-0.3723,1.7935,-0.0564,0.00,12.44,111.80
76350,-2.343,0.109,9.098,-0.0163,1.1705,-0.0143,-0.06,13.32,111.81
76360,-2.838,0.760,9.585,-0.0843,1.1377,0.0904,-0.02,13.79,111.79
76370,-2.738,-0.512,24.429,0.3139,-0.6114,0.0452,-0.19,14.64,111.70
76381,-1.661,0.015,22.043,0.6634,-2.2609,0.0352,0.33,13.05,111.78
76391,-1.760,-0.174,17.256,0.7440,-2.3306,-0.0730,0.56,12.05,111.74
76401,-1.314,0.307,14.250,1.2623,-2.3586,-0.0118,1.21,10.43,111.80
76411,-1.686,0.740,12.983,1.4748,-2.1758,-0.0090,2.00,9.32,111.72
76421,-1.558,0.011,14.295,1.0244,-2.7035,-0.0429,2.92,7.94,111.69
76431,-0.832,0.429,17.446,0.4270,-2.4919,-0.0409,3.16,6.23,111.86
76441,-0.335,0.625,18.675,0.3496,-2.4969,-0.0950,3.37,5.09,111.72
76450,0.963,1.166,16.151,1.0043,-2.3783,0.0307,3.55,3.35,111.89
76461,0.142,0.644,12.851,1.0747,-2.0194,0.0890,4.53,2.34,111.86
76471,0.519,0.943,10.772,0.4225,-1.8151,0.0257,4.79,1.02,111.77
76480,1.361,1.488,10.095,0.8128,-0.6356,-0.0728,4.98,0.26,111.82
76490,0.899,0.819,9.602,0.3941,0.0864,-0.0058,5.71,0.29,111.65
76500,0.985,0.848,9.727,0.4806,-0.3248,0.0094,5.48,0.39,111.78
76511,1.188,1.194,9.494,1.1173,-0.0759,-0.0187,6.25,-0.08,111.86
76520,1.032,1.410,9.771,0.1152,-0.0858,-0.0116,6.77,0.32,111.75
76531,1.286,1.248,9.946,0.2490,-0.4855,-0.0414,6.39,-0.19,111.88
76540,0.950,1.478,10.028,0.9184,0.2815,-0.0630,7.13,-0.22,111.84
76551,1.253,1.512,10.155,0.1798,0.1410,-0.0708,7.45,0.15,111.75
76560,1.098,1.348,9.306,0.5738,0.0417,-0.1117,7.32,-0.04,111.94
76571,1.664,1.515,10.022,0.8115,0.2948,-0.0191,8.10,0.21,111.88
76581,1.554,1.309,9.475,0.1968,-0.0915,0.0104,8.26,0.32,111.90
76590,1.522,1.102,9.763,0.2261,-0.6718,0.0446,8.34,0.09,111.88
76600,1.688,1.503,9.949,0.8941,-0.4105,-0.0716,8.56,-0.47,111.79
76610,1.454,1.329,10.008,0.2402,0.0154,-0.0037,9.36,-0.41,111.76
76620,1.344,1.496,9.464,0.3030,0.3694,0.0577,8.85,-0.44,111.73
76631,1.299,1.449,9.931,0.4277,0.5310,-0.0578,9.66,0.05,111.78
76640,2.156,1.717,9.930,0.0350,0.3578,0.0598,9.38,0.18,111.74
76651,1.453,1.617,9.858,0.0886,-0.2859,0.0489,9.72,0.45,111.84
76661,1.545,1.235,10.055,0.2545,-0.5513,0.0582,9.48,-0.14,111.80
76670,1.532,1.662,9.352,0.0752,0.3311,0.1342,10.01,-0.21,111.83
76680,1.465,1.574,9.684,-0.0072,0.3918,0.0320,9.56,0.26,111.77
76690,1.376,1.418,10.135,0.5124,-0.5775,-0.0152,10.04,0.25,111.81
76700,1.718,1.632,9.507,-0.5346,-0.1755,-0.0364,10.11,-0.39,111.67
76711,1.314,2.374,9.390,-0.1912,0.3779,0.0596,9.44,0.06,111.83
76720,1.737,1.441,9.887,-0.0155,-0.3560,-0.0071,9.90,0.02,111.83
76731,1.777,2.091,9.576,-0.0396,0.1062,0.0287,9.42,-0.37,111.82
76741,1.516,1.692,9.876,0.1950,0.3138,0.0043,9.86,0.14,111.72
76750,1.609,1.750,9.448,-0.6896,-0.3551,-0.0193,9.63,0.01,111.66
76761,0.902,1.607,9.499,-0.4486,0.0312,-0.0150,9.11,-0.27,111.74
76771,1.143,1.064,9.788,-0.0354,0.0837,0.0362,9.16,0.01,111.78
76781,1.148,2.078,9.811,-0.6925,0.4760,-0.0114,9.02,-0.19,111.91
76791,1.252,1.306,9.575,0.0159,0.1550,0.0932,8.35,0.57,111.81
76800,1.258,1.522,9.646,-0.0709,-1.1546,-0.0019,9.08,-0.03,111.74
76810,1.159,1.289,9.663,-0.6867,0.4058,-0.0663,8.26,-0.78,111.71
76821,1.086,0.888,9.896,-0.1016,0.4342,-0.1116,8.27,0.44,111.75
76831,0.430,1.785,9.649,-1.0000,-0.3829,-0.0776,8.14,-0.27,111.92
76841,0.789,1.113,10.184,-1.1855,0.3127,0.0347,7.14,-0.00,111.78
76850,0.404,1.334,10.220,-0.5787,-0.3603,-0.0197,6.77,0.08,111.76
76861,0.095,0.753,10.922,-0.1077,-1.3539,-0.0702,6.46,-0.43,111.76
76871,0.304,0.981,10.280,-0.3506,-2.8850,-0.0344,6.69,-1.49,111.73
76881,0.968,1.233,10.905,-0.5688,-3.5844,0.0253,6.05,-3.75,111.51
76891,1.230,1.361,10.975,-0.4081,-2.7568,0.1145,6.03,-5.63,111.72
76900,1.196,0.861,11.346,-0.9664,-2.6553,0.0214,5.63,-6.94,111.80
76910,1.347,0.775,12.164,-0.5715,-2.6057,0.0001,4.93,-8.64,111.73
76920,1.557,0.926,12.303,-0.6059,-2.8360,-0.0170,5.00,-9.93,111.89
76931,1.622,0.532,13.035,-1.3762,-3.3042,-0.0635,4.22,-11.91,111.77
76940,1.808,0.579,13.357,-0.6207,-2.6936,-0.0973,3.44,-13.70,111.85
76950,1.978,0.872,13.706,-0.6599,-3.2862,-0.0124,3.50,-15.04,111.66
76961,2.783,0.715,13.492,-0.8644,-2.1941,-0.0201,2.67,-17.44,111.77
76970,2.556,0.382,13.542,-0.8117,-2.1925,-0.0079,2.52,-17.53,111.82
76981,2.560,-0.072,13.561,-0.7115,-3.6598,-0.0396,1.71,-19.93,111.56
76990,3.017,0.235,12.916,-0.6504,-2.9104,0.0885,1.70,-21.76,111.67
77001,3.129,0.095,12.858,-1.0634,-2.5319,0.0806,0.95,-23.30,111.77
77010,3.111,-0.211,11.879,-0.9696,-2.8836,0.0148,0.47,-24.66,111.70
77021,3.787,-0.495,10.945,0.1011,-2.6313,-0.0607,-0.12,-26.64,111.69
77031,3.776,-0.102,10.776,0.0658,-2.5780,-0.0595,0.59,-27.71,111.81
77041,3.682,-0.488,9.648,-0.1248,-0.7868,0.0286,-0.01,-29.61,111.84
77051,3.174,-0.381,9.686,-0.7844,1.6003,0.0643,0.49,-28.62,111.70
77061,3.712,-0.237,9.926,-0.4172,2.4978,0.0301,-0.88,-27.76,111.68
77070,2.756,0.064,10.189,0.7398,2.2312,0.0148,0.04,-25.75,111.88
77080,2.965,-0.337,10.321,0.0754,1.3385,-0.0251,-0.05,-25.22,111.80
77091,3.179,-0.281,10.891,0.2852,2.2318,-0.0117,0.13,-24.20,111.75
77101,2.440,0.232,11.054,-0.3738,2.3433,0.0015,0.28,-22.62,111.85
77111,2.166,0.160,10.932,0.4133,2.1120,0.0578,-0.31,-21.53,111.73
77121,2.119,0.489,11.287,0.5816,2.5227,0.0094,0.72,-20.18,111.84
77131,1.541,0.142,11.075,-0.5162,2.4868,-0.0099,0.33,-18.64,111.82
77141,1.491,-0.052,11.492,-0.2171,1.8236,0.0391,0.11,-17.36,111.72
77151,1.272,0.484,11.189,-0.0283,1.9797,0.0694,0.01,-16.57,111.81
77161,0.732,0.141,11.345,-0.2277,2.7653,0.0216,0.09,-15.08,111.87
77171,1.089,-0.860,11.570,-0.1702,2.0963,0.0024,-0.27,-13.39,111.62
77181,0.604,-0.415,11.590,0.1417,1.9808,0.0459,-0.08,-12.65,111.99
77190,0.371,0.116,11.401,-0.0530,2.6169,-0.0432,-0.10,-11.15,111.72
77200,0.127,-0.517,11.095,0.3002,2.4606,0.0598,-0.16,-9.67,111.79
77211,-0.164,0.077,10.499,0.0143,2.4650,-0.0974,0.25,-8.34,111.95
77221,-0.667,0.315,10.735,-0.0888,2.2458,0.0285,-0.10,-6.91,111.74
77230,-0.585,0.283,10.247,0.3282,1.7798,-0.0535,0.14,-5.76,111.76
77240,-0.831,-0.233,10.290,0.0820,1.3602,0.0348,0.32,-4.89,111.66
77250,-0.862,0.118,9.800,0.0814,1.5358,0.0130,0.23,-4.19,111.77
77260,-0.556,-0.290,9.549,-0.2531,2.2207,-0.0597,0.42,-3.11,111.74
77270,-0.983,0.134,9.621,-0.2097,1.6125,0.0117,-0.04,-1.66,111.91
77281,-1.255,0.101,8.860,-0.1376,1.2972,-0.0265,0.15,-1.27,111.77
77291,-0.818,0.179,8.657,-0.3620,1.9363,-0.0007,-0.19,-0.18,111.82
77301,-1.493,0.257,8.330,0.2409,1.6294,-0.0534,-0.30,0.96,111.77
77311,-1.381,-0.369,8.311,0.3564,1.5389,0.0584,0.09,1.68,111.80
77321,-1.710,0.156,8.145,-0.1675,1.6002,-0.0276,0.09,2.68,111.80
77331,-1.176,0.313,7.820,0.0542,1.3790,0.0362,-0.07,3.49,111.79
77340,-1.856,-0.248,8.097,-0.1286,1.3189,-0.0489,0.20,4.28,111.73
77351,-2.020,-0.073,7.555,-0.5380,1.3913,-0.0577,-0.18,5.03,111.83
77360,-1.783,-0.049,7.824,-0.1602,1.8142,-0.0314,-0.40,5.88,111.85
77371,-2.300,-0.289,7.928,0.3541,1.7241,-0.0263,-0.36,7.11,111.84
77381,-1.777,0.281,7.371,0.4558,1.1843,-0.0933,-0.00,7.86,111.86
77390,-1.861,-0.045,8.070,0.2965,2.0324,0.0768,0.16,8.46,111.73
77400,-2.366,0.231,8.202,-0.0491,1.9552,-0.0900,0.36,10.21,111.85
77410,-1.946,-0.340,8.928,-0.4493,1.3835,0.0169,0.14,10.66,111.86
77421,-2.713,0.079,8.382,-0.3202,1.3756,-0.0488,-0.16,11.80,111.84
77431,-2.299,-0.457,8.990,-0.3498,1.5793,-0.0188,-0.23,12.22,111.92
77441,-2.145,-0.613,8.909,0.1620,2.1878,0.0948,-0.57,13.57,111.74
77451,-2.644,-0.073,9.413,1.0457,0.3602,0.0420,-0.06,14.74,111.80
77460,-2.470,0.021,23.098,0.4874,-1.8249,0.0964,0.65,13.98,111.77
77471,-2.212,-0.265,20.247,0.4643,-2.1149,-0.0555,0.52,12.64,111.94
77480,-1.398,0.687,16.303,0.8255,-1.6451,-0.0406,1.16,11.53,111.78
77490,-1.640,0.411,12.821,0.6810,-2.1341,-0.0659,1.50,10.72,111.79
77500,-1.193,0.399,10.821,0.8362,-2.9479,0.0384,1.95,9.09,111.80
77510,-0.943,0.806,9.338,0.8012,-2.7662,0.0265,2.44,7.32,111.92
77521,-0.595,0.389,10.339,0.3419,-2.2288,0.0419,2.87,5.90,111.75
77531,-0.296,1.044,9.970,-0.2599,-2.2613,-0.0332,2.84,4.78,111.81
77541,0.170,0.439,9.892,0.8937,-2.4235,0.0063,2.60,3.34,111.87
77551,0.541,0.666,9.483,1.2106,-2.3711,-0.0208,3.87,2.00,111.90
77561,0.897,0.116,9.158,0.3738,-1.8117,-0.0094,3.99,0.60,111.79
77570,0.679,0.547,10.172,0.6078,-0.6920,-0.0221,4.32,-0.05,111.65
77581,0.847,1.591,9.835,0.3914,0.0924,0.0599,4.66,-0.18,111.74
77590,0.855,0.501,9.582,0.0901,0.0971,0.0380,4.76,0.05,111.81
77601,1.315,1.001,10.018,0.4886,-0.0951,-0.0321,4.77,-0.06,111.79
77610,1.020,0.442,9.514,1.2261,0.3533,0.0032,5.34,-0.05,111.68
77621,1.039,0.842,9.811,0.6336,0.0594,-0.0014,6.16,0.36,111.77
77630,0.948,1.096,9.708,0.1385,-0.1740,0.0517,6.06,0.02,111.88
77641,0.918,0.892,9.543,0.4083,-0.1059,0.0468,6.36,0.15,111.70
77650,1.829,1.420,9.939,0.5885,-0.3995,0.0021,6.52,-0.13,111.82
77661,1.438,1.344,9.889,0.1827,-0.5289,-0.0218,7.08,-0.32,111.65
77670,1.255,0.919,9.937,0.1816,0.1785,0.0429,6.74,-0.73,111.80
77680,0.882,1.152,9.883,0.4781,0.6182,0.0615,7.28,-0.15,111.74
77691,1.837,1.551,10.068,0.4516,0.2995,-0.0076,7.24,-0.03,111.84
77701,0.955,1.242,9.167,0.1159,0.0529,0.0413,7.83,0.15,111.76
77710,1.652,0.971,9.627,0.4909,-0.3224,-0.0371,7.39,0.04,111.93
77721,1.702,1.764,9.639,0.6326,-0.1739,0.0759,8.36,-0.22,111.82
77731,1.687,1.687,9.930,0.0519,0.3084,0.0463,8.09,-0.15,111.85
77740,1.504,1.166,9.897,0.1705,0.3037,-0.0068,8.41,0.15,111.87
77751,1.802,1.657,9.798,-0.5767,-0.6087,-0.0922,8.28,0.17,111.75
77761,1.445,1.147,9.676,0.0275,-0.8334,-0.0264,7.75,-0.53,111.79
77770,1.682,1.873,9.626,0.5710,0.4428,-0.0937,8.28,-0.78,111.73
77781,1.298,1.268,9.663,0.1402,0.9341,-0.0193,8.39,-0.05,111.82
77791,1.349,0.581,9.589,-0.1664,0.3747,0.0032,8.44,0.30,111.77
77801,1.608,1.491,9.560,0.1130,-0.3244,-0.0018,8.20,0.38,111.80
77810,1.552,1.131,9.903,-0.2626,-0.2461,-0.0270,8.55,-0.07,111.73
77821,1.213,1.216,9.870,-0.4813,-0.4307,0.0159,7.91,0.09,111.84
77831,0.774,1.488,9.693,0.2620,0.6488,-0.0196,7.99,-0.57,111.83
77840,0.896,1.827,9.369,-0.3290,0.4993,-0.0159,8.20,0.83,111.79
77850,1.686,1.415,9.987,-0.7995,-0.7889,-0.0360,7.65,-0.01,111.78
77861,1.132,1.242,9.981,0.5067,0.1301,0.0340,7.29,-0.08,111.75
77870,1.003,0.903,9.803,0.2380,0.5169,0.0181,8.23,0.14,111.92
77880,0.904,1.327,9.962,-1.2763,-0.0383,-0.0559,7.59,0.48,111.72
77891,0.913,0.862,9.677,-0.3134,-0.5351,-0.0134,6.79,0.05,111.81
77901,0.871,1.357,9.314,0.0030,0.1588,-0.0097,7.22,-0.18,111.81
77910,0.416,1.391,9.498,-0.6166,-0.2249,-0.0267,6.82,0.27,111.78
77921,0.717,0.808,9.550,-0.4857,0.2464,-0.0054,6.52,-0.42,111.77
77930,0.449,1.010,10.054,-0.2922,0.0811,0.1081,6.25,0.54,111.61
77940,0.745,1.069,9.646,-0.1194,-0.0575,-0.0336,6.15,-0.36,111.69
77951,0.611,1.264,10.322,-0.5612,-0.4735,0.0129,6.11,0.48,111.88
77960,0.493,0.888,10.514,-0.6654,-2.8333,0.0016,5.49,-0.93,111.76
77971,1.061,1.049,10.695,-0.2820,-3.3270,0.0252,5.34,-2.75,111.72
77981,1.401,0.763,10.621,-0.4370,-3.1156,-0.0736,5.15,-4.74,111.74
77991,1.180,0.701,11.406,-0.9346,-3.0399,0.0705,4.84,-6.32,111.70
78001,1.605,1.092,11.710,-0.9645,-2.7398,-0.0045,4.08,-8.23,111.54
78011,1.331,0.466,11.953,-0.4871,-2.3346,0.0080,3.70,-9.44,111.73
78021,1.421,0.356,12.386,-0.6131,-2.8612,0.0966,3.53,-10.86,111.84
78030,1.688,0.211,12.722,-0.9596,-2.8570,0.0057,2.98,-12.71,111.82
78041,1.566,0.512,13.654,-0.3115,-2.6979,-0.1661,2.42,-14.17,111.78
78050,2.439,0.298,13.258,0.1116,-3.0551,0.0339,2.65,-15.78,111.72
78061,2.505,-0.024,13.859,-0.6909,-3.7783,0.0272,2.50,-17.66,111.76
78070,2.858,-0.197,13.661,-1.1935,-2.2474,-0.0072,1.88,-20.08,111.80
78080,2.396,0.175,13.390,-1.4867,-1.9584,-0.0397,1.14,-20.24,111.82
78091,3.236,0.041,12.204,-0.4606,-3.3669,0.0241,0.17,-22.29,111.69
78100,3.425,0.370,11.990,0.1178,-2.7414,0.0108,0.66,-24.10,111.77
78110,3.580,0.234,11.501,-0.9853,-2.5022,0.0682,0.28,-25.43,111.79
78121,4.164,0.018,10.604,0.1717,-2.6704,-0.1181,-0.47,-26.96,111.85
78130,3.931,0.099,10.301,0.6643,-2.2316,0.0739,0.44,-28.52,111.69
78141,3.904,0.221,9.737,-0.3545,0.3921,0.0025,0.26,-29.52,111.82
78151,3.594,-0.377,10.071,0.1717,1.9642,0.0104,0.08,-28.11,111.70
78160,3.449,0.394,10.130,-0.2075,1.6709,0.1404,0.41,-27.26,111.68
78171,3.232,-0.262,9.893,-0.2236,1.9624,-0.0256,-0.15,-26.22,111.67
78180,2.674,0.264,10.339,0.1468,1.7922,0.0138,0.18,-25.06,111.72
78191,2.433,-0.547,10.464,-0.1122,2.4655,-0.0208,-0.01,-24.12,111.81
78201,2.035,-0.111,10.392,0.7049,2.7140,-0.0098,0.05,-22.25,111.62
78210,2.132,0.263,10.817,0.1749,1.9933,0.0008,0.80,-21.00,111.77
78220,2.188,0.147,11.079,-1.0495,2.4787,-0.0354,0.25,-19.98,111.81
78231,1.147,-0.094,11.249,-0.3329,2.7217,-0.0379,-0.41,-18.19,111.94
78240,1.642,-0.049,11.586,0.6014,2.2188,0.0054,-0.10,-16.85,111.77
78250,1.150,0.255,11.168,-0.3334,2.0390,-0.0260,0.29,-15.66,111.73
78261,1.310,0.535,11.537,-0.5135,2.1584,0.0202,-0.44,-14.49,111.77
78271,0.622,-0.331,11.097,0.1741,2.0737,-0.0583,-0.30,-13.19,111.80
78281,1.134,-0.410,11.389,0.2036,2.1584,0.0301,-0.27,-12.15,111.77
78290,0.222,-0.249,10.921,0.5525,2.0582,-0.0104,-0.08,-10.69,111.73
78300,0.492,-0.164,10.819,0.2691,2.0970,-0.0114,0.33,-9.81,111.70
78311,-0.346,0.256,11.233,-0.2179,2.4448,0.0478,0.23,-8.33,111.74
78320,-0.089,-0.132,10.157,-0.1174,1.9132,-0.0017,0.08,-7.03,111.65
78331,-0.094,0.156,10.877,0.2518,1.9054,-0.0171,0.13,-6.15,111.87
78340,-0.716,0.261,9.803,-0.4803,1.7698,0.0119,0.39,-4.84,111.87
78350,-0.908,-0.128,9.808,-0.2838,1.7328,0.0081,-0.42,-4.12,111.82
78361,-1.089,0.052,9.407,0.5037,1.7700,0.0023,0.02,-2.85,111.74
78371,-0.979,0.387,9.570,-0.0662,1.3706,-0.0499,0.13,-2.11,111.83
78380,-0.900,-0.204,8.955,-0.2407,1.5581,-0.0793,-0.07,-1.24,111.82
78391,-1.027,0.063,8.549,0.3690,2.0200,-0.0617,-0.17,-0.33,111.78
78400,-1.240,-0.189,8.532,0.1498,1.9245,-0.0751,0.37,1.08,111.86
78411,-1.506,-0.122,8.364,-0.0346,1.1182,0.0413,0.00,1.88,111.91
78420,-1.658,0.225,8.183,0.3121,1.3109,-0.0306,0.37,2.38,111.84
78431,-1.774,-0.019,7.612,-0.4830,1.9165,-0.0511,0.35,3.37,111.78
78440,-1.977,-0.161,7.773,-0.3369,1.9904,0.0260,-0.20,4.60,111.85
78450,-1.569,0.170,7.690,0.0844,1.1165,0.0315,-0.01,5.61,111.86
78460,-1.809,-0.016,8.126,-0.0616,1.0565,-0.0276,-0.10,5.87,111.82
78471,-1.852,0.103,7.842,-0.0282,1.4544,-0.0610,-0.05,6.78,111.97
78480,-1.846,-0.026,8.320,-0.2715,2.1835,-0.0776,-0.15,7.55,111.75
78490,-2.093,0.159,8.165,-0.4404,2.1547,-0.0138,-0.38,9.27,111.83
78501,-2.092,0.332,8.435,-0.1151,1.0713,-0.0440,-0.66,10.00,111.62
78510,-1.917,0.244,8.046,0.4847,1.4259,0.0745,-0.46,10.48,111.79
78521,-2.201,-0.046,8.315,0.5964,1.4140,0.0078,-0.09,11.64,111.90
78531,-2.364,-0.105,9.058,-0.2341,1.9657,-0.0006,0.22,12.09,111.87
78540,-2.346,-0.250,8.953,-0.2325,2.0830,-0.0160,-0.35,13.90,111.83
78551,-2.422,0.340,9.740,0.4974,0.5293,0.0153,-0.04,14.50,111.82
78561,-2.433,0.406,24.908,0.2947,-0.6630,0.0815,0.19,14.47,111.73
78571,-2.281,0.211,23.059,0.1184,-2.5520,-0.0462,0.33,13.70,111.84
78581,-1.811,-0.160,18.133,0.5298,-2.4426,0.0987,0.31,11.52,111.71
78590,-1.504,0.251,13.010,1.0980,-1.5631,-0.0888,0.92,10.93,111.75
78601,-1.293,0.242,11.496,0.7250,-2.5599,0.0461,1.53,9.74,111.79
78611,-0.950,0.537,10.211,0.8840,-2.0955,-0.0914,1.74,8.00,111.81
78620,-0.877,0.117,9.460,1.0986,-1.7669,-0.0090,2.50,7.35,111.82
78630,-0.768,0.387,9.594,0.6444,-2.6375,-0.0987,3.01,5.99,111.97
78640,0.029,0.615,9.401,-0.0380,-2.2914,-0.0067,3.23,4.35,111.73
78651,0.212,0.709,9.971,0.6122,-1.5862,-0.0088,2.97,3.43,111.85
78661,0.449,1.086,10.178,0.2775,-2.2872,0.0138,3.91,2.51,111.76
78671,0.213,0.075,10.077,0.0993,-2.1668,0.0019,3.30,0.80,111.81
78681,0.992,1.008,9.448,0.9178,-1.0219,-0.0242,4.03,0.01,111.80
78690,0.957,0.797,9.637,0.3755,-0.2332,0.0312,4.36,-0.35,111.93
78700,1.090,0.745,9.988,0.2821,-0.2569,-0.1177,4.42,-0.23,111.86
78711,1.061,0.844,9.932,0.4879,0.1204,0.0477,4.67,-0.65,111.70
78720,1.372,0.338,9.722,0.6656,0.7962,0.0088,4.97,-0.11,111.84
78731,1.198,0.656,9.755,0.4860,-0.0346,0.0754,5.47,0.27,111.73
78741,1.267,1.164,9.641,0.2978,-0.1963,0.0312,5.55,-0.13,111.85
78750,1.147,1.103,9.346,0.6295,0.1623,0.0039,5.82,0.01,111.86
78760,1.403,0.912,9.595,-0.1930,-0.0316,0.0208,6.25,0.09,111.73
78771,1.664,1.241,9.817,0.0780,-0.4590,0.0169,5.63,-0.01,111.78
78780,1.744,1.301,10.094,0.7275,0.2182,-0.0225,6.33,-0.45,111.85
78790,1.463,0.980,9.846,-0.1783,0.2368,-0.0118,6.47,0.23,111.82
78801,1.873,0.830,9.795,0.2260,-0.1831,0.0145,6.14,-0.17,111.78
78810,1.392,1.177,9.912,0.6621,0.2079,0.0543,6.76,-0.01,111.82
78821,1.570,1.259,10.037,0.0528,0.4103,-0.0817,6.88,0.07,111.65
78831,1.491,1.216,9.684,0.2240,-0.3424,-0.0509,6.82,0.42,111.75
78841,1.733,1.340,9.827,0.1832,-0.5962,0.0170,7.18,-0.33,111.83
78851,1.410,1.098,9.891,0.0361,0.0920,0.0135,7.06,-0.32,111.82
78860,1.454,1.700,9.584,0.5893,-0.0398,-0.0096,7.23,-0.26,111.81
78870,1.551,1.520,9.879,0.0244,-0.2829,0.0233,7.70,-0.36,111.68
78880,1.494,1.074,9.431,-0.4104,0.6530,-0.0034,7.28,-0.56,111.91
78890,1.678,1.092,9.672,0.5179,0.6392,0.0643,7.19,0.42,111.96
78901,1.133,1.121,9.970,0.6248,-0.4454,0.0302,7.85,0.19,111.66
78910,1.853,1.614,9.862,-0.1988,-0.1010,-0.0329,7.92,-0.06,111.87
78920,1.814,0.873,9.705,-0.5041,0.2963,0.0227,7.63,0.08,111.83
78931,1.722,1.551,9.983,-0.5374,0.5973,-0.0339,7.35,0.31,111.70
78940,1.368,0.990,9.787,0.0037,-0.4067,0.0467,7.02,0.73,111.81
78950,1.136,1.796,9.827,0.6942,-0.8221,0.0069,7.35,-0.17,111.79
78960,1.556,0.916,10.068,0.0660,0.2090,0.0293,7.83,-0.17,111.77
78971,1.100,1.355,9.651,-0.0371,0.0648,-0.0694,7.44,0.07,111.89
78980,1.040,0.910,9.936,-0.3238,-0.3050,0.0101,7.81,-0.09,111.93
78991,1.198,1.184,9.412,-0.8257,0.0526,-0.0215,7.08,-0.26,111.76
79000,0.818,1.488,9.751,-0.5344,0.0252,-0.0482,6.86,0.01,111.81
79011,1.020,0.887,10.214,-0.5789,-0.0175,-0.0226,6.47,-0.28,111.74
79020,0.860,1.028,10.300,-0.4850,0.2070,-0.0681,6.20,0.04,111.89
79030,0.949,1.094,9.262,-0.1229,0.1338,0.0035,5.93,-0.05,111.70
79040,0.878,0.579,9.632,0.8241,0.1515,-0.0503,6.04,0.23,111.88
79050,0.568,1.308,9.382,0.3532,0.2865,0.0670,6.86,0.15,111.81
79060,0.450,1.266,9.700,-0.7326,0.1232,0.0520,6.45,0.59,111.71
79071,0.238,1.230,9.979,-0.5279,-0.7764,-0.0105,6.00,0.27,111.82
79081,0.442,1.134,10.177,-0.0656,-0.2347,0.0128,5.82,-0.28,111.75
79090,0.828,1.140,9.998,-0.1297,0.0851,-0.0275,5.92,0.04,111.72
79100,0.935,0.790,10.409,-0.9105,-1.4773,-0.0894,5.65,-0.18,111.80
79110,0.193,0.762,10.360,-0.7711,-2.7686,-0.1249,4.86,-1.63,111.93
79120,1.402,0.682,10.442,-0.4788,-2.8857,-0.0894,4.75,-3.32,111.68
79130,1.189,0.417,10.361,-0.4920,-2.1837,0.1202,4.31,-4.93,111.76
79140,1.145,0.519,11.243,0.0814,-2.7375,-0.0244,4.23,-5.82,111.75
79150,1.519,0.196,11.454,-0.4288,-3.1083,-0.0195,4.40,-8.03,111.84
79160,1.385,0.776,12.182,-0.9384,-2.1201,-0.0442,3.76,-9.35,111.78
79171,1.654,0.347,12.427,-0.7541,-2.7659,-0.0180,3.36,-10.47,111.78
79180,1.747,0.418,13.326,-0.8319,-2.7022,-0.0421,2.88,-12.54,111.70
79191,1.977,0.725,13.256,0.1157,-2.1005,0.0351,2.40,-13.54,111.85
79201,2.166,0.627,13.967,-0.3309,-2.3933,-0.0282,3.01,-14.98,111.79
79210,2.406,0.426,13.746,-1.0746,-2.4505,0.0551,1.99,-16.27,111.80
79220,2.082,0.696,14.420,-0.0409,-2.4677,0.0161,1.78,-17.78,111.78
79230,2.856,0.368,14.123,-0.0299,-2.6159,0.0277,1.93,-19.06,111.97
79240,2.541,0.325,14.041,-0.9564,-2.7968,0.0080,1.76,-20.79,111.78
79250,3.207,-0.474,13.136,-0.6906,-2.4565,0.0190,0.83,-22.27,111.61
79260,3.064,0.121,12.357,0.1804,-2.8281,0.0002,0.95,-23.60,111.71
79271,3.368,0.337,11.628,-0.3797,-2.6683,0.0150,1.06,-25.46,111.57
79281,3.720,0.062,11.467,-1.0461,-2.7836,0.0071,0.51,-26.66,111.85
79291,3.467,0.141,9.933,-0.1787,-2.2853,-0.0057,-0.14,-28.64,111.79
79301,3.806,0.030,9.917,-0.0844,-0.3464,0.0475,0.34,-29.27,111.76
79310,3.995,0.056,9.769,-0.3292,0.9996,-0.0888,-0.22,-29.04,111.91
79321,3.434,-0.121,9.656,0.2495,2.2060,-0.0192,-0.05,-28.14,111.82
79331,3.668,-0.072,9.326,-0.1521,2.0759,0.0290,0.10,-26.49,111.71
79340,3.255,-0.270,9.666,-0.4763,1.8524,0.0694,-0.24,-25.78,111.89
79351,2.783,0.081,10.119,0.0401,2.7775,0.0911,-0.43,-24.37,111.86
79360,2.766,0.007,10.446,0.6576,1.9837,-0.0456,-0.16,-22.58,111.87
79371,1.878,-0.336,10.805,0.3412,1.2174,0.0399,0.30,-22.14,111.82
79380,2.538,0.159,10.640,-0.1356,2.3814,-0.0473,0.21,-21.20,111.85
79391,1.866,0.135,11.133,-0.2522,2.0681,-0.0366,0.14,-19.38,111.79
79401,2.020,0.393,11.255,-0.0203,1.6110,0.0466,-0.06,-18.80,111.90
79411,1.279,-0.416,11.656,0.0491,2.7485,0.0624,0.11,-17.55,111.84
79421,1.456,0.364,11.281,-0.1854,1.5267,0.0519,-0.03,-15.61,111.79
79431,1.228,-0.498,10.888,-0.2282,0.8098,-0.0940,-0.07,-15.80,111.78
79440,0.952,-0.039,11.336,-0.1609,2.5977,-0.0548,-0.29,-14.67,111.72
79450,0.781,-0.562,11.043,0.0788,2.5749,0.0240,-0.28,-12.79,111.82
79461,0.281,-0.230,11.206,0.4489,1.3385,-0.0046,-0.20,-11.67,111.68
79471,0.611,0.410,10.623,0.3452,1.5114,-0.0130,0.23,-11.27,111.78
79481,0.165,0.362,10.888,0.0472,2.8945,-0.0404,0.19,-9.88,111.67
79490,0.137,-0.268,10.576,-0.9512,2.2921,-0.0734,0.29,-7.96,111.67
79501,-0.177,0.046,10.643,-0.2355,1.9173,0.0500,-0.88,-7.28,111.82
79511,-0.291,0.277,10.557,0.5875,2.1704,0.0312,0.01,-5.77,111.75
79521,-0.864,-0.339,10.133,-0.8139,1.2590,0.0476,-0.18,-4.74,111.85
79531,-0.664,-0.030,10.030,-0.0198,1.3451,0.0279,-0.89,-4.36,111.83
79540,-0.831,-0.074,9.213,0.9018,2.0512,-0.0350,-0.22,-3.19,111.88
79550,-0.798,-0.087,9.406,0.2019,1.4876,0.0265,0.15,-2.05,111.79
79560,-1.129,-0.240,8.978,-0.2020,1.3812,0.0122,-0.04,-1.41,111.77
79571,-1.221,0.195,8.977,-0.0067,1.2599,-0.0115,-0.09,-0.46,111.76
79580,-1.035,-0.149,8.348,0.1778,1.1144,-0.0808,-0.05,0.06,111.75
79591,-1.724,-0.170,8.395,-0.1153,1.8102,-0.0048,0.10,0.79,111.71
79601,-1.738,-0.067,8.044,-0.2340,1.5260,-0.0549,-0.16,2.13,111.76
79611,-1.455,-0.228,7.866,-0.1222,0.9480,-0.0440,-0.15,2.54,111.86
79621,-1.097,0.052,8.218,0.4594,1.5083,0.0070,-0.27,3.20,111.85
79630,-1.674,-0.038,7.533,0.3461,1.7159,0.0239,0.38,4.27,111.89
79640,-1.699,0.076,7.644,-0.6470,1.5813,-0.0267,0.14,5.17,111.71
79650,-2.009,0.215,7.908,-0.4899,1.3460,0.0150,-0.36,6.08,111.89
79660,-2.242,-0.148,7.905,0.4496,1.2702,-0.0017,-0.40,6.72,111.88
79670,-2.062,-0.211,7.553,0.3676,0.9000,0.0716,0.20,7.55,111.68
79680,-1.834,0.125,7.826,-0.5083,1.6343,-0.0315,0.05,7.78,111.85
79691,-2.090,-0.173,7.870,-0.4845,1.6025,0.0262,-0.41,9.42,111.74
79701,-2.376,0.186,8.091,-0.1310,1.3434,-0.0918,-0.50,9.62,111.76
79711,-2.347,-0.371,8.266,0.7045,1.4963,-0.0775,-0.56,10.95,111.86
79720,-2.191,0.348,8.289,0.7877,1.3267,-0.0384,0.34,11.34,111.84
79731,-2.331,-0.055,9.055,-0.0444,1.6170,-0.0305,0.35,12.45,111.82
79740,-2.057,0.353,9.330,-0.4698,1.5565,-0.0457,0.26,13.18,111.81
79750,-2.393,0.276,9.042,-0.4262,1.7914,0.0159,-0.18,14.23,111.77
79760,-2.378,-0.136,24.450,0.3236,-0.5050,-0.0692,-0.24,15.21,111.81
79770,-2.422,0.001,23.069,0.2326,-2.7519,0.0868,0.18,13.64,111.79
79781,-2.165,-0.585,18.222,1.1268,-2.5526,0.0857,0.04,12.06,111.97
79790,-1.493,-0.218,14.146,1.5902,-2.1328,0.0492,1.48,10.70,111.89
79801,-1.157,0.438,11.414,0.2691,-2.2302,-0.0234,1.86,9.60,111.73
79811,-1.422,0.104,10.406,0.1961,-2.3278,0.0339,1.79,8.14,111.68
79820,-0.564,0.715,9.826,1.0439,-2.4426,0.0143,2.07,6.94,111.72
79831,-0.512,0.259,9.459,0.7776,-2.5052,0.0447,2.96,5.34,111.82
79840,-0.262,0.434,9.662,0.5285,-2.5419,0.0135,2.95,4.06,111.75
79850,0.728,0.940,9.538,0.4022,-2.7062,-0.0203,3.56,2.45,111.78
79860,0.574,0.676,10.029,0.9941,-1.8721,-0.0093,3.41,0.99,111.70
79871,1.036,1.047,10.231,0.8190,-1.2926,-0.0572,4.69,0.34,111.69
79881,1.062,0.599,9.866,-0.6025,-0.1921,0.0393,4.34,-0.47,111.82
79890,0.530,0.461,9.811,0.8951,0.5636,0.0474,4.04,0.14,111.76
79901,1.541,0.870,9.747,1.5165,0.0791,-0.0028,5.36,0.16,111.80
79910,0.896,1.090,10.158,0.1811,-0.0678,0.0636,5.84,0.25,111.79
79921,1.331,0.972,9.224,0.6432,-0.2649,-0.0112,5.59,0.10,111.77
79930,0.825,1.128,9.731,1.0254,-0.3811,-0.0025,6.60,-0.08,111.72
79941,1.232,1.318,9.953,0.0983,0.1370,0.0250,6.74,-0.31,111.67
79950,1.155,1.536,9.494,-0.0041,-0.0344,-0.0706,6.72,0.02,111.86
79961,1.573,1.507,9.795,0.5175,-0.0048,-0.1270,6.75,-0.36,111.78
79970,1.740,0.823,9.677,0.4642,0.0674,-0.0308,7.28,0.05,111.83
79981,1.322,1.349,9.824,0.2962,0.2354,-0.0734,7.23,-0.29,111.76
79991,1.900,1.380,9.529,0.2199,0.1034,0.0201,7.61,0.34,111.83
80000,1.503,1.448,9.711,0.0564,-0.3368,0.0059,7.44,-0.21,111.95
80010,1.690,1.493,10.122,0.3612,0.4708,0.0431,7.65,-0.04,111.88
80020,1.158,1.167,10.240,0.5361,-0.0469,0.0046,7.84,0.36,111.68
80030,1.613,1.197,9.971,0.0753,0.0116,0.0126,8.26,-0.16,111.79
80041,1.716,1.415,9.902,-0.3232,-0.0044,-0.0561,7.93,0.41,111.96
80051,1.535,1.463,9.795,0.5697,-0.4256,-0.0290,7.86,-0.14,111.88
80061,1.234,1.859,9.444,0.1088,0.0932,-0.0214,8.57,-0.05,111.64
80071,1.641,1.775,9.513,0.1548,0.1497,0.0257,8.01,-0.03,111.70
80080,1.372,1.774,9.720,0.1525,-0.0967,0.0517,8.76,0.14,111.79
80090,1.290,1.332,10.101,-0.6465,-0.5294,0.0366,8.20,-0.12,111.72
80100,1.628,1.577,9.894,-0.2240,-0.0903,0.0006,8.05,-0.45,111.80
80110,1.628,1.248,9.675,0.2345,0.8505,-0.0092,7.96,-0.27,111.81
80121,0.979,1.436,10.031,0.0980,-0.0126,0.0348,8.25,0.52,111.86
80130,1.557,1.262,9.451,-0.4316,-0.7546,-0.0304,8.07,-0.26,111.79
80141,1.474,1.583,9.625,0.1392,0.5112,0.0352,7.79,-0.38,111.75
80150,1.249,1.698,9.466,0.0079,0.1307,0.0188,8.19,0.33,111.71
80160,1.036,1.620,9.936,-0.4264,-0.2713,0.0510,7.82,-0.21,111.67
80171,1.154,1.432,10.173,-0.0986,0.1221,-0.0169,7.68,0.03,111.87
80181,0.523,1.844,9.946,-0.0312,-0.0975,-0.0633,7.68,-0.05,111.89
80190,1.049,0.967,9.805,-0.2532,0.0066,-0.0965,7.63,-0.06,111.80
80201,0.678,1.514,9.235,-0.6883,-0.0844,0.0213,7.40,-0.04,111.90
80211,0.556,1.242,9.232,-0.6144,0.1103,-0.0040,6.85,-0.19,111.82
80220,0.763,1.216,10.001,-0.0129,0.3039,-0.0694,6.68,0.13,111.75
80231,0.661,1.136,9.502,-0.8730,-0.3574,-0.0560,6.87,0.16,111.72
80240,0.713,1.161,9.973,-0.6047,-0.5776,-0.0299,5.70,-0.25,111.90
80250,0.803,1.077,10.598,0.1577,-1.0459,-0.0239,6.18,-0.51,111.83
80260,1.189,1.278,10.367,-0.9718,-2.2571,-0.0136,5.87,-1.47,111.79
80270,0.851,0.691,10.818,-1.2313,-2.9036,0.0688,5.09,-3.08,111.73
80281,0.912,0.847,10.815,-0.3125,-3.1851,-0.1236,4.48,-4.77,111.71
80290,1.239,0.521,11.667,-0.2584,-2.6534,0.0435,4.74,-6.70,111.86
80301,1.135,0.981,11.727,-0.5292,-2.4304,0.0966,4.21,-7.84,111.76
80311,1.540,0.644,11.648,-1.0844,-3.3960,0.1062,4.13,-9.49,111.83
80321,1.912,0.070,12.891,-0.5557,-2.9892,-0.0765,3.00,-11.67,111.89
80331,1.909,0.906,13.419,0.3779,-2.5029,0.0797,3.55,-12.92,111.85
80341,2.156,0.312,13.652,-1.1377,-2.8620,0.0431,3.38,-14.49,111.81
80351,2.417,0.113,13.881,-1.3709,-2.7103,0.0840,2.23,-16.20,111.77
80361,2.271,-0.078,14.285,0.0444,-2.5447,-0.0535,1.83,-17.59,111.83
80371,2.184,0.162,14.142,-0.1852,-2.8596,-0.0781,2.27,-19.10,111.72
80380,2.484,0.236,13.492,-1.1237,-3.2441,-0.0672,1.58,-20.85,111.70
80390,2.969,0.066,12.617,-0.5704,-2.7355,0.1147,1.01,-22.83,111.77
80401,3.204,0.458,12.131,-0.8346,-2.8391,0.1279,0.88,-23.99,111.85
80410,3.187,0.101,11.719,-0.9355,-2.4723,0.0911,0.07,-26.12,111.67
80421,4.088,0.347,10.979,0.3396,-2.4421,-0.0341,-0.18,-26.87,111.75
80430,3.556,-0.016,10.744,0.0737,-2.2624,0.0863,0.48,-28.90,111.71
80440,4.004,-0.209,9.904,-0.2509,0.5331,-0.0636,-0.11,-29.46,111.78
80450,3.277,0.033,10.299,-0.0502,2.3398,-0.0465,0.17,-28.30,111.86
80461,3.168,0.296,10.275,-0.6703,2.1452,0.0382,-0.18,-26.79,111.75
80470,2.879,-0.124,10.221,0.3760,1.9789,-0.1031,-0.59,-25.85,111.85
80481,2.728,-0.166,10.614,0.7761,1.9382,-0.0335,0.27,-24.51,111.82
80491,2.605,0.291,10.439,-0.4663,2.3375,0.0257,0.30,-23.69,111.77
80501,2.139,-0.138,11.291,0.3218,2.6845,-0.0504,-0.26,-21.81,111.84
80510,1.722,0.649,11.157,0.6871,2.6201,-0.0082,0.67,-20.65,111.84
80521,2.636,0.147,11.391,-0.7464,1.9844,-0.0326,0.53,-18.78,111.84
80530,1.863,-0.010,11.787,-0.4752,1.8166,0.0318,-0.18,-18.40,111.61
80541,1.058,-0.026,11.567,0.3160,2.7833,-0.0137,-0.05,-16.68,111.94
80550,1.371,-0.164,11.295,0.1435,2.0368,-0.0331,0.19,-15.18,111.71
80561,0.847,-0.200,11.181,-0.4046,1.9228,0.0344,0.12,-14.35,111.71
80570,0.634,0.272,11.229,-0.0391,2.4095,0.0214,-0.23,-12.99,111.71
80581,0.514,-0.093,11.376,0.2766,2.7247,0.0581,0.07,-11.60,111.68
80591,0.389,0.342,10.883,-0.7259,2.5218,0.0024,0.09,-9.87,111.81
80600,-0.218,-0.183,11.362,-0.0684,1.6446,-0.0053,-0.72,-8.71,111.64
80611,-0.319,0.106,10.607,0.6463,1.9501,-0.0579,0.00,-8.00,111.93
80621,-0.443,-0.321,10.521,-0.2426,2.0245,0.0854,0.05,-6.45,111.77
80630,-0.644,-0.156,10.115,-0.0897,2.0196,-0.0781,-0.28,-5.64,111.76
80641,-1.255,-0.013,9.699,0.4527,1.8914,0.0230,-0.07,-4.15,111.71
80650,-1.158,0.020,9.433,-0.1181,1.4809,-0.0538,0.24,-3.46,111.90
80660,-1.123,-0.245,9.354,-0.6514,1.7691,-0.0882,-0.23,-2.46,111.84
80671,-0.924,0.010,9.114,-0.2239,2.2304,0.1132,-0.54,-1.44,111.72
80681,-1.385,-0.110,8.693,0.4341,1.1181,-0.0585,-0.47,0.08,111.81
80691,-1.196,0.233,8.827,0.7608,1.0540,0.0188,-0.05,-0.15,111.74
80701,-1.470,0.096,8.100,0.4650,2.0307,-0.0565,0.39,1.25,111.76
80711,-1.329,0.394,7.975,-0.7545,1.3617,-0.0367,0.46,2.20,111.67
80721,-1.356,0.236,8.142,-0.6017,1.6611,-0.0063,-0.45,2.82,111.83
80731,-1.491,0.193,7.617,0.3435,1.9467,0.0790,-0.21,4.10,111.81
80740,-1.680,-0.278,7.868,0.3176,1.2966,0.0356,-0.05,5.06,111.73
80750,-1.779,0.096,7.632,-0.1001,1.3492,-0.0241,0.16,5.59,111.72
80760,-2.123,-0.383,7.756,-0.0140,1.4316,0.0658,-0.17,6.62,111.85
80771,-1.918,0.227,7.962,-0.1420,1.7239,-0.0655,0.13,7.20,111.78
80780,-2.354,-0.153,7.899,-0.4887,1.4253,-0.0118,-0.35,8.63,111.79
80791,-2.003,-0.499,8.227,0.0704,1.2316,0.0326,-0.43,8.87,111.70
80801,-1.817,0.207,8.890,0.4287,2.1243,-0.0921,-0.29,10.05,111.73
80810,-2.495,0.006,8.920,0.3045,1.8396,0.0426,0.06,11.30,111.82
80820,-1.956,-0.153,8.793,-0.1848,1.0877,-0.0174,0.06,12.13,111.69
80831,-2.166,-0.186,9.449,-0.2651,1.9700,-0.1027,-0.20,12.56,111.75
80841,-2.384,-0.127,8.883,0.3163,2.2445,-0.0795,-0.24,14.36,111.77
80850,-2.197,0.077,9.231,0.3420,-0.3048,0.0261,0.17,15.10,111.68
80860,-2.365,-0.152,24.266,0.3458,-2.5221,-0.0114,0.20,14.03,111.87
80871,-2.049,0.310,19.548,1.1401,-2.3093,0.0555,0.58,12.22,111.81
80881,-1.443,0.308,14.712,0.7976,-2.6381,-0.0152,1.50,11.39,111.82
80891,-1.175,0.484,11.909,0.0038,-3.1341,-0.0080,1.50,9.22,111.81
80900,-0.770,0.261,10.201,0.9490,-2.3883,0.0927,1.52,7.77,111.63
80911,-0.286,0.271,9.998,1.5131,-2.6144,0.0316,2.59,6.46,111.63
80920,-0.547,0.944,9.596,0.5480,-2.3239,0.0869,3.25,4.79,111.84
80930,-0.358,1.087,9.951,0.4616,-1.4089,0.0111,3.18,3.80,111.61
80940,0.175,0.913,9.655,0.7558,-2.1021,-0.0039,3.78,3.22,111.84
80950,0.774,0.649,9.692,0.9728,-2.5478,0.0073,4.07,1.36,111.62
80961,1.027,1.113,10.072,0.1050,-1.3437,-0.0243,4.88,0.25,111.86
80971,1.155,0.853,9.838,0.0001,-0.3464,-0.0626,4.17,-0.15,111.79
80981,0.847,0.758,9.602,1.2841,0.2921,-0.0182,4.92,-0.13,111.73
80990,0.988,1.126,9.557,0.7562,0.2521,-0.0056,5.61,0.20,111.71
81000,0.876,0.977,9.973,0.5829,0.1725,-0.0518,5.78,0.15,111.83
81010,1.014,0.987,9.635,0.4628,-0.2743,-0.0413,6.28,0.41,111.76
81020,1.166,1.074,9.895,0.3905,-0.0361,0.0146,6.29,-0.18,111.59
81031,1.064,1.358,9.925,0.5856,0.0738,-0.0468,6.72,0.35,111.75
81040,1.193,0.996,9.836,0.5305,-0.7566,-0.0178,6.98,-0.09,111.71
81050,1.820,1.033,9.687,0.4444,-0.1524,-0.0078,7.32,-0.48,111.70
81060,0.865,1.107,10.126,0.2593,0.2210,0.0139,7.50,-0.25,111.90
81071,1.398,1.414,9.458,0.2981,0.1816,0.0022,7.62,-0.24,111.66
81080,1.420,1.076,9.699,0.5092,0.1235,0.0697,7.90,-0.01,111.82
81091,1.490,1.166,9.549,0.0569,0.8314,-0.0035,8.23,-0.17,111.79
81101,1.223,1.187,9.751,-0.2381,0.1941,-0.1072,7.97,0.93,111.70
81111,1.101,1.802,9.845,0.6217,-0.6636,0.0901,7.95,0.04,111.80
81121,1.324,1.675,9.998,0.1793,0.0883,0.0399,8.70,0.15,111.78
81130,1.145,1.954,9.461,-0.0358,-0.2761,-0.0085,8.17,0.18,111.87
81141,1.395,1.646,9.554,0.9475,0.4849,0.0112,8.66,-0.18,111.65
81151,1.594,1.338,9.656,0.0999,0.1523,-0.0691,9.23,0.71,111.79
81161,1.417,1.897,9.992,-0.3724,-0.4245,0.0072,8.75,0.01,111.70
81170,0.805,1.740,9.445,0.4769,0.4251,-0.0054,8.79,0.22,111.79
81180,1.459,1.209,9.317,-0.2934,-0.1060,-0.0478,9.31,0.48,111.61
81190,1.134,1.562,9.249,-0.5827,-0.5223,0.0531,8.46,0.08,111.68
81200,1.736,1.616,9.390,0.3047,0.0543,-0.0126,8.63,-0.08,111.75
81210,1.440,2.059,9.661,0.0358,0.2164,-0.0040,8.82,0.15,111.64
81220,1.475,1.466,9.861,-0.3482,-0.3134,-0.0850,8.64,0.14,111.60
81231,1.332,2.092,9.509,-0.9688,-0.3407,0.0574,8.42,-0.23,111.75
81241,1.111,1.848,9.034,-0.4348,0.2699,-0.0670,7.55,-0.28,111.65
81251,1.091,1.014,9.852,0.3849,0.1623,-0.0374,7.93,0.09,111.79
81260,1.183,1.359,10.077,-0.0717,-0.0788,0.0614,8.03,-0.12,111.90
81270,1.036,0.947,9.751,-0.5250,0.1689,0.0344,7.82,-0.05,111.81
81281,0.608,1.495,9.968,-0.3171,0.3785,0.0308,7.42,0.10,111.75
81291,0.841,1.676,9.536,-0.3674,-0.0655,0.0299,7.44,0.35,111.67
81300,0.667,1.618,9.552,0.0043,0.1290,0.1080,6.94,0.04,111.67
81310,0.183,1.326,9.775,-0.2169,0.1464,-0.0339,7.48,0.52,111.76
81320,0.769,0.973,10.423,-1.1676,-0.1429,0.0283,6.68,0.24,111.63
81331,0.202,0.840,10.265,-0.7864,-0.2505,-0.0329,6.14,0.34,111.79
81340,0.459,1.007,10.598,-0.2453,-2.8735,0.0329,5.78,-0.02,111.81
81351,0.920,1.078,10.665,-0.1796,-3.0669,-0.0049,5.85,-2.89,111.64
81361,0.912,0.784,10.962,-0.5817,-2.0632,0.0177,5.59,-3.50,111.86
81370,1.061,0.995,11.831,-0.5216,-3.3971,0.0853,5.19,-5.28,111.78
81380,1.549,0.226,11.802,-1.4033,-2.5782,-0.0223,4.97,-7.37,111.86
81390,1.523,1.086,12.378,-0.8027,-2.7507,-0.1368,3.59,-8.26,111.73
81400,2.175,0.496,13.117,0.3081,-3.0286,0.0557,4.04,-10.51,111.67
81411,1.604,0.712,13.376,-0.3708,-2.8614,-0.0054,3.97,-11.72,111.74
81421,2.381,0.554,14.166,-0.9283,-3.1695,-0.0393,3.61,-13.80,111.67
81430,2.357,0.452,13.917,-1.1933,-2.8931,0.0144,2.92,-15.34,111.73
81440,2.744,0.852,14.048,-0.9044,-2.8339,0.1098,2.25,-17.08,111.68
81451,2.978,0.120,14.170,-0.1835,-2.6882,0.0150,1.86,-18.57,111.79
81461,2.595,0.512,13.777,-0.6581,-2.9170,-0.1012,2.06,-20.16,111.84
81470,2.663,0.364,13.313,-1.2451,-2.8325,-0.0970,1.12,-21.93,111.66
81480,3.252,-0.195,12.983,-1.3224,-2.7628,-0.0101,0.69,-23.40,111.89
81490,3.429,0.091,12.278,-0.9635,-2.8667,0.0266,-0.39,-25.06,111.78
81500,3.300,0.560,11.472,0.2042,-2.7825,-0.0209,-0.40,-26.69,111.84
81510,3.520,0.095,10.711,0.2611,-2.8860,0.0280,-0.18,-28.26,111.85
81521,3.764,0.221,10.015,0.2157,-0.6865,0.0929,-0.10,-30.00,111.80
81530,3.458,-0.112,9.813,0.2097,2.1703,-0.0788,0.06,-29.02,111.79
81541,3.215,-0.168,10.164,0.1350,2.3568,0.0567,0.10,-27.50,111.93
81551,2.857,0.340,9.811,0.0046,2.1300,-0.0998,0.23,-26.31,111.74
81561,3.048,-0.212,10.416,-0.2383,2.4869,-0.0728,0.09,-25.05,111.96
81571,2.320,0.347,10.924,-0.0922,2.4786,-0.0833,-0.02,-23.45,111.70
81581,2.827,0.078,10.891,0.3084,1.6870,0.0216,-0.01,-22.21,111.81
81591,2.825,-0.253,10.748,0.1236,2.2149,-0.0873,0.36,-21.49,111.72
81601,1.863,0.005,11.818,-0.7771,2.4955,-0.0118,0.17,-19.69,111.88
81610,1.362,-0.060,11.280,-0.1910,2.1753,-0.0010,-0.51,-18.58,111.76
81621,0.875,-0.065,11.183,0.5309,1.8826,-0.0033,-0.02,-17.21,111.76
81631,1.301,-0.091,10.997,0.1853,2.1257,0.0573,0.11,-16.45,111.87
81641,1.076,-0.359,11.096,-0.5130,2.4907,-0.0146,0.17,-14.82,111.74
81650,0.934,-0.387,11.244,-0.1927,2.3912,-0.0203,-0.48,-13.59,111.87
81660,0.695,0.441,11.540,0.5504,2.5029,-0.0527,-0.05,-12.08,111.99
81671,0.107,-0.210,10.889,-0.1445,1.6853,0.0189,0.16,-10.70,111.68
81680,0.155,-0.314,11.211,-0.2678,1.6010,-0.0036,-0.21,-10.09,111.75
81690,-0.094,0.149,10.975,-0.0212,2.3175,0.0036,-0.13,-8.88,111.80
81700,-0.359,0.032,10.205,0.3527,2.9539,-0.0377,-0.16,-7.47,111.85
81711,-0.564,-0.129,10.434,-0.1100,2.2266,-0.0321,0.24,-5.50,111.74
81720,-0.277,0.662,10.377,-0.4455,1.9783,0.0235,-0.30,-4.92,111.81
81730,-1.007,0.232,10.080,-0.0329,2.2956,0.0522,-0.27,-3.25,111.85
81740,-0.873,-0.296,9.069,0.7769,1.5405,-0.0509,-0.37,-2.27,111.82
81751,-0.856,0.141,9.118,0.4992,1.3724,0.0562,0.64,-1.47,111.68
81761,-1.446,0.179,9.053,-0.5704,1.3080,0.0358,0.20,-0.69,111.69
81770,-0.789,0.084,8.762,-0.1089,0.7831,-0.0247,0.02,-0.00,111.79
81781,-0.917,0.020,8.238,0.6587,1.2260,-0.0765,0.11,0.23,111.88
81791,-1.195,0.066,8.169,-0.0146,3.2526,-0.0063,0.74,1.42,111.68
81800,-2.195,-0.247,7.506,-0.1838,1.9845,0.0327,0.07,3.97,111.69
81811,-1.647,0.055,7.671,-0.2628,0.4429,0.0726,0.53,3.69,111.79
81821,-1.084,-0.419,8.048,-0.7566,1.3397,0.0321,-0.22,4.48,111.73
81830,-2.016,-0.208,7.635,0.1064,1.5340,0.0044,-0.35,5.23,111.62
81841,-1.846,-0.434,7.392,0.3823,1.6298,0.0485,-0.10,6.24,111.73
81850,-1.443,-0.214,7.705,0.2672,2.3861,0.0235,0.08,7.11,111.71
81860,-2.101,-0.185,7.944,-0.1093,2.1640,0.0394,0.18,8.98,111.88
81871,-2.062,0.183,8.156,0.1032,0.9994,0.0492,-0.02,9.60,111.82
81881,-2.400,0.341,8.317,0.3714,1.5704,-0.0108,0.35,10.15,111.84
81890,-2.033,0.250,8.150,0.1793,1.4649,-0.0043,0.35,11.43,111.77
81901,-2.171,0.326,8.818,-0.4140,1.2198,-0.0498,0.58,11.87,111.85
81910,-2.584,-0.089,9.081,-0.7858,1.8129,0.0181,-0.11,12.84,111.82
81920,-2.553,-0.467,9.371,0.2173,1.4970,0.0195,-0.35,13.93,111.76
81930,-2.350,0.042,9.292,0.4746,-0.1905,-0.0335,0.11,14.56,111.67
81941,-2.344,0.168,23.696,0.6657,-1.7150,-0.0463,0.23,13.69,111.83
81951,-2.019,0.329,19.380,0.6427,-2.3447,-0.0147,0.86,12.59,111.76
81960,-1.501,0.433,15.491,0.8387,-2.3669,-0.0290,0.97,10.97,111.79
81971,-1.052,0.148,13.005,1.1934,-1.8622,-0.0541,1.82,9.86,111.72
81981,-1.623,-0.059,13.726,0.8002,-2.7439,-0.0689,2.34,8.86,111.63
81991,-0.492,0.695,16.388,0.6619,-2.5221,0.0142,2.69,6.70,111.66
82000,-0.223,0.432,18.630,0.6847,-2.1609,0.0402,3.13,5.93,111.73
82011,-0.164,0.782,17.983,0.5008,-1.6713,0.0156,3.46,4.18,111.76
82021,-0.202,0.247,14.381,0.0547,-1.8864,0.0125,3.66,4.04,111.75
82030,0.706,0.768,11.418,0.4857,-3.0323,-0.0043,3.52,2.00,111.84
82040,0.614,0.689,10.352,1.1813,-1.5379,0.0424,4.22,0.54,111.82
82050,0.990,0.655,9.688,1.0346,-0.3326,0.0194,4.89,0.27,111.75
82060,0.944,0.807,9.635,0.0927,-0.4262,-0.0070,5.43,0.17,111.73
82071,1.123,0.122,9.668,0.8163,0.1525,0.0908,4.99,-0.25,111.75
82081,1.220,0.718,9.532,1.0540,0.2787,0.0625,6.40,0.32,111.80
82090,1.708,1.109,9.862,0.3575,-0.0080,-0.0031,6.20,0.07,111.67
82100,0.984,1.477,9.796,0.2933,-0.2821,0.0647,6.82,0.31,111.74
82110,1.640,1.405,9.988,0.5483,0.0691,-0.0747,6.54,-0.22,111.64
82121,1.534,1.369,9.242,0.4601,0.3316,-0.0566,7.45,0.36,111.74
82131,1.253,1.702,9.549,0.6250,-0.8566,-0.0828,7.06,0.16,111.79
82141,1.491,1.586,9.855,0.4994,-0.1892,-0.1399,8.18,-0.65,111.87
82150,0.744,1.872,10.082,0.2520,0.2207,0.1003,7.64,-0.07,111.73
82161,0.945,1.779,9.899,0.4675,-0.1354,-0.0033,8.45,-0.40,111.77
82171,1.671,1.095,9.685,0.1345,0.2503,-0.0051,8.16,-0.24,111.79
82180,1.255,1.146,9.212,0.6227,0.5091,0.0331,8.58,-0.07,111.73
82190,0.863,1.438,9.714,0.2647,-0.2656,0.0919,8.86,0.36,111.78
82200,1.468,1.078,9.638,0.0031,-0.1635,-0.0548,8.89,-0.37,111.73
82211,1.330,1.270,9.783,-0.0940,0.3983,-0.0324,8.88,0.18,111.62
82220,1.316,1.451,9.739,0.3561,-0.1067,0.0180,8.75,0.11,111.64
82230,1.419,2.084,9.480,0.4472,0.3013,0.0159,9.21,0.04,111.77
82240,1.443,1.367,9.275,-0.3248,-0.0720,-0.0701,9.25,0.48,111.65
82250,1.876,1.303,9.614,-0.1745,-0.9272,-0.0299,8.83,-0.08,111.79
82261,1.592,1.751,9.832,-0.0713,0.2670,-0.0220,9.08,-0.56,111.81
82271,1.346,1.679,9.486,0.0853,0.6180,-0.0408,8.73,0.23,111.73
82280,1.817,1.490,9.621,0.1654,-0.0643,-0.0193,9.15,0.15,111.75
82290,0.988,1.018,9.977,-0.3861,-0.5128,-0.0601,8.91,0.20,111.92
82301,1.962,1.649,9.235,-0.3164,-0.0210,0.0382,8.70,-0.43,111.70
82310,1.103,1.486,9.629,0.3425,-0.0430,-0.0203,8.56,0.15,111.88
82321,1.257,1.617,9.444,-0.0733,-0.6140,-0.1155,9.10,-0.50,111.84
82331,1.003,1.743,9.801,-0.4089,0.6919,0.0024,8.48,-0.56,111.71
82341,0.694,1.344,9.823,-0.6588,0.3704,0.0784,8.67,0.29,111.76
82351,0.869,1.630,10.274,-0.1762,-0.1835,0.0941,7.73,-0.13,111.87
82361,0.820,1.138,9.681,0.1061,0.3896,0.0389,8.43,0.08,111.66
82371,1.205,1.747,9.846,-0.2129,-0.3061,0.0758,7.88,0.28,111.72
82381,1.110,1.597,9.391,-0.3954,-0.1723,-0.0172,8.23,-0.25,111.86
82390,0.832,1.218,9.879,-0.4311,0.1705,-0.0295,7.39,0.12,111.68
82400,0.614,1.711,9.813,-0.3021,0.0502,0.0151,7.73,-0.06,111.96
82410,0.785,0.958,9.926,-0.9816,-0.3344,-0.0179,7.06,0.13,111.93
82420,0.493,1.219,9.916,-0.2525,-0.4134,-0.0246,6.61,-0.44,111.78
82430,0.681,0.723,10.008,-0.1622,-0.9429,-0.0995,6.80,-0.35,111.67
82441,0.785,1.185,10.751,-0.8827,-1.7926,0.0943,6.46,-1.52,111.88
82450,0.419,1.323,10.478,-0.6766,-2.3067,-0.0595,5.75,-2.42,111.72
82461,0.617,0.806,11.113,-0.7470,-3.0797,0.0239,5.69,-4.19,111.66
82471,0.949,0.524,11.048,-0.8936,-3.3413,-0.0439,4.90,-5.98,111.77
82481,1.672,0.274,11.498,-0.3535,-2.6424,-0.0521,4.67,-7.98,111.74
82491,1.441,0.995,12.968,-0.0756,-2.4190,-0.0290,4.53,-8.99,111.73
82501,2.271,0.252,12.692,-1.2287,-2.8202,0.0781,4.56,-10.75,111.82
82510,1.909,0.983,13.257,-1.4872,-3.0887,-0.0164,3.12,-12.24,111.71
82520,2.135,0.474,13.481,-0.6510,-3.1412,-0.0355,2.87,-14.32,111.75
82531,2.253,0.469,14.063,-0.8412,-2.2145,0.0116,2.40,-15.86,111.75
82540,2.753,0.228,13.753,-0.0032,-2.3810,-0.0315,1.91,-16.81,111.89
82550,2.483,0.658,13.575,-0.3765,-2.9735,0.0350,2.37,-18.61,111.75
82560,2.994,-0.277,13.721,-1.1842,-2.5328,-0.0130,1.51,-20.17,111.87
82571,3.076,0.276,13.298,-0.4396,-2.8958,0.0827,1.01,-21.52,111.61
82581,3.484,-0.438,12.144,-0.3643,-3.2253,0.0494,1.00,-23.49,111.73
82591,3.693,0.221,11.715,-0.7398,-2.5482,0.0671,0.60,-25.24,111.76
82601,3.309,-0.179,11.462,-0.0734,-2.7783,0.0031,0.19,-26.40,111.85
82610,3.820,0.075,10.202,-0.3884,-2.5639,0.0014,0.51,-28.42,111.79
82621,3.839,-0.254,10.143,-0.5272,-0.8020,-0.0269,-0.23,-29.33,111.78
82630,3.933,0.118,9.725,0.0413,1.3497,-0.0863,-0.09,-29.34,111.90
82640,3.159,0.105,9.950,0.3573,2.5899,0.0355,-0.19,-27.79,111.78
82650,2.948,0.185,10.074,0.1636,2.2507,-0.0198,0.32,-26.33,111.74
82661,2.848,0.067,10.059,-0.4212,1.8936,0.0213,-0.07,-25.26,111.76
82671,2.655,0.009,10.425,0.1311,1.5947,-0.0432,-0.15,-24.20,111.78
82681,2.796,-0.019,10.539,0.1447,2.4163,0.0464,0.07,-23.45,111.66
82691,2.456,0.076,11.334,0.1731,2.4728,-0.0085,0.03,-21.42,111.82
82700,1.822,0.209,11.136,0.2192,2.0948,-0.0838,0.25,-20.59,111.78
82711,1.128,0.500,11.457,-0.2698,2.6813,0.0004,0.28,-19.04,111.69
82721,1.493,-0.182,11.758,-0.3517,2.3996,0.0248,-0.05,-17.55,111.77
82730,1.402,-0.324,11.066,-0.1610,2.5188,0.0036,-0.10,-16.31,111.91
82741,0.890,-0.126,11.619,-0.0411,2.2517,-0.0041,-0.20,-14.66,111.87
82751,1.010,-0.342,11.930,0.7935,1.7773,0.0246,-0.10,-13.73,111.70
82760,1.242,0.106,11.673,0.1360,1.8242,0.0456,0.68,-12.60,111.93
82770,0.217,-0.365,11.628,-0.7538,2.0296,0.0058,0.05,-11.63,111.84
82780,0.033,-0.176,10.764,0.2901,2.0661,-0.0334,-0.19,-10.29,111.90
82790,0.310,-0.098,11.022,0.1349,1.6921,-0.0045,0.37,-9.25,111.78
82800,0.297,0.182,10.536,-0.9798,1.6977,-0.0059,-0.07,-8.38,111.83
82810,0.188,-0.080,10.375,-0.0125,2.3915,0.0556,-0.77,-7.29,111.71
82821,-0.572,0.035,10.058,0.6337,2.9021,0.0442,-0.10,-5.63,111.72
82830,-0.488,-0.226,9.575,0.4307,2.0857,-0.0143,-0.06,-3.98,111.79
82841,-0.949,0.159,9.326,0.4265,1.3371,-0.0135,0.39,-3.22,111.78
82851,-1.176,-0.073,9.114,-0.1199,1.6898,0.0517,0.45,-2.47,111.79
82860,-0.950,0.177,9.321,-0.0320,1.5861,-0.0171,0.21,-1.30,111.81
82871,-1.296,0.113,9.029,-0.3365,0.9396,-0.0452,0.41,-0.67,111.73
82881,-1.317,0.084,8.468,-0.5419,1.9495,0.0111,-0.16,-0.20,111.78
82891,-1.139,-0.238,8.572,0.1195,1.9210,0.0403,-0.23,1.56,111.85
82900,-1.594,0.167,8.130,0.1988,1.1893,0.0123,-0.04,1.98,111.80
82910,-1.341,0.197,7.931,0.0852,1.6597,0.0042,0.01,2.93,111.86
82921,-1.543,0.276,8.097,-0.0654,1.4732,0.1402,0.07,3.93,111.77
82930,-1.611,-0.095,7.547,0.0127,1.1052,0.0245,-0.04,4.66,111.86
82940,-1.939,0.129,7.839,0.1598,1.3310,0.0538,0.07,5.17,111.76
82951,-1.535,0.177,7.352,-0.2263,1.6056,-0.0359,0.14,6.19,111.93
82961,-1.755,-0.259,8.354,0.0920,1.4015,0.0218,-0.17,7.00,111.88
82981,-2.451,0.056,7.925,-0.2869,1.9409,-0.0048,-0.05,9.32,111.77
82990,-2.340,-0.113,8.331,-0.0050,1.8773,-0.0078,-0.10,10.02,111.68
83000,-2.935,-0.214,8.545,0.4467,1.8867,-0.0448,-0.02,11.47,111.63
83011,-2.274,-0.265,8.417,0.2880,1.3771,-0.0242,0.41,12.19,111.76
83020,-2.277,0.208,8.411,-0.1904,1.3355,-0.1343,0.30,13.07,111.72
83031,-2.446,-0.570,9.073,-0.2575,1.1718,0.0188,0.21,13.72,111.70
83040,-2.771,-0.231,9.154,-0.4324,0.8435,-0.0296,0.01,14.44,111.80
83051,-2.364,-0.243,23.696,0.6850,-1.3183,-0.0347,-0.29,14.68,111.78
83060,-2.208,0.215,20.910,1.0216,-2.5402,-0.0362,0.79,12.89,111.79
83070,-2.198,0.785,16.501,0.7133,-2.2918,0.0144,0.87,11.80,111.77
83081,-1.365,0.386,13.042,1.0287,-2.8517,-0.0242,1.58,10.28,111.85
83090,-0.756,0.265,11.052,0.8079,-2.9678,0.0225,2.04,8.52,111.92
83101,-0.954,0.323,10.166,0.7210,-1.7495,-0.0099,2.47,6.89,111.76
83111,-0.634,0.212,9.519,0.6737,-2.3130,-0.0045,2.89,6.50,111.76
83121,-0.050,0.450,9.543,1.1280,-3.1703,-0.0038,3.26,4.24,111.73
83130,-0.412,0.454,9.597,0.9316,-1.6054,-0.0571,4.17,2.88,111.70
83141,0.044,1.158,9.783,0.4751,-2.2073,0.0014,4.34,2.42,111.86
83151,1.079,0.674,9.697,0.7914,-1.9962,-0.0274,4.74,0.37,111.92
83161,1.069,0.624,9.691,0.8265,0.1695,-0.0406,5.25,0.19,111.96
83171,0.816,1.480,9.618,0.5170,-0.2017,0.0073,5.62,0.53,111.93
83181,0.593,0.901,9.790,0.3663,-0.4390,-0.0908,5.86,-0.06,111.88
83191,0.693,0.691,9.550,0.7681,0.4220,0.0467,6.04,0.00,111.89
83201,1.468,1.062,10.119,0.9506,-0.3494,0.0361,6.75,0.43,111.85
83211,1.456,0.966,9.972,0.3285,-0.9114,-0.0716,7.13,-0.37,111.84
83221,1.329,0.807,9.152,0.6998,0.0756,-0.1024,7.17,-0.61,111.77
83230,1.441,0.885,10.060,0.3075,1.1929,0.0567,7.93,-0.28,111.85
83241,1.078,1.626,9.450,0.3363,0.3530,0.0043,7.55,0.74,111.80
83251,1.626,1.024,9.812,0.0131,-0.8810,0.0287,8.31,0.11,111.86
83261,1.681,1.280,9.801,0.3669,0.2579,0.1149,7.58,-0.32,111.87
83271,1.029,1.639,9.515,1.2456,0.7991,0.0823,8.70,0.37,111.71
83280,1.165,1.689,9.981,0.0078,-0.3775,-0.0658,9.00,0.60,111.72
83291,1.574,1.851,9.652,-0.1142,-0.8660,0.0018,8.67,-0.07,111.63
83301,1.222,1.413,9.830,0.4194,0.1951,-0.0129,8.90,-0.41,111.66
83311,1.544,1.386,10.161,0.1476,0.0786,-0.0306,9.15,0.15,111.59
83320,1.153,1.683,9.697,0.4899,-0.3228,0.0372,9.07,-0.32,111.86
83330,1.759,1.724,9.742,0.9650,0.7020,-0.0637,9.75,-0.24,111.94
83340,1.104,1.618,9.816,-0.2557,0.3543,0.0182,10.16,0.49,111.79
83350,1.549,1.297,10.029,-0.2597,0.3602,0.1327,9.47,0.16,111.70
83361,1.388,1.512,9.419,-0.0154,-0.5820,0.0291,9.87,0.90,111.73
83370,1.437,1.579,9.562,-0.8649,-1.1522,0.0539,9.50,-0.50,111.79
83381,1.411,1.373,9.660,-0.0035,0.2944,-0.0208,8.88,-0.45,111.72
83391,1.770,1.776,9.698,0.7189,0.3166,-0.0310,9.49,-0.17,111.95
83401,1.295,1.490,9.801,-0.1472,0.2007,-0.0857,9.71,-0.06,111.83
83411,1.054,1.587,9.682,-0.2360,-0.3170,-0.0067,9.33,0.07,111.82
83421,0.862,1.733,9.928,0.2228,-0.3187,-0.0091,9.43,-0.44,111.77
83431,1.423,1.393,10.557,-0.4959,0.4181,0.0563,9.58,-0.22,111.69
83441,0.374,1.456,9.403,-0.2889,0.1797,-0.1170,8.88,0.04,111.85
83451,1.151,1.225,10.114,-0.0609,-0.3598,-0.0571,9.21,-0.01,111.76
83461,0.942,1.499,9.781,-0.4601,-0.1031,-0.0513,8.81,-0.39,111.82
83471,0.755,1.662,9.306,-0.0015,0.1691,0.0453,8.69,-0.14,111.76
83480,1.002,1.472,9.546,-0.3601,0.3489,0.0099,8.81,-0.14,111.79
83490,0.541,1.380,9.869,-1.0295,0.3743,0.0222,8.25,0.24,111.95
83501,0.876,1.163,9.608,-0.4742,-0.1508,0.0212,7.63,0.26,111.80
83510,0.934,1.436,9.873,-0.2666,-0.7724,-0.0290,7.72,0.10,111.61
83520,0.417,1.458,9.957,-0.5975,-0.3943,-0.0077,7.36,-0.63,111.82
83530,0.515,1.315,9.795,-0.7365,-0.3551,0.0476,7.04,-0.36,111.74
83541,0.874,1.300,10.588,-0.4900,-1.7121,-0.0526,6.49,-1.04,111.78
83550,0.687,1.250,10.961,0.0430,-2.7750,0.0305,6.53,-2.33,111.76
83560,1.242,1.305,10.726,-1.3313,-2.9153,0.0811,6.55,-4.20,111.84
83571,1.187,1.018,11.030,-0.9001,-2.9677,-0.0229,4.97,-5.71,111.92
83580,1.260,1.174,11.746,0.3167,-2.8616,0.0428,5.52,-7.63,111.85
83590,1.530,0.375,12.325,-0.7036,-2.4080,-0.0066,5.34,-8.99,111.88
83600,1.739,1.145,12.307,-1.0135,-3.0036,0.0195,4.72,-10.36,111.72
83611,2.089,0.681,13.125,-1.2541,-2.8911,-0.0469,4.16,-12.45,111.80
83621,2.136,0.423,13.504,-1.0176,-3.0038,0.0510,3.31,-13.69,111.93
83630,2.315,0.857,13.452,-0.3475,-2.9137,-0.0866,3.02,-15.90,111.82
83640,2.887,0.274,13.731,-1.0098,-2.4904,0.0739,2.96,-17.03,111.76
83650,2.476,0.256,13.674,-0.9855,-2.4584,-0.0056,1.88,-18.75,111.83
83661,2.782,-0.072,13.900,-0.2638,-2.2413,0.0284,1.85,-19.82,111.92
83671,2.889,0.069,13.033,-0.8517,-3.1570,-0.0269,1.59,-21.29,111.84
83680,3.054,-0.215,12.476,-1.0277,-3.4699,-0.0621,0.87,-23.45,111.86
83691,3.187,0.261,11.250,-0.8193,-2.9110,-0.0622,0.40,-25.28,111.91
83701,3.907,-0.028,10.927,-0.5066,-2.8725,-0.0034,-0.09,-26.81,111.82
83711,3.535,-0.021,10.306,0.5788,-2.3158,0.0526,-0.19,-28.57,111.85
83721,3.985,-0.193,10.374,0.5017,-0.1884,0.0544,0.58,-29.48,111.75
83731,3.543,0.189,9.784,-0.3058,1.7123,-0.0286,0.37,-28.80,111.62
83740,3.765,0.440,9.697,-0.3598,2.1649,0.0246,0.28,-27.46,111.74
83750,3.122,-0.029,10.208,-0.2290,2.2359,0.0474,-0.06,-26.31,111.79
83761,2.636,0.096,10.369,0.3361,2.2072,0.0291,-0.02,-24.92,111.82
83770,2.819,-0.078,10.352,0.2264,1.8515,-0.0192,0.31,-23.81,111.62
83781,2.453,-0.018,11.175,-0.5141,2.6433,-0.0539,0.24,-22.83,111.87
83790,2.384,0.205,11.001,-0.1946,2.5570,-0.0263,-0.30,-20.79,111.70
83801,2.023,0.174,10.932,0.2417,1.8840,-0.0675,0.01,-19.89,111.79
83811,1.634,-0.094,11.437,-0.3777,2.1825,-0.0460,-0.03,-18.60,111.83
83820,1.653,-0.515,11.253,0.1079,2.5238,0.0405,-0.42,-17.40,111.64
83830,0.489,0.452,11.591,0.4451,2.2111,-0.0108,0.03,-15.70,111.87
83841,1.019,0.244,11.609,-0.1728,2.0288,0.0273,0.07,-14.84,111.77
83850,1.240,-0.073,11.659,-0.2599,2.6314,-0.0172,-0.14,-13.40,111.91
83861,0.467,-0.196,11.143,0.5834,2.1116,-0.0199,-0.22,-11.82,111.78
83871,0.320,0.142,10.893,0.1261,1.9950,0.0101,0.55,-10.99,111.78
83881,0.538,-0.124,10.982,-0.4924,2.1218,0.0339,-0.08,-9.51,111.89
83891,-0.341,0.284,10.762,-0.0214,2.3382,-0.0335,-0.01,-8.52,111.78
83900,-0.044,0.011,10.673,-0.2681,2.7462,-0.0158,-0.13,-6.82,111.77
83910,-0.408,-0.452,10.408,0.3465,1.8900,-0.0394,-0.26,-5.38,111.84
83921,-0.481,0.231,10.135,0.4644,1.4912,-0.0241,0.28,-4.63,111.93
83931,-0.626,0.094,9.299,-0.4048,1.2702,0.0034,0.22,-3.69,111.73
83940,-0.444,-0.205,9.138,-0.2320,1.6285,0.0069,-0.23,-3.16,111.83
83951,-1.168,0.223,9.622,0.0364,1.5382,-0.0492,-0.04,-1.83,111.82
83960,-0.902,-0.442,8.780,-0.1085,1.9376,0.0752,-0.19,-1.40,111.84
83971,-1.595,0.291,8.846,0.3624,1.5947,-0.0481,-0.18,0.39,111.71
83981,-1.055,-0.145,8.187,0.0072,1.6497,-0.0290,0.21,0.43,111.78
83990,-1.341,0.111,8.080,-0.2649,2.2577,0.0581,-0.19,2.29,111.82
84000,-1.785,0.011,7.944,0.2278,1.4313,0.0543,-0.12,3.02,111.83
84011,-1.699,0.329,7.795,0.0184,1.5742,-0.0637,0.07,3.92,111.78
84020,-1.975,0.301,7.215,0.0198,1.5007,-0.1022,-0.07,4.83,111.84
84031,-2.007,0.211,7.888,0.2751,1.8809,0.0669,0.10,5.62,111.85
84040,-1.784,-0.026,7.637,0.0032,1.6330,-0.0334,0.24,6.96,111.73
84051,-2.212,0.285,7.724,0.2243,0.8432,0.0227,0.11,7.54,111.81
84061,-1.586,-0.134,7.592,-0.1158,1.4094,-0.0810,0.48,7.91,111.71
84070,-2.329,-0.314,7.761,-0.3415,2.2424,-0.1002,-0.00,9.15,111.87
84080,-2.388,0.227,8.322,0.3263,1.4038,0.0303,0.11,10.49,111.82
84091,-2.446,0.429,8.470,-0.4822,1.2911,0.0615,0.37,10.77,111.75
84100,-2.276,-0.290,8.126,-0.6145,1.6589,-0.0768,-0.46,12.00,111.80
84111,-2.553,-0.199,9.042,0.3422,1.5387,0.0207,-0.32,12.64,111.82
84120,-2.648,-0.207,9.392,0.3904,1.5067,-0.0042,-0.08,13.80,111.86
84130,-2.139,0.235,9.518,0.5682,0.2716,0.0742,0.12,14.38,111.91
84141,-2.444,0.116,22.571,0.2910,-1.3645,-0.0815,0.57,14.13,111.69
84151,-2.336,-0.156,19.460,0.6648,-2.6648,0.0018,0.49,12.78,111.71
84160,-1.259,0.057,15.153,0.9695,-2.5648,-0.0330,1.33,11.09,111.88
84170,-1.660,0.067,12.191,0.4836,-2.1749,-0.0122,1.61,9.89,111.87
84180,-1.223,0.335,10.803,0.7919,-1.9198,-0.0049,1.87,8.58,111.83
84191,-0.785,0.430,10.017,1.0673,-2.7493,0.0484,2.54,7.73,111.73
84201,-0.159,0.483,10.177,0.5873,-3.1231,0.0100,3.09,5.43,111.74
84210,-0.089,0.624,10.024,0.9152,-1.6292,-0.0188,3.24,4.12,111.83
84221,0.168,0.912,9.518,0.3868,-2.0616,-0.0087,4.14,3.56,111.68
84230,0.166,0.417,10.029,0.5836,-2.8333,0.0147,3.67,1.73,111.96
84240,0.587,0.758,9.706,1.5664,-1.3266,-0.0046,4.84,0.28,111.69
84250,1.227,1.125,9.753,0.7156,-0.1316,0.0517,5.47,0.25,111.83
84261,1.292,1.176,9.809,0.2857,0.0287,-0.0502,5.67,0.12,111.71
84270,1.277,0.793,10.155,0.2016,0.2957,-0.0011,5.82,0.25,111.69
84280,0.837,0.992,9.455,0.5964,-0.5121,-0.0364,5.92,0.48,111.72
84291,1.095,1.190,9.854,0.8655,-0.1245,0.0972,6.55,-0.35,111.79
84301,1.215,0.967,9.901,0.2716,0.0886,-0.0016,6.90,0.28,111.75
84310,1.288,1.343,9.641,0.7690,0.0278,-0.0308,6.85,-0.26,111.64
84320,1.162,1.453,9.695,1.0895,0.3460,0.1221,7.73,0.32,111.84
84330,1.336,1.633,9.946,0.2614,-0.2838,-0.0096,8.14,0.14,111.76
84340,1.183,1.510,9.629,0.3054,-0.3587,0.0846,8.02,0.04,111.97
84351,1.414,1.504,9.852,0.7635,0.2270,0.0508,8.48,-0.28,111.82
84361,1.800,1.470,9.507,0.6708,0.0854,-0.0528,8.92,0.31,111.78
84370,1.155,1.971,9.806,-0.1466,-0.1913,-0.0986,9.24,-0.18,111.93
84381,1.589,1.497,9.635,0.2223,0.2889,-0.0593,8.73,0.09,111.86
84390,1.531,1.325,9.656,0.6412,-0.0150,-0.0042,9.51,0.14,111.80
84401,1.564,0.988,9.797,-0.0074,-0.1508,-0.0147,9.45,0.03,111.93
84410,1.624,1.707,9.497,0.6825,0.2897,0.0099,9.52,-0.07,111.81
84420,0.763,1.771,9.608,0.0870,-0.2708,0.0019,10.23,0.34,111.81
84430,1.335,1.370,9.641,-1.0493,-0.2612,-0.0187,9.64,-0.41,111.81
84441,1.800,1.209,9.861,0.3109,0.2410,-0.0466,9.05,0.03,111.86
84450,1.349,1.374,9.475,0.5448,0.1022,0.0355,9.98,-0.17,111.92
84460,1.816,1.684,9.408,-0.2090,-0.0612,0.0058,9.68,0.13,111.89
84471,1.771,1.733,9.533,-0.2454,0.2177,-0.0080,9.72,-0.25,111.76
84481,1.263,1.474,10.096,-0.0717,0.4125,-0.0265,9.40,0.38,111.76
84490,1.094,1.514,9.805,0.5193,-0.1221,0.0273,9.69,0.24,111.98
84501,1.521,1.463,9.254,0.0688,-0.5830,0.0102,10.00,0.24,111.93
84510,0.996,1.301,9.638,-0.6183,-0.1319,-0.0302,9.78,-0.44,111.79
84521,1.159,1.619,9.750,-0.5442,0.2738,-0.0253,9.32,0.10,111.98
84531,1.170,1.799,9.535,0.0180,-0.4396,-0.1342,9.14,-0.11,111.72
84541,0.929,1.797,9.490,-0.0488,0.5807,-0.0344,9.35,-0.40,111.85
84551,0.859,1.656,9.670,-0.2268,0.4186,-0.0231,9.08,0.51,111.74
84560,1.291,1.527,10.121,-0.6595,-1.0547,0.0847,9.09,0.06,111.77
84571,0.712,1.487,9.415,-0.7790,0.0265,0.0217,8.32,-0.69,111.80
84581,0.717,1.345,9.829,-0.4037,0.8290,0.0398,8.24,0.11,111.76
84591,0.319,1.340,9.916,-0.5152,-0.3207,-0.0467,7.91,0.27,111.94
84600,0.744,1.220,10.001,-0.6080,-0.2346,0.0230,7.63,-0.23,111.74
84610,0.614,1.124,10.178,-0.4472,0.3487,0.0646,7.23,0.02,111.83
84621,0.482,1.277,9.992,-0.2100,-1.2754,-0.0125,7.11,0.15,111.81
84630,0.000,1.232,10.505,-0.8573,-2.8599,0.0773,7.00,-1.43,111.86
84641,0.448,0.771,10.955,-0.7240,-2.7030,-0.0413,6.13,-3.11,111.84
84651,0.924,1.269,10.931,-0.7098,-2.9037,-0.0406,6.19,-4.52,111.74
84661,1.203,1.145,11.112,-0.5129,-2.8573,0.0250,5.32,-6.43,111.63
84671,1.313,0.741,11.745,-0.4227,-2.6452,-0.0127,5.55,-7.78,111.71
84681,1.580,0.648,12.259,-1.3411,-3.0383,-0.0748,4.86,-9.48,111.85
84690,1.720,0.759,12.622,-1.3804,-2.7947,0.1099,4.03,-11.28,111.89
84701,1.871,0.421,12.886,-0.6037,-2.7259,-0.0177,3.29,-12.67,111.76
84710,2.008,0.621,13.053,0.0645,-2.8437,-0.0074,3.32,-14.45,111.83
84720,2.167,-0.269,13.331,-0.9616,-2.5307,-0.0840,3.35,-15.94,111.76
84730,2.365,0.446,13.717,-1.1000,-2.8465,-0.0065,2.19,-17.36,111.91
84740,2.138,0.405,13.419,-0.5812,-3.2653,-0.0352,2.12,-19.18,111.71
84751,2.768,0.397,13.110,-0.8863,-3.0536,0.0657,1.50,-21.11,111.63
84761,2.963,0.267,12.746,-0.6157,-2.6333,0.0291,1.12,-22.66,111.87
84770,2.783,-0.129,11.616,-0.8895,-2.6402,0.0973,0.80,-24.13,111.76
84780,3.061,-0.343,11.129,-0.4805,-2.9846,-0.0251,0.11,-25.69,111.65
84791,3.492,0.428,10.932,0.0314,-2.7244,-0.0452,0.23,-27.55,111.80
84800,3.178,-0.310,10.546,-0.3408,-1.9807,0.0535,0.16,-28.83,111.75
84810,4.058,0.021,9.118,0.2937,0.7951,-0.0217,-0.18,-29.82,111.66
84821,3.366,-0.266,9.699,0.1667,2.4060,-0.0174,0.49,-27.91,111.74
84831,3.221,-0.123,9.767,-0.6844,1.5932,-0.0515,0.02,-27.07,111.74
84841,2.596,0.076,10.033,0.3648,2.1668,0.0048,-0.29,-26.10,111.92
84850,3.140,-0.247,10.365,0.6364,2.2267,0.0940,0.45,-24.56,111.69
84861,2.709,0.655,10.265,-0.2496,2.1527,-0.0014,0.46,-23.52,111.74
84871,2.161,0.235,10.383,0.2048,3.0043,0.0550,0.19,-22.05,111.77
84881,1.691,0.043,11.035,-0.3698,2.5701,0.0407,0.70,-20.06,111.85
84891,2.015,-0.311,11.136,-0.3570,1.8536,0.0175,-0.23,-19.10,111.88
84900,1.928,-0.285,10.935,-0.1294,1.9573,-0.0017,0.30,-17.90,111.76
84911,1.578,-0.326,11.431,0.1489,2.4361,0.0367,-0.38,-16.83,111.63
84920,1.010,0.605,11.458,0.5025,2.1227,0.0112,0.48,-15.14,111.74
84931,1.634,0.494,11.651,-0.1532,1.9461,-0.0447,0.20,-14.38,111.65
84940,0.289,0.121,10.933,-0.3692,2.5683,0.0014,0.29,-12.94,111.81
84951,0.187,0.190,11.017,-0.2623,1.9367,-0.0326,-0.25,-11.40,111.90
84960,0.401,0.346,11.205,0.2710,2.2144,0.0240,-0.01,-10.70,111.70
84970,-0.186,0.381,10.586,-0.0104,2.9280,-0.0638,0.02,-8.88,111.82
84981,-0.067,0.155,10.757,-0.0411,2.4201,-0.0230,-0.02,-7.36,111.80
84991,-0.232,-0.324,10.429,0.2704,2.0732,-0.0398,0.03,-6.08,111.92
85000,-0.532,-0.748,10.323,0.4407,1.9165,0.0048,0.27,-5.01,111.68
85011,-0.735,0.708,9.724,0.1429,1.2715,-0.0006,0.49,-3.91,111.73
85020,-0.964,0.350,9.642,-0.2355,1.4376,-0.0043,0.43,-3.56,111.86
85030,-1.216,0.454,9.289,-0.6378,1.6738,0.0042,0.25,-2.29,111.80
85040,-1.024,-0.140,9.331,-0.2439,1.5856,0.0880,-0.31,-1.68,111.82
85051,-0.681,-0.011,8.802,-0.1253,1.8873,0.0489,-0.03,-0.52,111.89
85061,-1.358,0.091,8.880,0.1411,1.9414,0.0129,-0.44,0.50,111.82
85071,-1.580,0.013,8.233,0.8261,1.5697,-0.0166,0.14,1.69,111.68
85081,-1.477,0.092,7.911,0.0674,1.1308,-0.0307,0.54,2.32,111.73
85090,-1.621,-0.068,8.150,-0.3330,1.5982,-0.0335,0.22,3.02,111.70
85100,-1.772,-0.322,7.718,-0.1243,1.8294,-0.0791,0.18,4.15,111.81
85110,-1.376,0.345,7.709,-0.2891,1.1775,0.0277,0.07,5.09,111.88
85121,-2.194,0.279,7.272,0.4980,1.2837,-0.0171,-0.14,5.50,111.82
85131,-1.762,-0.167,7.562,0.4767,2.2956,0.0352,0.63,6.58,111.72
85140,-2.126,-0.165,7.467,-0.6564,1.7088,0.0182,0.39,8.12,111.72
85150,-2.372,-0.113,7.808,-0.4190,1.2777,-0.0662,-0.11,8.57,111.75
85160,-2.190,-0.101,8.071,-0.0334,1.5390,0.0034,-0.09,9.56,111.79
85170,-2.042,-0.269,8.185,0.3586,2.4007,0.0711,-0.17,10.31,111.64
85181,-2.284,0.233,8.870,0.0861,1.6263,-0.0838,0.29,12.29,111.86
85190,-2.435,-0.356,8.520,-0.3844,0.5473,-0.0616,-0.06,12.14,111.89
85200,-2.554,0.622,9.260,0.6272,1.9522,-0.1270,-0.13,12.90,111.74
85211,-2.522,0.236,9.129,0.1252,1.6212,-0.0711,0.65,14.37,111.80
85220,-2.297,-0.497,25.352,0.2386,-1.1904,0.0651,-0.00,14.75,111.79
85231,-2.419,0.235,23.270,0.5881,-2.4287,0.0459,0.90,13.06,111.73
85241,-1.588,-0.093,19.027,0.3758,-1.9682,0.0474,0.66,11.97,111.83
85250,-1.353,0.213,14.363,1.0491,-2.1429,0.0096,1.35,10.79,111.78
85260,-1.431,0.475,11.558,1.1297,-2.3340,0.0449,1.81,9.58,111.83
85270,-0.889,0.442,10.364,0.6857,-2.8316,-0.0487,2.61,8.11,111.73
85280,-0.385,0.685,10.133,0.8038,-2.7342,-0.0319,2.61,6.34,111.82
85291,-0.478,0.626,10.394,0.7156,-1.7752,0.0941,3.56,4.97,111.77
85300,-0.180,0.290,9.707,0.2618,-2.5688,0.0364,3.44,4.30,111.83
85310,0.620,0.863,9.377,1.0789,-3.4196,0.0176,3.91,2.04,111.78
85321,0.807,0.895,9.660,0.4511,-1.7664,-0.0192,4.68,0.41,111.85
85331,1.108,1.074,9.969,0.3876,-0.4648,-0.0100,4.44,0.05,111.64
85341,1.113,1.127,9.580,0.8562,-0.0363,-0.0754,5.15,-0.08,111.71
85350,0.691,1.384,9.480,0.6340,-0.1741,-0.0558,5.37,0.00,111.82
85361,1.594,0.795,9.372,0.8927,-0.2493,-0.0809,5.88,-0.30,111.67
85370,0.741,1.133,10.011,0.6433,0.0071,0.0126,6.39,-0.28,111.68
85380,1.128,0.975,10.080,0.7311,0.2590,0.0566,6.62,-0.29,111.74
85390,1.409,1.376,9.884,0.6536,0.4294,-0.0591,7.20,0.00,111.80
85400,1.361,1.172,10.111,0.0553,0.2305,0.0881,7.38,0.17,111.75
85410,1.251,1.335,9.937,0.3266,-0.2041,-0.0125,7.25,0.23,111.85
85420,1.428,1.567,9.760,0.5334,-0.5088,0.0757,7.77,-0.07,111.83
85430,1.295,1.342,9.714,0.0411,0.0094,0.0423,7.84,-0.34,111.71
85440,1.847,1.334,9.916,0.3452,0.5597,0.0056,7.83,-0.04,111.78
85451,1.383,1.254,9.398,0.7613,0.2485,-0.0669,8.22,0.28,111.72
85460,1.656,1.438,9.465,-0.0830,-0.9505,0.0157,8.69,0.22,111.83
85470,1.172,1.458,9.144,0.2550,-0.3540,-0.0352,8.12,-0.80,111.82
85480,1.557,1.686,9.202,1.0631,0.6497,0.1109,8.97,-0.15,111.75
85491,1.839,1.230,9.743,0.1909,0.5692,-0.0150,9.35,-0.08,111.78
85500,1.793,1.771,9.757,-0.4195,-0.3323,0.0054,9.19,0.51,111.80
85511,1.156,1.691,9.880,0.3499,-0.4730,-0.0359,8.87,-0.46,111.70
85521,1.906,1.986,9.249,0.4306,0.8211,0.0339,9.64,-0.02,111.82
85530,1.297,1.852,10.005,0.0680,-0.3033,0.0432,9.37,0.47,111.76
85540,1.428,1.746,9.927,-0.2142,-0.4243,-0.0170,9.71,-0.34,111.71
85550,1.518,1.592,9.385,-0.0159,0.2140,0.0037,9.15,0.01,111.71
85561,1.053,1.501,9.849,-0.1354,-0.1756,0.0059,9.72,-0.09,111.93
85571,1.258,1.452,9.662,-0.1658,0.1885,-0.0091,9.01,-0.18,111.87
85580,1.364,1.680,9.589,-0.3047,0.0282,0.0492,9.53,0.13,111.91
85591,1.558,1.136,9.161,-0.2919,0.3354,0.0025,8.65,-0.16,111.74
85601,0.853,1.846,9.729,0.4238,0.6767,-0.0952,9.19,0.54,111.85
85611,0.981,1.663,9.598,-0.5279,-0.2342,0.0455,9.09,0.59,111.74
85620,1.475,1.402,9.572,-0.2373,-0.3340,-0.0727,8.54,0.24,111.81
85630,0.713,0.870,9.510,-0.2226,-0.2238,-0.0125,8.84,0.17,111.93
85640,1.092,1.436,9.837,-0.7128,-0.4852,-0.0216,8.31,-0.03,111.77
85650,1.216,1.256,9.885,-0.3153,0.2466,0.0103,8.01,-0.41,111.79
85661,0.851,1.374,9.655,-0.1928,0.4430,0.0990,7.97,0.24,111.83
85670,0.685,1.276,10.143,0.0872,0.0767,-0.0007,7.76,0.09,111.81
85681,0.442,1.070,9.818,-0.0163,-0.0703,0.0794,8.05,0.30,111.57
85691,0.297,0.882,9.819,-0.7235,-0.3031,0.0452,7.73,0.03,111.80
85701,0.474,1.392,10.086,-1.2225,0.0257,0.0912,7.24,-0.06,111.72
85711,0.492,0.848,10.215,-0.9560,-1.4493,0.0195,6.34,0.05,111.75
85720,0.800,1.312,10.935,-0.7859,-2.9610,-0.0708,6.14,-1.74,111.79
85730,1.185,0.647,11.089,-0.8419,-2.6984,-0.0671,5.47,-3.41,111.75
85741,1.033,0.867,11.728,-0.0638,-2.5719,-0.0760,5.17,-4.80,111.72
85750,1.203,0.705,11.766,-0.2668,-3.0000,0.1087,5.38,-6.36,111.74
85760,1.183,0.936,11.975,-1.3864,-2.7415,0.0400,4.85,-8.20,111.85
85770,1.527,0.771,12.804,-0.5310,-2.5845,-0.0086,3.77,-9.48,111.71
85781,1.583,0.805,13.181,0.0953,-3.0551,-0.0352,4.30,-11.17,111.75
85790,1.670,0.464,13.342,-0.7142,-2.8675,0.0383,3.82,-13.00,111.80
85800,1.914,0.857,14.275,-0.8210,-3.2698,0.0019,3.49,-14.45,111.80
85811,2.103,0.532,14.770,-1.4343,-2.8979,-0.0719,2.88,-16.77,111.66
85820,2.884,0.155,14.041,-0.6228,-1.8336,-0.0837,1.84,-17.77,111.82
85830,2.691,0.373,13.903,-0.1800,-3.1160,0.0556,2.17,-18.87,111.73
85840,2.960,0.684,13.289,-0.6906,-3.5009,-0.0665,1.64,-21.36,111.78
85851,3.226,-0.413,13.033,-0.8646,-2.2572,0.0862,1.35,-22.91,111.80
85861,2.842,0.406,12.450,-1.2798,-2.7781,-0.0281,0.65,-23.91,111.78
85870,3.579,-0.104,11.383,-0.3550,-3.4256,0.0540,-0.13,-26.09,111.76
85880,3.385,-0.517,11.000,0.2430,-2.7626,-0.0117,0.22,-27.85,111.65
85890,3.838,-0.225,10.358,-0.0384,-1.1366,0.0887,0.18,-29.23,111.74
85900,3.604,0.335,9.903,-0.2007,0.7726,-0.0009,0.15,-29.14,111.78
85911,3.498,0.125,10.115,-0.2116,2.0955,0.0167,-0.04,-28.36,111.70
85920,3.093,-0.156,10.520,-0.4802,2.4787,-0.0308,-0.07,-26.78,111.68
85930,3.417,-0.041,10.427,-0.2422,2.3822,-0.0221,-0.58,-25.59,111.62
85941,2.078,0.027,9.763,0.4923,2.5622,-0.0164,-0.33,-24.06,111.76
85950,2.276,0.100,10.850,-0.3421,2.0036,-0.0475,-0.00,-22.67,111.80
85961,2.222,-0.164,10.624,-0.4132,2.0332,-0.0180,-0.73,-21.71,111.73
85970,2.043,-0.250,11.121,0.5366,2.4763,-0.0342,-0.46,-20.32,111.81
85981,1.240,-0.292,11.086,0.6280,2.1782,0.0885,-0.06,-18.85,111.89
85990,1.136,0.084,11.133,0.3257,2.5263,0.0199,0.24,-17.82,111.81
86000,1.160,0.424,11.251,-0.1266,1.7522,-0.0896,0.32,-15.97,111.76
86011,1.239,0.304,11.396,-0.0867,1.3765,-0.0262,0.12,-15.78,111.80
86020,0.779,0.055,11.914,0.2748,2.6000,-0.0386,0.19,-14.37,111.80
86031,0.571,0.602,11.662,0.4987,2.3359,0.0369,0.43,-12.80,111.79
86040,0.206,-0.323,11.328,-0.2838,2.6215,-0.0035,0.73,-11.70,111.71
86050,0.388,-0.051,11.090,-0.7999,2.3816,-0.0234,0.11,-9.88,111.64
86060,0.347,-0.434,10.875,-0.0510,2.1516,0.0933,-0.15,-9.02,111.69
86071,0.126,0.105,10.571,-0.2043,2.6476,0.0114,0.06,-7.43,111.82
86080,-0.009,-0.081,10.608,-0.0886,1.7585,0.0350,-0.38,-5.99,111.95
86091,-0.371,0.103,9.900,0.5659,1.3586,-0.0098,-0.05,-5.43,111.81
86101,-0.327,0.077,10.255,0.3492,2.2313,0.0595,0.27,-4.45,111.87
86111,-0.881,-0.151,9.567,0.0295,1.6644,-0.0015,0.36,-2.91,111.67
86120,-0.716,0.216,9.338,-0.2347,1.2795,-0.0113,0.28,-2.55,111.80
86130,-0.811,-0.263,9.085,0.0970,1.4876,0.0769,0.08,-1.46,111.84
86140,-1.444,0.019,8.960,0.2792,1.8541,0.0266,0.37,-0.85,111.77
86151,-1.531,0.050,8.166,-0.1706,1.5156,0.0775,0.43,0.66,111.86
86161,-1.426,-0.114,8.409,-0.5099,0.7425,0.0198,0.20,0.91,111.78
86170,-0.988,0.041,7.816,-0.2753,2.1355,0.0382,-0.17,1.47,111.88
86180,-1.811,-0.502,8.073,0.1954,2.0328,-0.0423,-0.13,3.37,111.82
86190,-1.361,0.184,7.764,-0.0804,1.8825,0.0033,0.04,3.78,111.69
86200,-1.896,0.001,8.037,0.1106,1.9160,0.0376,-0.20,5.54,111.84
86211,-2.045,0.305,7.424,0.7966,1.0296,-0.0223,0.22,5.98,111.69
86220,-1.785,-0.044,8.258,-0.3348,1.1039,0.0183,0.71,6.72,111.88
86230,-2.067,0.085,7.784,-0.0226,1.7402,0.0336,-0.14,7.24,111.76
86241,-2.027,0.453,7.979,-0.0881,1.7651,0.0002,0.69,8.72,111.73
86251,-2.364,0.037,7.996,-0.5843,1.5162,0.0044,-0.28,9.24,111.73
86260,-1.853,-0.421,8.186,0.2661,1.5323,-0.0119,0.06,10.46,111.83
86280,-2.818,0.257,8.388,0.1461,1.5997,-0.0262,0.07,12.65,111.78
86290,-2.206,0.442,8.602,-0.3142,1.1037,-0.0733,0.16,12.77,111.90
86300,-2.646,-0.561,9.411,-0.1514,1.8211,-0.0065,-0.27,13.93,111.93
86310,-2.851,-0.341,24.534,1.2846,-0.7974,0.0475,-0.03,14.87,111.77
86320,-1.533,0.480,22.987,0.6266,-2.4133,-0.0797,1.21,13.04,111.81
86331,-1.978,-0.064,18.990,0.3916,-1.7611,-0.0586,0.66,12.08,111.69
86341,-1.715,0.074,14.150,1.1270,-2.4722,-0.0194,1.66,11.03,111.72
86350,-1.073,0.202,11.715,0.8335,-2.4273,-0.0284,1.93,9.28,111.84
86360,-1.076,0.499,10.444,0.8365,-2.5927,-0.0413,2.62,8.25,111.72
86371,-0.200,0.458,9.697,0.2077,-2.9296,0.0215,2.89,6.34,111.61
86380,-0.350,0.364,9.690,0.4913,-2.3639,0.0252,2.89,4.87,111.64
86390,0.217,0.775,10.073,1.3032,-2.1497,-0.0397,3.43,3.63,111.83
86400,0.380,0.697,10.441,1.2794,-2.0954,0.0776,4.41,2.43,111.82
86410,0.932,0.924,10.021,0.7167,-2.4177,-0.0284,4.91,1.24,111.92
86421,1.018,0.792,9.803,0.3380,-1.0152,-0.0131,5.23,-0.33,111.82
86431,0.842,0.482,9.957,0.4812,0.3498,0.0313,5.30,0.09,111.94
86440,0.809,0.865,9.693,0.8431,-0.2770,0.0389,5.79,0.03,111.72
86451,0.481,0.900,9.860,0.2706,-0.1832,-0.0954,6.27,-0.19,111.58
86460,1.659,1.079,9.537,0.6384,0.2391,0.0215,6.15,-0.19,111.81
86471,0.463,0.997,9.593,0.4289,-0.1749,0.0712,7.04,0.15,111.69
86480,1.154,0.932,9.757,0.6890,-0.0560,0.0390,6.62,-0.37,111.71
86491,1.508,1.327,9.702,0.7910,0.6643,0.0031,7.85,0.09,111.74
86500,1.546,1.419,10.006,0.3431,-0.0857,0.0379,7.59,0.39,111.62
86511,1.108,1.690,9.754,0.7397,-0.4671,-0.0191,8.23,0.02,111.79
86520,1.474,1.499,9.527,-0.1582,0.5791,0.0102,8.42,-0.13,111.76
86530,1.212,0.543,9.888,0.2071,0.3129,0.0263,8.01,0.65,111.82
86541,1.261,1.286,9.403,0.5867,-0.5167,-0.0315,8.68,0.22,111.73
86550,1.684,1.559,9.926,0.4268,-0.1304,-0.0172,8.66,0.04,111.77
86560,1.630,1.826,9.840,0.1156,-0.0142,0.0077,9.13,0.07,111.87
86570,1.701,1.638,9.616,0.4124,0.0872,-0.0739,8.79,0.03,111.76
86580,1.354,1.739,9.999,0.8441,-0.0826,0.0476,9.60,0.14,111.64
86591,1.428,1.696,9.811,-0.1458,0.0550,-0.0030,9.75,-0.07,111.91
86600,1.982,1.780,9.525,0.5911,-0.0371,-0.0154,9.43,0.24,111.78
86610,1.432,1.757,9.653,-0.1366,0.4684,0.0374,10.42,-0.10,111.85
86621,0.892,1.676,9.562,-0.8419,-0.0551,-0.0296,9.26,0.79,111.72
86631,1.671,1.527,9.888,0.3182,-0.8768,-0.0378,9.46,-0.20,111.80
86640,1.525,1.596,9.531,0.0840,0.1969,0.0154,9.65,-0.22,111.77
86650,1.313,1.323,9.644,-0.2322,-0.2533,-0.0111,9.55,0.00,111.80
86661,0.973,1.680,9.583,0.2465,-0.2939,-0.0245,9.37,-0.51,111.82
86670,0.988,1.868,9.770,0.0517,0.5729,0.0727,9.85,-0.32,111.91
86680,1.226,1.903,9.833,-0.6754,-0.0338,0.0249,9.45,0.11,111.71
86690,0.974,1.551,9.514,-0.3811,0.4521,-0.0730,9.08,-0.31,111.90
86700,1.298,1.451,9.249,-0.7786,0.1272,0.0185,9.02,0.60,111.78
86711,1.290,1.446,9.218,0.3125,-0.8013,0.0188,8.21,-0.15,111.86
86721,0.973,1.453,9.627,0.0934,0.1346,-0.0023,9.36,-0.33,111.74
86731,0.857,1.570,10.079,-0.7830,0.1825,-0.0171,8.32,-0.01,111.74
86741,0.502,1.185,9.851,-0.0665,-0.1082,0.0491,8.44,-0.12,111.68
86751,0.725,1.167,9.837,-0.5802,0.4448,-0.0026,8.24,-0.16,111.78
86761,0.829,1.274,9.948,-0.6740,0.0485,0.0259,7.77,0.39,111.83
86770,0.073,1.191,9.643,-0.6965,-0.2404,-0.0807,7.43,-0.11,111.74
86781,0.428,1.202,9.501,-0.9817,0.1124,-0.0002,6.99,0.10,111.73
86791,0.401,1.175,10.367,-0.0055,-0.4422,-0.0369,6.32,-0.03,111.82
86800,0.192,1.486,10.360,0.1496,-1.3740,0.0169,6.96,-0.42,111.66
86811,0.534,1.287,10.198,-1.0378,-3.0830,-0.0020,6.50,-1.62,111.77
86820,1.345,0.915,10.779,-0.7216,-3.4122,-0.0056,5.77,-3.94,111.84
86831,1.201,0.771,10.961,-0.5752,-2.8495,-0.0667,5.67,-5.52,111.86
86840,1.320,1.118,12.029,-0.8213,-2.7706,-0.0139,5.13,-7.21,111.84
86850,1.829,0.858,12.276,-0.6813,-3.2620,-0.0318,4.70,-8.67,111.76
86861,1.667,0.948,12.821,-0.3430,-3.1246,0.0826,4.36,-10.93,111.86
86871,1.570,0.349,13.374,-0.6083,-2.9765,0.1145,4.34,-12.29,111.67
86881,2.389,0.345,12.965,-1.3473,-2.4099,-0.0030,3.66,-14.31,111.84
86891,2.392,0.329,13.946,-0.6196,-2.2886,0.0677,2.82,-15.03,111.96
86900,2.040,0.390,13.310,-0.7086,-3.1907,0.0437,2.95,-16.92,111.79
86911,2.779,0.400,13.949,-0.8455,-2.5527,-0.0138,2.03,-18.69,111.67
86920,2.329,0.495,13.628,-0.4447,-2.7705,-0.0012,1.98,-19.88,111.66
86931,3.021,0.207,12.544,-1.7656,-2.7604,0.0369,1.51,-21.85,111.82
86941,2.807,-0.136,12.769,-0.8734,-3.0559,-0.0842,-0.06,-23.06,111.78
86950,3.647,0.313,11.753,-0.1432,-3.5115,-0.0012,0.48,-25.35,111.86
86960,3.220,0.117,11.380,-0.4559,-2.7492,0.0680,-0.22,-27.08,111.86
86971,4.014,-0.116,10.817,0.7237,-2.4299,0.0336,-0.05,-28.50,111.66
86981,3.572,0.150,9.759,0.1692,-0.3905,-0.0103,0.57,-29.88,111.81
86990,3.365,-0.419,9.873,-0.4648,2.0973,0.0112,0.15,-28.99,111.72
87000,3.726,-0.007,10.070,-0.6801,2.7187,0.0996,-0.00,-27.46,111.75
87010,2.991,0.254,10.294,0.3941,2.2315,-0.1119,-0.61,-25.85,111.68
87021,3.397,-0.238,10.170,0.5013,2.4610,-0.0090,0.49,-24.90,111.85
87030,2.982,-0.252,10.669,-0.1733,2.3029,-0.0601,-0.03,-23.03,111.69
87040,2.122,-0.314,10.969,0.0370,2.1795,-0.0398,0.31,-22.26,111.83
87050,2.056,0.086,10.931,-0.3587,2.2482,-0.0259,0.01,-20.56,111.80
87060,1.888,0.254,11.142,-0.4624,1.1100,-0.1147,-0.12,-19.70,111.96
87070,1.354,-0.329,11.287,0.2252,2.1215,0.0490,-0.47,-19.29,111.80
87080,1.318,0.137,11.547,0.1533,2.3112,0.0609,0.14,-17.28,111.81
87091,1.030,-0.032,11.696,0.1594,2.0389,-0.0048,-0.29,-16.67,111.70
87101,0.827,-0.054,11.193,0.6471,2.9165,0.0996,0.35,-14.92,111.75
87111,0.684,-0.615,11.081,-0.5830,2.6022,0.0001,0.45,-13.35,111.82
87121,0.809,-0.057,11.216,-0.6980,2.4281,-0.0027,-0.31,-11.93,111.91
87131,-0.030,-0.188,11.215,-0.0707,2.5528,-0.0808,-0.38,-10.54,111.72
87140,-0.167,-0.266,11.106,0.1114,2.0430,0.0251,-0.36,-9.02,111.82
87151,-0.254,-0.204,10.946,0.2668,1.4744,0.0294,-0.22,-8.20,111.66
87161,0.104,0.439,10.867,-0.0202,2.5080,0.0118,-0.03,-7.35,111.71
87171,-1.319,0.118,10.254,-0.5317,2.4962,-0.1181,-0.26,-5.28,111.74
87180,-0.554,-0.225,9.992,0.2579,1.3269,-0.0116,-0.61,-4.50,111.84
87190,-0.571,-0.220,9.602,0.1460,1.6810,0.0511,0.04,-3.79,111.79
87201,-1.126,-0.641,9.169,-0.3759,2.0175,0.0443,-0.45,-2.59,111.75
87211,-0.500,0.093,9.008,0.3577,1.5765,0.0491,-0.35,-1.48,111.71
87221,-1.055,-0.056,8.736,-0.0423,0.9522,0.0687,-0.06,-0.79,111.85
87231,-1.225,-0.432,8.520,0.0945,1.5009,0.0276,-0.42,-0.39,111.69
87241,-1.167,-0.009,8.220,0.5136,2.4370,-0.0385,0.06,0.97,111.71
87251,-1.170,0.280,7.674,0.0559,1.9845,-0.0369,0.19,2.41,111.80
87261,-1.477,0.225,8.011,0.0588,1.5259,0.0487,0.16,3.24,111.73
87270,-1.462,0.437,8.205,0.1867,1.2996,-0.0697,0.27,4.15,111.68
87281,-1.793,0.353,7.709,-0.2715,0.1121,-0.0034,0.35,4.73,111.92
87291,-1.562,0.455,7.697,-0.4656,1.6725,-0.0594,-0.03,4.27,111.67
87300,-2.231,0.251,7.465,-0.2836,2.7052,-0.0771,-0.16,6.64,111.81
87311,-1.994,0.151,7.813,0.3917,1.7452,0.0620,-0.33,7.37,111.70
87320,-1.817,-0.135,7.523,-0.0661,1.8318,-0.0014,0.30,8.63,111.81
87330,-1.864,0.144,7.914,-0.0111,1.5128,0.0553,-0.45,9.46,111.92
87341,-1.960,0.098,8.032,0.1690,1.5013,0.0348,0.28,10.37,111.68
87350,-2.734,-0.970,8.288,-0.2580,1.5782,0.0148,-0.25,11.19,111.87
87360,-1.596,0.216,9.094,0.3268,1.5492,0.0054,-0.01,12.15,111.80
87370,-2.220,0.022,9.062,-0.4419,1.3012,0.0634,0.10,12.98,111.94
87381,-2.662,-0.253,9.372,0.0941,1.0847,0.0288,-0.50,13.65,111.73
87390,-2.575,0.022,9.239,0.5643,-0.0513,-0.0094,0.23,14.25,111.73
87400,-2.260,0.020,24.647,0.2567,-1.3671,-0.0433,0.17,13.57,111.72
87411,-1.983,0.466,20.927,0.8157,-1.9052,-0.0423,0.52,12.67,111.68
87420,-2.128,0.150,15.803,1.0682,-2.3500,0.0296,1.10,11.34,111.74
87430,-1.578,0.701,12.003,1.0831,-2.2866,0.0411,1.69,10.00,111.98
87440,-0.885,0.017,10.908,0.9967,-2.0483,-0.0185,2.35,8.67,111.74
87451,-1.075,0.561,10.406,0.5723,-2.0483,-0.0206,2.83,7.71,111.76
87461,-0.481,0.359,9.710,0.3069,-3.2860,-0.0216,3.03,6.30,111.81
87471,-0.145,0.877,9.997,0.5852,-2.8857,0.0034,3.21,3.95,111.81
87481,0.582,0.647,10.144,0.7966,-1.6086,0.1115,3.69,3.02,111.87
87491,0.325,0.739,9.549,0.4613,-1.7780,-0.0215,4.16,2.11,111.94
87501,0.973,0.422,9.472,0.5141,-1.7333,-0.0397,4.22,0.99,111.74
87511,0.722,0.442,9.585,0.8860,-0.9153,-0.0882,4.76,0.13,111.76
87520,1.019,1.420,9.242,-0.1278,-0.1139,-0.0225,5.24,-0.04,111.71
87530,0.839,1.066,9.499,0.5858,0.0607,0.0586,4.61,0.03,111.90
87540,0.893,0.482,10.132,1.2811,-0.1776,-0.0235,5.91,0.01,111.85
87550,1.560,1.244,10.007,0.9490,-0.2138,0.0368,6.08,-0.18,111.80
87560,1.174,1.098,9.503,0.8743,0.2017,-0.0218,7.00,-0.27,111.85
87571,1.170,1.208,9.958,-0.3137,0.9336,-0.0444,7.10,0.05,111.85
87581,1.402,1.631,9.541,0.4401,-0.0142,0.0275,6.70,0.82,111.91
87590,1.429,1.145,9.573,0.3603,-0.7251,0.0600,7.59,-0.00,111.75
87601,1.288,0.784,9.612,0.7238,0.6205,0.0879,7.08,0.01,111.91
87610,1.097,1.331,9.741,0.7609,0.3129,-0.0456,8.45,0.70,111.80
87620,1.566,1.282,9.939,-0.0436,-0.9766,0.0118,7.92,0.36,111.77
87630,1.080,1.150,9.489,0.8883,-0.3068,0.0622,8.38,-0.42,111.76
87640,1.125,1.637,9.436,0.1875,-0.0382,-0.0949,8.93,0.02,111.92
87650,1.602,1.909,9.732,-0.1000,-0.0243,0.0823,8.58,-0.50,111.82
87661,1.993,1.354,9.434,0.1495,0.3498,-0.0735,8.81,-0.05,111.87
87670,1.752,1.429,9.954,0.6477,-0.2613,0.0171,8.74,-0.12,111.96
87680,1.756,1.847,9.604,0.9581,0.5479,-0.0385,9.54,-0.32,111.73
87690,1.383,1.675,9.720,-0.1596,0.5189,0.0019,9.85,0.52,111.75
87700,1.254,1.146,10.122,-0.5384,-0.5881,-0.0063,9.36,0.25,111.77
87710,1.640,1.289,9.426,0.0995,-0.4764,0.0789,9.22,-0.16,111.63
87721,1.704,1.577,9.299,0.1797,0.1322,-0.0088,9.48,-0.29,111.99
87730,1.480,1.729,9.586,0.1145,-0.0630,0.0095,9.39,-0.03,111.61
87740,1.463,1.603,9.468,0.0661,-0.0509,-0.0181,9.58,-0.35,111.69
87750,1.474,1.347,9.503,-0.0564,0.4215,0.0216,9.49,-0.11,111.90
87760,0.939,1.189,9.896,-0.0654,0.1266,0.0453,9.54,0.20,111.85
87771,1.564,1.688,9.874,-0.4174,-0.1816,-0.0032,9.41,0.03,111.71
87780,1.141,1.542,9.974,-0.6745,0.1420,-0.0757,9.05,-0.00,111.75
87790,1.052,1.369,9.802,-0.2686,-0.4645,0.0234,8.64,0.23,111.80
87800,1.566,1.634,9.514,0.1446,-0.0718,-0.0617,8.73,-0.51,111.75
87811,0.740,1.531,9.663,0.2108,0.4454,0.0047,8.84,0.12,111.79
87821,1.088,1.509,9.522,-0.4410,-0.0648,0.0583,8.99,-0.05,111.74
87831,1.131,1.723,9.326,-0.4232,-0.4437,0.0130,8.36,0.05,111.71
87840,1.228,1.147,9.624,-0.4441,-0.4076,0.0177,8.48,-0.56,111.75
87851,1.250,1.140,9.998,-0.6636,0.4383,-0.0047,7.86,-0.37,111.91
87861,0.896,1.050,9.758,-0.2313,1.0075,-0.0726,7.72,-0.03,111.75
87870,0.818,1.711,9.689,0.0745,-0.3961,0.0536,7.59,0.78,111.83
87881,0.583,1.240,9.828,-0.5092,-0.7748,0.0052,7.79,-0.45,111.72
87891,-0.087,1.435,10.063,-0.7459,1.2149,0.0395,7.02,-0.15,111.69
87901,0.277,0.925,9.565,-0.5364,-0.7271,0.0829,6.93,0.98,111.75
87911,0.414,1.029,10.801,-0.7249,-2.8753,0.0257,6.40,-1.02,111.77
87920,1.008,1.201,10.486,-0.1866,-2.8345,-0.0882,6.07,-2.33,111.71
87931,0.973,1.602,10.546,-0.3127,-2.4939,-0.0465,6.22,-4.25,111.88
87940,1.092,0.965,11.209,-1.6007,-2.5156,0.0035,5.71,-5.20,111.96
87951,1.333,0.649,11.457,-0.5623,-3.0521,0.0280,4.41,-7.15,111.70
87961,1.777,0.660,11.948,-0.0649,-2.5356,0.1080,5.04,-8.70,111.76
87971,1.819,1.109,12.683,-1.2147,-2.9690,-0.0305,4.36,-10.04,111.70
87980,2.156,0.488,13.289,-0.7481,-3.0533,-0.0003,3.61,-12.10,111.86
87991,1.823,0.718,13.964,-0.4848,-2.8498,0.0428,3.51,-13.53,111.92
88001,2.097,0.744,13.460,-0.7058,-2.2990,-0.0197,3.05,-15.38,111.66
88011,1.994,0.368,14.195,-0.4060,-3.0406,0.0266,2.67,-16.19,111.81
88021,2.053,0.429,14.067,-0.9144,-3.1082,0.0527,2.58,-18.86,111.61
88031,2.714,0.042,13.536,-0.9241,-2.3359,-0.0199,1.63,-19.76,111.85
88041,2.813,0.328,13.637,-0.4128,-2.7341,0.0404,1.50,-21.54,111.76
88051,2.939,0.285,13.199,-0.8736,-2.3217,0.0247,1.15,-22.88,111.73
88061,3.367,0.181,12.930,-1.0630,-2.4730,0.0726,0.49,-24.20,111.69
88070,3.790,0.415,11.647,-0.1655,-2.6199,-0.0846,-0.04,-25.73,111.71
88081,3.646,0.118,10.744,0.2589,-3.2970,-0.0167,0.33,-27.20,111.76
88090,3.183,0.207,10.487,-0.0506,-2.3716,0.0154,0.23,-29.50,111.88
88100,3.999,0.075,9.815,-0.1766,1.2362,-0.0602,0.29,-29.95,111.80
88110,3.013,0.042,9.850,0.0281,2.4071,0.0055,-0.00,-28.08,111.82
88120,3.489,0.077,9.876,0.4740,2.0372,-0.0321,0.35,-27.22,111.84
88131,2.545,-0.139,10.491,-0.4040,2.2064,-0.0372,0.50,-25.74,111.75
88141,2.835,0.062,10.457,-0.5414,2.5133,-0.0611,-0.13,-24.68,111.73
88150,2.454,0.373,10.511,0.4354,1.9893,-0.0044,-0.14,-22.89,111.81
88161,2.448,0.156,10.458,0.2415,1.9225,-0.0843,0.39,-22.41,111.80
88170,2.062,-0.100,10.211,0.0168,2.0899,-0.0620,0.14,-20.67,111.72
88180,2.342,0.274,11.368,0.0477,1.9610,-0.0011,0.39,-20.01,111.56
88190,1.704,0.095,11.383,-0.2727,2.5596,0.0142,0.19,-18.41,111.95
88200,1.466,0.288,11.521,-0.1378,2.0641,-0.0062,0.06,-17.05,111.91
88210,1.511,-0.113,11.363,-0.1298,1.6604,0.0204,0.05,-16.10,111.90
88221,0.841,0.034,11.339,0.0879,1.9357,-0.0129,-0.06,-15.16,111.74
88231,0.743,-0.081,11.194,0.0142,2.2960,0.0485,0.13,-13.89,111.77
88240,0.735,0.079,11.411,-0.2908,2.0454,0.0146,-0.03,-12.52,111.72
88251,0.458,-0.156,11.208,0.4232,2.1964,-0.0023,-0.20,-11.59,111.89
88261,-0.031,0.016,11.281,0.0764,2.5115,-0.0060,0.45,-10.00,111.66
88270,0.191,0.110,10.814,-0.2066,2.0311,0.0894,-0.09,-8.76,111.78
88281,-0.068,-0.319,10.195,-0.2498,2.3634,-0.0214,0.19,-7.67,111.75
88290,-0.749,0.095,10.428,-0.2231,1.8581,0.0133,-0.38,-6.03,111.80
88300,-0.276,-0.033,10.071,0.2098,1.5830,0.0294,-0.08,-5.54,111.72
88310,-0.841,0.105,9.850,-0.1163,2.0265,0.0225,-0.16,-4.26,111.78
88321,-1.125,-0.143,9.547,0.1273,1.1646,0.0052,-0.24,-3.20,111.91
88331,-0.915,-0.109,9.305,0.4390,1.7208,0.0067,0.02,-2.96,111.64
88341,-1.008,-0.089,9.113,0.0124,1.6360,0.0443,0.27,-1.17,111.75
88350,-0.674,-0.165,8.852,0.1784,1.3650,0.0651,0.02,-1.09,111.78
88361,-1.408,-0.173,8.601,0.0080,1.7211,0.0347,0.43,0.36,111.76
88370,-1.095,0.293,7.883,-0.4781,1.3149,-0.0057,0.05,0.93,111.79
88381,-1.422,-0.071,8.113,0.1063,1.8209,0.0011,-0.11,1.86,111.80
88391,-1.627,-0.068,7.901,-0.0512,1.0802,0.0168,0.21,3.03,111.68
88400,-1.314,0.057,7.736,-0.4878,1.4025,-0.0461,-0.17,3.10,111.86
88411,-2.186,0.224,7.927,0.2320,2.4666,0.0480,-0.37,4.63,111.81
88420,-2.016,0.306,8.178,-0.0139,0.6806,-0.0686,0.17,5.93,111.63
88430,-1.957,0.063,7.761,-0.2548,0.9404,0.0959,-0.36,5.40,111.79
88440,-1.462,0.225,8.459,-0.0171,2.7397,-0.0663,-0.15,7.04,111.81
88450,-1.977,0.265,7.863,0.2968,1.5388,-0.0536,-0.44,8.52,111.70
88460,-2.307,-0.249,7.738,0.0291,1.1464,0.0395,0.15,8.83,111.74
88471,-1.827,0.446,8.527,0.0117,1.6862,-0.0393,-0.40,9.85,111.75
88480,-1.874,0.065,8.417,0.3434,1.5201,-0.0351,0.23,10.77,111.73
88491,-2.338,-0.243,8.438,-0.5269,1.9446,0.0073,0.01,11.60,111.81
88501,-2.047,0.094,8.602,-0.3354,1.8939,0.0166,-0.36,12.94,111.73
88511,-2.652,0.036,9.085,0.2080,1.7252,-0.0840,-0.40,13.77,111.85
88520,-3.068,-0.193,8.950,0.5343,0.7327,-0.0098,-0.11,14.90,111.70
88530,-2.478,-0.096,25.660,0.6549,-1.4689,0.0315,0.25,14.63,111.81
88540,-2.247,0.042,22.984,1.1579,-2.3627,0.0227,0.64,13.20,111.62
88550,-1.705,0.514,18.194,1.1488,-2.3016,-0.0262,1.56,11.94,111.80
88560,-1.623,0.013,14.067,-0.0465,-1.5488,-0.0445,1.91,10.62,111.73
88570,-1.284,0.320,11.209,0.0931,-2.0828,-0.0164,1.53,10.18,111.78
88581,-1.023,0.319,10.157,0.3764,-3.0962,-0.0051,2.01,8.27,111.79
88591,-0.906,0.086,9.502,0.4422,-2.8198,0.0370,1.96,6.64,111.82
88601,-0.018,0.411,9.831,0.6408,-1.9990,-0.0069,2.51,5.01,111.74
88611,-0.232,0.663,10.183,0.8785,-2.2966,0.0396,2.71,4.32,111.70
88620,0.163,0.472,9.880,0.9072,-2.1643,-0.0231,3.53,2.38,111.74
88631,0.458,1.271,9.492,0.8495,-2.0618,0.0396,3.78,1.83,111.73
88640,0.820,0.958,9.546,0.7184,-1.3124,0.0196,4.47,0.01,111.76
88651,1.101,0.637,9.818,0.0332,0.0421,-0.0111,4.61,0.34,111.79
88660,0.928,0.522,10.055,0.4188,-0.1637,-0.0079,4.51,0.02,111.75
88670,0.721,0.884,10.148,0.4050,0.4132,-0.0399,5.09,0.17,111.90
88681,1.140,1.118,10.113,0.5932,-0.2008,0.0590,4.95,0.51,111.74
88691,1.504,1.348,9.903,0.9403,-0.5058,-0.0474,5.78,-0.08,111.88
88700,1.365,1.200,9.811,0.0652,-0.0040,-0.0085,6.01,-0.08,111.76
88711,1.161,0.775,9.964,0.5277,-0.1536,-0.0004,5.88,-0.06,111.75
88721,0.942,1.316,9.823,0.9178,0.0674,0.0296,6.65,-0.25,111.77
88731,1.545,1.455,9.826,0.7495,0.1738,-0.0027,6.90,0.07,111.59
88741,1.149,1.114,9.578,0.0463,-0.3642,-0.0307,7.51,-0.04,111.78
88751,1.493,0.976,9.612,0.0120,-0.3181,0.0297,6.98,-0.35,111.71
88761,1.156,1.367,10.047,0.5074,0.1986,0.0347,7.51,-0.43,111.79
88770,1.523,1.552,9.479,0.6664,0.6527,-0.0476,7.56,-0.13,111.82
88780,1.920,1.800,9.585,0.5865,0.4905,0.0074,8.26,0.29,111.70
88791,1.371,1.475,9.928,-0.0341,-0.0929,-0.0535,8.21,0.44,111.75
88800,1.397,1.704,9.849,-0.0047,-0.0607,0.0177,8.19,0.16,111.75
88811,1.184,1.643,10.000,-0.1389,0.2809,0.0889,8.22,0.37,111.68
88820,1.403,1.525,9.629,-0.1486,-0.7893,-0.0042,8.03,0.48,111.87
88831,1.621,1.413,10.059,-0.1476,-0.2834,0.0592,8.06,-0.49,111.86
88841,1.717,0.967,9.570,0.0555,0.6111,0.0032,7.86,0.15,111.93
88850,1.103,1.618,9.743,0.4371,-0.3188,-0.0909,8.13,0.22,111.78
88861,1.320,1.536,9.884,0.2827,-0.2230,-0.0210,8.36,-0.22,111.62
88870,1.677,1.437,9.720,-0.0356,0.8598,-0.0314,8.39,-0.01,111.74
88880,1.147,1.160,9.893,0.4206,0.0940,0.0004,8.30,0.77,111.84
88890,1.484,1.547,9.764,0.2231,-1.0521,0.0102,8.87,0.08,111.87
88900,1.165,1.706,9.643,-1.0125,-0.0696,-0.0174,8.55,-0.41,111.76
88911,1.169,1.064,9.947,-0.4907,-0.1159,-0.0020,7.71,-0.04,111.74
88920,1.215,1.464,9.856,0.4713,0.2145,-0.0002,8.00,-0.55,111.69
88930,1.242,1.279,9.693,0.0351,1.0983,-0.0009,8.26,0.19,111.98
88941,0.815,1.462,9.735,-0.3343,-0.1174,-0.0724,7.99,0.71,111.82
88951,0.958,1.140,9.815,-0.5554,-0.4347,-0.0800,7.89,0.06,111.75
88961,1.182,1.036,9.900,-0.3498,-0.1285,0.0156,7.35,0.17,111.83
88971,1.427,1.405,9.973,0.7030,-0.2147,0.0535,7.44,-0.12,111.90
88980,0.751,1.033,9.524,-0.3944,0.3123,-0.0299,8.09,-0.08,111.75
88991,0.865,1.269,9.879,-1.2362,0.0401,-0.0007,6.97,0.25,111.85
89001,0.659,1.419,9.433,-0.4044,-0.3787,0.0428,6.67,-0.07,111.82
89010,0.740,1.038,9.535,-0.3809,-0.0442,-0.0301,6.48,-0.16,111.84
89020,0.576,1.161,9.829,-0.0052,-0.0300,-0.0333,6.25,-0.11,111.69
89030,0.587,0.999,9.583,-0.5494,-0.1596,-0.0522,6.51,-0.19,111.77
89040,0.332,1.536,10.273,-0.6305,-1.9190,-0.0161,5.64,-0.34,111.72
89050,0.538,0.709,10.531,-0.2853,-3.0628,-0.0148,5.79,-2.38,111.73
89061,0.829,1.019,10.381,-0.8780,-2.3434,0.0266,5.33,-3.87,111.61
89070,1.511,0.728,10.898,-0.9061,-2.4213,-0.0648,4.73,-5.08,111.68
89081,1.040,0.699,11.303,-0.5844,-2.7338,0.0406,4.29,-6.64,111.82
89090,1.124,0.516,12.047,-0.1123,-3.1394,0.0147,4.06,-8.21,111.88
89100,1.271,0.898,12.641,-0.7129,-2.8892,0.0459,4.14,-10.20,111.86
89111,1.593,0.549,13.310,0.0827,-2.8837,-0.0024,3.26,-11.49,111.86
89120,2.402,1.021,13.272,-0.1164,-3.0921,0.0916,4.26,-13.51,111.73
89131,2.758,0.499,14.480,-1.3637,-2.6957,-0.0101,3.13,-15.08,111.78
89140,2.219,0.449,13.653,-0.6127,-1.9426,0.0180,2.73,-16.63,111.80
89150,2.600,0.612,14.167,-0.7986,-2.8490,-0.0254,2.46,-17.26,111.74
89161,3.237,0.449,13.730,-0.7016,-3.3290,0.0014,1.83,-19.85,111.83
89170,2.864,0.649,13.768,-0.7443,-2.4460,0.0301,1.65,-21.06,111.53
89181,2.786,-0.174,12.817,-0.5928,-2.4972,0.0968,0.98,-22.65,111.69
89190,3.054,0.124,12.166,-1.1938,-2.7515,-0.0332,1.00,-23.93,111.76
89200,3.502,0.013,11.930,-0.8525,-2.9978,-0.0033,-0.38,-25.80,111.81
89210,3.869,-0.189,10.905,-0.0340,-2.4225,0.0795,0.04,-27.33,111.81
89220,3.495,0.177,10.232,-0.2703,-1.7383,-0.0233,-0.39,-28.55,111.76
89231,4.070,0.041,10.057,0.5973,0.4110,-0.0448,-0.23,-29.30,111.77
89240,3.858,0.161,9.773,0.4073,2.0809,0.0261,0.31,-28.08,111.91
89250,3.230,-0.478,9.486,-0.4224,1.9917,0.0245,0.22,-26.90,111.82
89260,3.098,-0.324,9.956,-0.3181,1.6304,0.0391,-0.16,-25.82,111.95
89271,3.134,-0.122,10.270,-0.0782,1.8048,-0.0526,-0.16,-25.00,111.74
89281,3.131,-0.164,10.511,0.1799,1.9530,0.0111,-0.22,-23.75,111.86
89291,2.415,0.234,10.803,0.1207,2.2560,0.0269,0.03,-22.75,111.81
89301,1.858,0.183,11.048,-0.4035,2.2038,0.0226,-0.07,-21.15,111.74
89311,1.657,0.122,11.090,-0.0443,2.2054,0.0670,-0.41,-20.24,111.77
89321,1.694,0.101,11.235,0.5418,2.6770,-0.0075,-0.12,-18.64,111.81
89330,1.068,-0.131,11.324,0.1057,2.2530,0.0396,0.20,-17.20,111.71
89340,1.543,-0.344,11.264,-0.0577,2.3303,-0.0070,0.02,-16.09,111.81
89350,0.814,0.248,11.360,-0.0743,1.8478,0.0239,0.12,-14.55,111.75
89361,1.056,0.004,11.290,0.0158,1.8102,0.0068,-0.04,-13.97,111.75
89371,1.100,0.284,11.681,-0.2687,2.2760,0.0567,0.17,-12.48,111.95
89381,0.566,0.320,11.139,-0.4011,2.2240,0.0448,-0.38,-11.35,111.83
89391,0.356,-0.308,11.248,0.1757,2.5051,0.0408,-0.31,-10.00,111.84
89400,0.488,0.232,10.514,0.5580,2.1635,0.0889,-0.20,-8.50,111.71
89410,0.213,-0.276,10.575,0.4192,2.1734,-0.0255,0.34,-7.50,111.83
89421,-0.269,-0.100,10.244,-0.1938,2.2823,-0.0141,0.30,-6.00,111.71
89430,-0.497,0.134,10.208,-0.0683,1.9308,-0.0028,0.10,-4.90,111.71
89440,-1.205,-0.235,9.894,0.0134,1.5259,0.0096,0.20,-3.80,111.80
89451,-0.848,0.026,9.454,0.5464,1.0927,-0.0174,0.11,-3.17,111.77
89460,-0.878,0.215,9.576,-0.1500,1.1334,-0.0407,0.82,-2.51,111.76
89470,-1.308,-0.044,8.712,-0.2130,2.1778,-0.0023,-0.06,-1.82,111.88
89480,-0.773,-0.360,8.827,0.0999,1.9437,0.0714,0.55,-0.03,111.81
89490,-0.907,-0.160,7.955,-0.4120,0.6766,0.0577,0.05,0.45,111.83
89501,-1.308,0.294,7.981,-0.2524,1.0252,0.0964,0.08,0.72,111.80
89510,-1.069,0.152,8.184,-0.1164,1.9032,-0.0330,-0.24,1.63,111.69
89521,-1.470,0.020,8.113,0.3955,1.8539,-0.0196,-0.08,2.90,112.00
89530,-1.504,0.427,7.964,-0.2756,1.7452,-0.0297,0.21,3.72,111.92
89540,-1.642,0.083,7.815,-0.2796,1.5020,0.0331,-0.34,4.90,111.97
89550,-1.270,0.065,7.277,0.2978,1.6185,-0.0054,-0.10,5.43,111.92
89561,-2.570,0.004,7.250,-0.0437,1.6944,0.1434,-0.03,6.74,111.75
89570,-1.926,0.099,8.141,0.2101,0.6857,-0.0932,-0.18,7.34,111.81
89581,-1.541,-0.308,7.999,0.3283,1.1958,-0.0378,0.24,7.57,111.80
89591,-2.271,-0.143,8.266,-0.2440,2.3025,0.0019,0.24,8.71,111.73
89600,-1.910,0.097,7.890,-0.0632,1.8995,-0.0377,-0.03,10.20,111.90
89611,-2.259,0.200,8.557,0.2264,1.0144,-0.0521,0.18,10.89,111.91
89620,-2.408,-0.163,8.165,-0.2363,1.8639,0.0338,0.22,11.36,111.78
89630,-2.584,0.017,8.839,-0.5464,2.2752,0.0068,-0.04,13.01,111.86
89641,-2.983,-0.215,9.146,0.5255,1.5600,-0.0085,-0.42,13.96,111.72
89650,-2.577,0.038,9.058,0.2011,0.7557,0.0056,0.56,14.81,111.69
89660,-2.465,0.087,25.366,0.2440,-1.3910,0.0144,-0.17,14.79,111.78
89671,-1.989,0.192,21.411,1.5806,-2.4737,-0.0159,0.86,13.23,111.81
89680,-1.749,0.452,17.154,0.5588,-2.3769,-0.0612,1.63,11.97,111.87
89691,-1.533,0.116,13.517,0.5711,-2.7818,-0.0183,1.57,10.50,111.67
89701,-0.731,0.648,11.319,0.3746,-2.6166,0.0742,2.27,8.75,111.85
89711,-1.047,0.778,10.302,0.2531,-2.1084,-0.0224,2.03,7.52,111.80
89721,-0.186,0.018,9.959,1.1757,-2.3010,0.0467,2.56,6.34,111.74
89730,0.028,0.206,9.940,0.4391,-2.3981,-0.0479,3.35,4.86,111.90
89740,0.223,0.466,9.678,-0.0227,-2.1443,-0.0103,3.07,3.62,111.87
89751,0.365,0.707,10.140,0.7819,-2.1447,0.0695,3.33,2.36,111.84
89761,0.295,0.788,9.755,0.9497,-2.3691,-0.0781,3.98,1.17,111.83
89771,1.082,0.383,9.203,0.6629,-1.1577,-0.0514,4.42,-0.36,112.02
89780,0.838,0.750,9.627,0.3209,0.5984,0.1004,4.72,-0.16,111.74
89791,0.842,0.643,9.463,0.7295,-0.1972,0.0399,4.81,0.31,111.68
89801,1.690,0.532,9.932,0.6624,-0.3504,-0.0794,5.56,-0.39,111.89
89810,0.874,1.053,9.933,-0.0730,0.3210,-0.0337,5.61,-0.06,111.68
89821,0.670,0.968,9.850,0.4112,-0.1956,-0.0051,5.49,0.00,111.86
89831,1.981,1.112,9.675,0.9250,-0.1982,0.0147,6.07,-0.27,111.77
89840,1.556,0.809,9.918,0.7043,0.0040,0.0407,6.55,-0.22,111.67
89851,1.515,1.076,9.832,0.6834,0.1890,-0.0199,6.87,-0.26,111.73
89860,1.314,1.483,9.557,0.0142,0.2558,-0.0004,7.34,-0.03,111.95
89870,1.462,1.525,9.870,-0.2162,0.1874,-0.0475,6.91,0.05,111.77
89881,1.375,1.309,9.725,0.6830,-0.4943,0.0195,7.04,0.22,111.78
89890,1.435,1.701,9.607,0.2418,0.1680,-0.0282,7.69,-0.47,111.82
89900,1.372,0.903,9.823,0.1429,0.6510,0.0384,7.33,0.39,111.79
89910,0.708,1.510,10.288,0.5710,-0.1816,-0.0488,7.87,0.27,111.76
89920,1.315,1.291,9.579,0.5108,-0.3726,-0.0661,7.96,0.19,111.78
89931,1.015,1.388,9.992,0.4136,-0.2368,-0.0656,8.48,-0.13,111.79
89940,1.457,1.423,9.471,0.1310,0.4154,0.0326,8.44,-0.06,111.84
89951,1.718,1.144,10.046,-0.2582,0.0282,0.0160,8.60,0.36,111.74
89960,1.489,2.027,9.838,-0.5022,-0.4845,0.0032,8.18,-0.03,111.82
89971,1.843,1.894,9.692,0.4154,-0.4254,-0.0213,7.99,-0.19,111.75
89981,1.718,1.131,9.731,0.5680,0.0081,0.0735,8.63,-0.51,111.91
89990,1.353,1.553,9.743,0.4094,-0.0251,0.0104,8.66,-0.18,111.92
90001,1.413,1.686,9.419,-0.2012,-0.0963,0.0370,9.12,-0.58,111.86
90011,1.473,1.343,9.716,-0.9471,0.5725,-0.0029,8.44,-0.28,111.67
90020,1.426,1.345,9.587,-0.1121,0.5005,-0.0304,8.03,0.09,111.69
90030,1.389,0.923,9.687,0.5206,-0.0479,-0.0293,8.32,0.28,111.67
90040,1.485,1.423,9.528,-0.1328,-0.5501,0.0533,8.65,0.07,111.78
90051,1.456,0.933,9.644,-0.6523,0.2237,-0.0144,8.14,-0.37,111.81
90060,1.109,1.319,9.966,-0.1825,-0.0175,-0.0092,7.88,0.35,111.72
90071,0.881,0.974,9.836,0.1674,-0.1714,0.0284,7.91,-0.40,111.88
90080,0.977,1.653,9.831,-0.5286,0.1443,0.0383,8.09,0.12,111.89
90090,0.663,0.807,9.655,-0.8557,-0.0257,0.0612,7.30,-0.24,111.75
90100,1.185,0.860,9.711,0.1487,0.7284,0.0362,7.12,0.12,111.61
90110,1.106,1.096,10.155,0.4092,-0.2280,0.0410,7.47,0.56,111.68
90120,0.253,1.347,9.620,-0.6491,-0.5303,0.0194,7.65,-0.18,111.70
90130,1.078,1.477,9.854,-0.6017,0.3230,-0.0357,6.77,-0.06,111.88
90140,0.461,1.026,10.044,-0.6462,-0.0447,-0.0089,6.97,0.17,111.67
90150,0.506,0.956,9.973,-0.9402,-0.3732,0.1006,6.04,-0.10,111.70
90160,0.937,1.196,9.861,-0.6637,-0.8450,0.0189,5.88,-0.24,111.76
90170,0.196,1.024,10.270,-0.2428,-2.6202,-0.0074,5.29,-1.09,111.75
90181,1.053,0.851,10.321,-0.2819,-3.0728,-0.0418,5.63,-3.23,111.77
90190,0.810,1.065,11.156,-0.5080,-2.4858,-0.0394,4.96,-4.64,111.75
90200,0.885,0.629,11.380,-0.1446,-2.8360,0.1062,5.02,-6.10,111.93
90210,1.023,1.308,11.629,-0.7856,-2.8563,-0.0067,4.78,-7.88,111.69
90220,1.369,0.885,12.333,-0.5654,-2.4968,-0.0009,4.11,-9.37,111.78
90230,1.692,0.731,13.214,-0.9061,-2.9373,-0.1006,4.10,-10.73,111.92
90240,2.108,0.657,13.365,-0.4455,-2.9433,-0.0748,3.09,-12.74,111.92
90250,2.246,0.705,13.853,-0.5536,-2.8825,-0.0316,3.59,-14.13,111.75
90261,2.238,0.442,14.620,-1.1927,-2.2504,-0.0378,2.45,-16.04,111.79
90270,2.354,0.488,14.103,-0.6043,-2.4454,0.0203,2.22,-16.71,111.83
90281,2.418,-0.211,13.945,-0.5604,-2.7656,-0.0087,1.77,-18.85,111.83
90290,2.832,0.041,13.691,-0.8047,-2.3085,0.0449,1.57,-19.91,111.73
90300,2.615,0.452,13.612,-0.5477,-3.5415,0.0470,0.89,-21.48,111.74
90311,3.175,0.091,12.882,-0.4134,-3.2279,0.0883,1.00,-23.96,111.79
90320,3.523,0.189,11.882,-0.0682,-2.1271,-0.0610,0.44,-25.13,111.92
90330,3.729,0.145,11.255,-0.2591,-2.0171,-0.0141,0.90,-26.44,111.78
90341,3.843,0.398,10.750,-0.6853,-2.5657,-0.0003,0.17,-27.50,111.79
90350,3.578,0.308,9.867,0.1894,-1.2895,-0.0111,0.14,-29.35,111.77
90361,3.598,-0.120,10.236,-0.2855,1.7891,-0.0507,0.37,-28.93,111.85
90371,3.405,-0.328,10.080,-0.5154,1.7906,-0.0402,-0.21,-27.27,111.80
90381,3.345,0.057,10.454,0.0955,1.8755,0.0288,-0.21,-26.85,111.79
90390,3.354,-0.235,10.163,-0.4747,2.1538,-0.0150,-0.10,-25.13,111.64
90400,2.778,-0.361,10.233,0.2128,1.8076,-0.0822,-0.76,-24.35,111.79
90411,2.731,-0.164,10.755,0.3719,2.7661,-0.0124,0.13,-23.07,111.80
90420,2.356,-0.009,10.871,0.2610,2.3456,0.0756,-0.30,-21.14,111.82
90430,1.662,0.537,11.196,-0.1249,1.9023,-0.0096,0.43,-20.37,111.83
90440,1.451,-0.294,11.351,-0.3658,2.0761,-0.0085,-0.43,-18.96,111.77
90450,1.486,0.172,10.998,-0.3501,1.9498,0.0021,0.01,-18.02,111.76
90461,1.395,0.075,10.991,-0.6758,2.1317,0.0274,-0.86,-16.71,111.72
90471,1.253,0.252,11.210,0.9263,2.1551,0.0378,-0.77,-15.59,111.71
90480,0.737,0.278,11.245,0.8616,2.4878,0.0130,0.23,-14.26,111.71
90491,1.006,0.067,10.760,-0.4451,2.6499,-0.0623,0.21,-12.73,111.79
90500,0.395,-0.025,11.319,0.0117,2.1550,-0.0134,-0.26,-11.23,111.73
90510,0.202,0.154,11.004,0.3156,1.5488,-0.0052,0.20,-10.31,111.91
90521,0.296,-0.380,10.662,0.3128,1.7932,-0.0146,0.11,-9.45,111.95
90531,-0.089,0.548,10.893,-0.2889,2.8267,0.0789,0.61,-8.25,111.76
90541,-0.338,0.088,10.277,-0.5730,2.7798,-0.0519,-0.22,-6.21,111.73
90550,-0.449,0.021,10.179,0.3281,1.7852,0.0632,-0.05,-5.05,111.80
90560,-0.556,0.138,9.441,0.0651,1.0544,0.0369,0.18,-4.17,111.74
90570,-0.705,0.064,9.676,0.4860,1.6762,0.0838,0.01,-3.83,111.78
90580,-1.279,0.116,9.361,0.3159,1.7839,0.0099,0.73,-2.30,111.70
90591,-1.309,0.254,8.958,-0.6817,1.8746,-0.0078,0.35,-1.82,111.70
90601,-1.351,0.128,9.196,0.1629,1.9615,0.0070,-0.06,-0.17,111.75
90610,-0.939,-0.129,8.636,-0.0095,1.5041,0.0166,0.51,0.47,111.77
90620,-1.764,0.096,8.715,-0.8269,1.2627,0.0103,-0.10,1.53,111.68
90630,-1.583,0.012,8.099,0.3001,0.9274,-0.0670,-0.45,1.90,111.75
90640,-1.717,-0.127,8.248,0.5358,1.7568,0.0027,0.24,2.59,111.64
90650,-1.917,0.094,7.435,-0.2303,2.2601,-0.0476,0.17,3.91,111.69
90661,-1.364,-0.067,7.819,0.0360,1.0974,-0.0212,-0.03,5.21,111.89
90670,-1.810,-0.171,7.865,-0.3814,1.0391,-0.0302,0.19,5.18,111.71
90681,-1.935,-0.442,7.997,-0.3531,1.7802,0.0604,-0.47,6.39,111.89
90691,-1.585,-0.385,7.892,0.4330,0.9907,-0.0404,-0.19,7.21,111.69
90701,-2.022,0.117,8.047,0.3499,1.4262,0.1027,0.01,7.53,111.71
90710,-2.240,0.015,7.956,0.1114,2.0511,-0.0611,0.20,8.83,111.82
90721,-1.801,-0.164,8.166,0.0292,1.6088,0.0640,0.13,9.90,111.85
90731,-2.426,0.220,8.551,-0.0588,1.6411,-0.0100,0.19,10.66,111.65
90741,-2.338,0.128,8.911,-0.5123,1.6195,0.1111,0.06,11.81,111.80
90750,-2.044,-0.269,9.191,-0.1524,1.2747,0.0440,-0.33,12.51,111.74
90761,-2.217,-0.147,9.266,0.1509,1.2923,0.0478,-0.11,13.26,111.78
90771,-2.023,-0.146,8.966,0.3042,1.0358,-0.0041,-0.14,13.99,111.82
90781,-2.247,-0.439,24.684,0.8669,-0.7858,-0.0757,0.23,14.45,111.76
90791,-2.671,0.222,22.123,0.3982,-1.6639,0.0531,0.82,13.09,111.96
90800,-1.125,-0.154,17.649,0.3567,-1.7887,0.0101,0.69,12.52,111.64
90811,-1.761,-0.023,14.102,0.8519,-2.4818,0.0027,1.17,11.03,111.79
90821,-1.653,0.418,11.269,1.1960,-2.7539,0.0472,1.72,9.70,111.82
90831,-1.260,0.393,10.208,0.8701,-2.2094,0.0365,2.57,7.86,111.83
90841,-0.658,0.277,9.916,0.1727,-2.3785,0.0160,2.70,7.14,111.88
90850,-0.412,0.484,9.691,0.6341,-2.3123,-0.0321,2.75,5.11,111.74
90860,-0.024,0.296,9.842,0.5423,-2.1398,-0.0273,3.38,4.43,111.79
90881,0.523,1.013,10.361,1.2649,-1.7204,-0.0442,4.48,1.38,111.77
90891,0.626,0.631,9.388,0.5363,-1.0003,0.0156,4.83,0.69,111.76
90900,0.940,0.734,9.770,0.1754,-0.5407,0.0243,5.09,0.21,111.74
90911,1.360,0.865,9.539,0.3363,0.2124,-0.0182,5.00,0.08,111.83
90920,0.906,0.543,9.522,0.5068,-0.2271,0.0217,5.49,0.47,111.82
90930,1.692,0.823,9.936,1.0151,-0.1971,-0.0099,5.59,-0.19,111.62
90940,1.002,0.998,9.689,0.6948,0.1621,-0.0717,6.66,0.27,111.81
90951,0.886,0.734,9.783,0.1598,-0.3384,-0.0412,6.39,-0.02,111.87
90960,1.458,1.171,9.716,0.6860,0.1747,-0.0136,6.83,-0.14,111.70
90970,1.376,1.248,10.358,0.2417,0.3184,-0.0413,7.18,0.18,111.82
90980,1.110,0.928,9.571,0.3826,-0.3436,0.0195,7.12,0.25,111.75
90990,1.543,0.978,9.696,0.7362,0.4227,0.0078,7.68,-0.26,111.87
91000,1.651,1.084,9.962,0.1229,0.4404,0.0825,7.93,0.74,111.80
91011,1.719,1.326,9.765,0.1145,-0.6581,0.0687,7.84,0.22,111.74
91021,1.149,1.511,9.849,0.2760,-0.4261,0.0836,8.08,-0.00,111.83
91030,1.259,1.381,9.371,0.6390,-0.1272,-0.0089,8.18,-0.25,111.63
91040,1.993,1.939,9.784,0.6648,0.3857,-0.0443,8.80,-0.12,111.77
91051,1.695,1.635,9.957,0.1504,-0.2747,-0.0093,8.93,0.19,111.86
91060,1.891,1.714,9.825,0.1826,-0.7430,-0.0313,8.97,-0.41,111.85
91070,1.556,1.504,9.779,0.1816,0.0758,0.0547,9.13,-0.66,111.71
91081,1.652,1.712,9.529,0.0772,1.3661,-0.0208,9.22,-0.34,111.66
91090,1.681,1.484,9.558,-0.1104,0.3061,0.0855,9.20,0.94,111.87
91100,1.410,1.362,9.588,0.1711,-0.5780,-0.0691,9.07,0.00,111.85
91110,1.473,1.313,9.134,0.2601,-0.0801,0.0023,9.41,0.24,111.77
91121,1.644,1.591,9.908,-0.0615,0.2495,-0.0169,9.35,-0.11,111.77
91130,1.498,1.115,9.590,0.1081,-0.4362,-0.0000,9.34,0.51,111.70
91141,0.957,1.862,9.304,-0.3401,-0.8091,-0.0533,9.48,-0.59,111.88
91151,1.548,1.695,9.779,-0.7954,0.3853,0.0015,8.97,-0.39,112.00
91160,1.377,1.508,10.087,0.0793,0.1333,-0.0523,8.56,-0.13,111.94
91171,1.326,1.183,9.934,0.4575,0.1718,-0.0314,9.02,-0.25,111.77
91180,0.626,1.847,9.818,-0.1877,0.1597,-0.0635,9.09,0.03,111.88
91190,1.102,1.277,9.829,-0.1349,-0.4943,-0.0181,8.83,-0.07,111.85
91201,1.160,1.191,9.633,-0.3716,0.0968,-0.0348,8.91,-0.57,111.72
91210,1.075,1.196,9.747,-0.3389,0.7489,0.0102,8.42,0.03,111.67
91221,1.162,1.313,9.732,-0.3473,-0.3202,-0.0434,8.52,0.33,111.71
91230,0.997,1.407,9.717,-0.4943,-0.5928,-0.0488,8.10,-0.31,111.83
91241,1.060,1.313,9.781,-0.4060,0.5936,-0.0620,7.92,-0.30,111.78
91250,0.827,1.285,9.665,0.0268,0.0127,-0.0368,7.61,0.39,111.84
91260,0.558,1.729,9.753,0.1639,-0.4227,-0.0551,7.95,-0.29,111.95
91271,0.108,1.009,9.919,-0.9534,-0.3339,0.0214,7.77,-0.13,111.75
91280,0.676,0.867,9.861,-1.5570,0.2434,-0.0325,6.84,-0.68,111.83
91291,0.668,0.410,10.281,-0.7272,0.2401,-0.0487,5.99,0.15,111.73
91301,0.478,0.871,10.517,0.2523,-1.5377,-0.0191,5.99,-0.41,111.72
91310,0.640,1.375,10.366,0.0385,-2.5489,-0.0345,6.26,-1.59,111.74
91320,0.900,0.851,10.704,-0.7627,-3.1510,0.0387,6.03,-3.32,111.72
91330,1.317,0.881,10.806,-0.9142,-2.6168,0.0239,5.38,-5.20,111.70
91341,1.420,0.687,11.134,-0.4241,-2.6143,-0.0695,5.01,-6.32,111.91
91351,1.503,1.043,11.897,-0.2804,-2.5056,-0.1041,4.90,-8.20,111.80
91360,1.504,0.808,12.012,-0.7695,-2.0406,-0.0988,4.72,-9.18,111.81
91371,1.410,0.482,12.797,-1.0055,-3.0008,-0.0760,4.02,-10.54,111.96
91380,1.774,0.605,13.323,-0.5020,-3.0583,0.0588,3.55,-12.64,111.90
91391,1.897,0.893,13.614,-0.4073,-2.7010,0.0347,3.45,-14.03,111.79
91400,2.152,0.457,13.883,-0.7027,-2.5152,-0.0626,3.10,-15.75,111.91
91420,2.318,0.634,13.570,-0.5042,-2.8298,0.0034,1.81,-18.45,111.76
91431,2.382,0.462,14.127,-0.4148,-2.9116,-0.0209,2.06,-20.15,111.89
91441,2.816,0.441,12.811,-1.2139,-2.2919,-0.0413,1.30,-21.79,111.80
91451,2.973,0.490,12.486,-0.6612,-2.3766,0.0221,0.66,-22.75,111.63
91460,3.433,-0.088,12.254,-0.7226,-2.9907,0.0339,0.55,-24.53,111.74
91470,3.349,-0.286,11.048,-0.3262,-2.6987,-0.0572,-0.17,-26.15,111.67
91481,3.546,-0.154,10.977,0.4075,-2.6413,0.0142,0.16,-27.65,111.80
91490,3.504,0.481,9.798,-0.1906,-1.5438,0.0513,0.28,-29.17,111.71
91501,3.530,0.455,9.808,0.4574,0.7196,-0.0512,-0.11,-29.42,111.86
91511,3.720,0.573,9.516,0.0471,2.5684,0.0625,0.78,-28.37,111.81
91521,2.991,0.455,10.120,-0.5026,1.9703,-0.0339,-0.06,-26.50,111.69
91531,2.840,0.352,10.117,-0.0977,1.3658,-0.0053,0.21,-26.11,111.85
91540,2.940,0.115,10.526,-0.0240,2.1982,-0.0462,-0.17,-24.95,111.78
91550,2.943,-0.035,10.493,0.0069,2.4538,0.0226,0.15,-23.60,111.95
91561,2.218,0.153,10.738,-0.0287,2.4348,-0.0822,-0.24,-22.12,111.82
91570,2.068,-0.035,11.236,0.6663,1.9235,0.0026,0.10,-20.81,111.77
91581,2.131,-0.428,10.825,-0.4272,1.9708,-0.0042,0.49,-19.93,111.84
91591,1.381,0.342,11.134,-0.7911,2.1013,-0.0103,-0.39,-18.59,111.85
91601,1.588,0.061,11.275,0.1559,2.1958,-0.0519,-0.42,-17.50,111.89
91611,1.366,0.011,11.359,0.3672,1.7308,-0.0356,-0.24,-16.08,111.83
91620,1.033,0.281,11.176,0.4290,2.5123,0.1024,0.04,-15.52,111.88
91631,0.453,-0.057,11.085,0.0852,2.6353,-0.0307,0.25,-13.23,111.87
91640,0.527,0.135,11.385,0.0434,1.5322,-0.0278,0.08,-12.51,111.85
91651,0.707,0.014,11.289,-0.1382,1.7213,0.0210,0.29,-11.47,111.83
91661,0.460,0.512,11.011,-0.4424,2.4716,0.0281,-0.05,-10.54,111.93
91671,-0.138,0.115,10.565,0.1200,2.4847,-0.0622,-0.23,-8.67,111.76
91681,-0.286,-0.272,10.490,-0.1071,1.6475,-0.0176,0.07,-7.69,111.95
91691,-0.145,0.234,10.216,-0.1806,2.1850,0.0676,-0.33,-6.81,111.87
91701,-0.805,0.015,10.269,0.2535,2.3105,-0.0290,-0.12,-5.20,111.80
91711,-0.436,0.238,9.983,-0.2292,1.9479,0.0187,-0.06,-4.13,111.77
91720,-1.045,-0.056,9.796,0.3284,1.4129,0.0253,-0.38,-3.01,111.70
91730,-0.155,-0.254,9.177,0.4453,0.8842,0.0677,0.33,-2.53,111.80
91741,-0.678,0.460,9.243,-0.7061,1.6474,-0.0534,0.16,-2.01,111.76
91750,-0.646,0.066,9.022,0.0632,1.7404,0.0550,-0.49,-0.66,111.73
91761,-1.241,-0.388,8.896,0.3377,1.4090,-0.0071,0.24,-0.05,111.76
91771,-1.131,-0.026,8.596,-0.2959,1.2343,0.0285,-0.10,0.99,111.77
91781,-0.677,0.223,8.652,0.1407,1.2941,0.0629,-0.12,1.38,111.69
91791,-1.382,-0.025,8.072,0.0383,1.3440,0.0781,0.02,2.49,111.83
91800,-1.263,-0.079,7.808,0.3318,1.8605,0.0480,-0.10,2.88,111.93
91811,-1.852,0.502,7.817,-0.0825,1.6494,-0.0104,0.41,4.61,111.91
91821,-1.659,0.246,7.711,-0.7019,1.1428,-0.0162,-0.24,4.79,111.59
91831,-1.811,0.150,7.987,-0.0149,1.5092,-0.0399,-0.39,5.94,111.80
91841,-1.234,-0.320,7.887,0.3822,1.8871,0.0583,-0.25,6.52,111.77
91851,-1.896,-0.278,7.924,-0.3699,1.5441,-0.0835,0.04,8.11,111.86
91860,-2.258,-0.331,8.220,-0.3566,1.4313,-0.0640,-0.67,8.29,111.78
91871,-1.387,-0.737,7.917,0.2463,2.1358,-0.0886,-0.35,9.75,111.80
91881,-1.770,-0.238,8.351,-0.2997,1.5705,0.0059,-0.38,10.71,111.71
91890,-2.106,-0.020,8.679,0.2463,0.9735,-0.0302,-0.68,11.54,111.79
91901,-1.967,-0.072,8.577,0.4666,1.2471,0.0149,-0.09,11.81,111.85
91911,-2.249,-0.122,8.992,0.1693,2.1584,0.0860,-0.14,12.94,111.70
91921,-2.407,-0.126,8.770,0.0588,1.5671,-0.0075,0.09,14.27,111.79
91930,-2.596,-0.157,9.655,-0.1200,0.1279,-0.0079,-0.05,14.67,111.95
91940,-2.350,-0.159,24.761,0.4103,-1.6997,0.0144,-0.08,14.45,111.78
91951,-2.245,0.178,21.164,1.3265,-2.6424,0.1082,0.43,12.70,111.85
91960,-1.252,-0.134,16.031,0.7525,-2.1504,0.0054,1.43,11.44,111.63
91971,-1.588,0.210,13.621,0.7963,-2.5801,0.0361,1.33,10.21,111.81
91980,-0.849,0.386,11.043,1.0952,-2.5054,-0.0143,2.31,8.48,111.76
91990,-0.953,0.375,9.848,0.4619,-2.3332,-0.0789,2.59,7.36,111.85
92000,0.003,0.476,9.890,0.7385,-2.3058,-0.0565,2.80,5.84,111.80
92011,-0.300,0.545,9.502,0.6724,-2.7059,0.0235,3.44,4.73,111.81
92020,0.286,0.682,10.163,0.9813,-2.2384,0.0013,3.59,2.75,111.72
92030,0.311,0.468,10.117,0.5420,-1.3111,0.0471,4.58,2.16,111.65
92040,0.737,0.510,9.854,0.3661,-1.5034,0.0089,4.17,1.21,111.86
92051,0.536,1.116,9.845,0.8911,-0.9321,-0.0769,5.01,0.48,111.65
92060,1.009,1.403,9.991,0.7815,-0.5877,-0.0379,5.19,0.16,111.93
92070,0.772,1.494,9.109,0.7187,0.1329,0.0362,5.94,-0.20,111.81
92081,0.984,0.544,9.659,0.3476,-0.0260,-0.0561,6.03,0.30,111.83
92091,1.549,0.817,9.641,0.8234,-0.1254,0.0373,6.38,-0.23,111.72
92100,1.064,1.288,9.923,0.5066,0.6377,-0.0293,7.00,0.17,111.78
92110,0.639,1.425,9.993,0.7507,-0.4560,0.0282,6.96,0.49,111.76
92121,1.140,1.649,9.351,0.6628,-0.5407,-0.0002,7.88,-0.41,111.85
92131,1.441,1.570,9.737,0.1257,-0.1349,-0.0051,7.69,-0.08,111.76
92141,1.869,1.443,9.716,0.4412,-0.1555,-0.0323,8.02,-0.56,111.76
92151,1.508,1.319,9.821,-0.0756,0.7521,0.0022,8.23,-0.28,111.76
92161,1.805,1.729,9.609,0.3496,0.3726,-0.0366,7.92,0.33,111.88
92170,1.769,1.747,10.178,0.4030,-0.1404,-0.0434,8.61,0.12,111.61
92181,0.922,1.688,9.658,0.5819,-0.5826,0.0080,8.39,0.14,111.70
92190,1.294,1.722,9.794,0.0672,-0.3617,0.0610,9.28,-0.56,111.66
92200,1.363,1.669,9.807,-0.2332,0.3775,-0.1214,8.48,-0.28,111.63
92211,1.762,1.244,9.358,0.9571,0.3395,0.0484,9.04,-0.08,111.82
92221,1.232,1.740,9.488,0.9006,0.1625,0.1146,9.57,0.13,111.90
92231,1.434,1.865,9.992,0.2968,-0.1743,0.0278,10.05,0.08,111.80
92240,1.588,0.941,9.783,-0.3909,0.1873,-0.0724,9.86,-0.07,111.75
92251,0.938,1.430,9.651,-0.3085,-0.0068,-0.0364,9.58,0.27,111.78
92260,1.177,1.640,9.481,0.2147,0.0378,-0.0778,9.55,-0.03,111.84
92270,1.459,1.525,9.580,0.1858,-0.0553,-0.0150,9.83,0.28,111.63
92280,1.525,1.401,9.591,-0.5915,-0.7214,-0.0155,9.74,-0.08,111.81
92290,1.777,1.503,9.798,0.2628,0.5709,-0.0654,9.13,-0.57,111.79
92301,1.009,1.469,9.584,0.5073,0.3484,-0.0317,10.02,0.60,111.72
92311,1.193,1.521,9.446,-0.4222,-0.3692,0.0014,9.69,-0.18,111.77
92321,0.790,1.625,9.632,-0.4349,0.2961,0.0310,9.50,0.18,111.72
92331,0.938,1.326,9.957,-0.5528,-0.1732,0.0693,9.19,0.18,111.91
92341,1.641,1.668,9.979,-0.0955,-0.3326,0.1097,8.90,-0.02,111.81
92351,0.995,1.499,9.703,-0.2903,-0.3275,0.0469,9.09,-0.18,111.96
92360,0.830,1.326,9.594,-0.5728,0.3247,-0.0355,8.59,-0.39,111.78
92371,0.941,1.296,9.544,-0.1505,0.2070,-0.0137,8.46,0.18,111.93
92381,0.846,1.556,10.044,-0.2476,-0.0166,0.0383,8.42,-0.14,111.74
92390,0.340,1.140,9.643,-0.5021,0.2137,-0.0525,8.16,0.14,111.84
92401,0.782,0.831,9.731,-0.5500,0.0253,-0.0009,7.83,0.19,111.88
92410,0.995,1.077,9.781,-0.9186,-0.3251,-0.0007,7.52,0.15,111.92
92421,0.559,1.194,10.685,-1.2347,-0.7089,-0.0152,6.77,-0.22,111.72
92430,0.617,1.162,10.344,0.3103,-1.5301,-0.0589,6.12,-0.62,111.81
92441,1.152,1.127,10.794,-0.0652,-2.4172,-0.0292,7.16,-1.98,111.77
92450,0.564,0.710,10.870,-1.5707,-2.7283,-0.0272,6.04,-3.38,111.80
92461,0.945,0.956,11.137,-0.4714,-3.0883,0.0531,5.32,-5.05,111.75
92471,1.749,0.902,11.147,-0.4460,-3.0640,0.0824,5.52,-6.91,111.64
92481,0.861,0.569,11.978,-0.7123,-2.8542,-0.0581,4.79,-8.56,111.72
92491,1.556,0.932,12.373,-0.4684,-2.5832,0.0349,4.70,-10.20,111.76
92500,2.129,0.669,13.110,-1.1664,-2.4043,0.0047,4.22,-11.55,111.78
92510,1.868,0.844,13.922,-1.0744,-2.5824,-0.0300,3.38,-12.97,111.85
92521,2.248,0.136,13.851,-0.7905,-3.5087,0.0007,2.98,-14.51,111.79
92530,2.516,0.434,14.208,-0.3187,-2.9072,0.1010,2.47,-16.98,111.85
92540,1.751,0.343,14.139,-0.7138,-2.7325,-0.0070,2.62,-17.88,111.72
92551,3.114,-0.300,13.605,-0.9799,-2.8131,0.0787,1.61,-20.12,111.76
92561,2.578,0.033,13.072,-0.2778,-2.7903,-0.0585,1.49,-21.11,111.79
92570,3.310,0.704,12.732,-0.8484,-2.8212,0.0074,1.26,-23.29,111.77
92581,3.197,0.063,12.129,-1.1210,-2.0387,0.0549,0.54,-24.32,111.76
92590,3.528,0.415,11.712,-0.3346,-3.5897,-0.0222,0.03,-25.63,111.85
92601,3.574,0.269,10.839,0.0192,-3.0399,0.0638,0.19,-28.43,111.85
92611,3.574,-0.349,10.212,-0.6183,-0.2600,0.0236,0.04,-29.10,111.80
92620,3.737,-0.185,10.137,0.1524,0.6704,0.0001,-0.52,-28.72,111.65
92631,3.671,0.248,9.750,0.1741,1.9425,0.0787,0.20,-28.31,111.69
92640,2.942,-0.279,10.410,0.1381,2.6063,0.0254,-0.34,-26.48,111.98
92651,2.633,-0.001,10.222,0.4315,2.3831,-0.0168,0.35,-25.36,111.64
92661,2.715,-0.485,10.418,-0.4258,2.1889,-0.0505,0.19,-23.70,111.73
92671,2.635,0.269,10.671,0.1191,1.4848,-0.0720,-0.15,-22.82,111.84
92680,2.809,-0.251,10.619,-0.1651,2.0296,0.0185,0.28,-22.02,111.81
92691,2.176,0.078,10.829,0.1471,2.7182,-0.0274,-0.35,-20.48,111.82
92700,1.990,-0.310,11.022,-0.1510,2.1341,-0.0207,0.48,-18.95,111.86
92711,1.345,0.009,11.101,-0.3412,2.0976,0.0496,-0.50,-18.03,111.81
92720,1.030,-0.164,11.281,0.4282,2.1782,-0.0698,0.07,-16.58,111.83
92731,0.809,-0.234,11.809,-0.5035,2.3189,0.1021,0.04,-15.53,111.88
92740,0.708,0.126,11.391,0.4338,2.2021,-0.0881,-0.53,-13.91,111.77
92751,0.762,0.027,11.466,0.5442,1.9205,0.0570,0.52,-13.03,111.85
92761,0.429,-0.214,10.633,-0.8270,2.2694,0.0114,0.08,-11.73,111.75
92771,0.244,0.318,10.764,-0.1085,2.4161,0.0239,-0.44,-10.43,111.85
92780,-0.319,-0.469,10.651,0.5148,2.8667,0.0356,-0.03,-9.00,111.71
92790,-0.311,0.125,10.495,0.2008,2.5817,-0.0538,0.14,-7.15,111.72
92801,-0.403,-0.044,10.020,0.1092,1.6070,-0.0656,0.20,-6.05,111.72
92810,-0.671,0.484,10.255,-0.6021,1.6819,-0.0413,0.23,-5.30,111.80
92821,-1.272,0.040,9.915,-0.2802,1.3795,0.0591,-0.46,-4.16,111.90
92830,-0.666,0.071,9.534,0.9159,1.7081,0.0936,-0.05,-3.76,111.80
92840,-0.700,-0.095,9.277,0.1853,2.4022,0.0677,0.53,-2.22,111.87
92851,-0.791,-0.336,9.174,-0.5359,1.3520,-0.0389,0.17,-1.00,111.73
92861,-1.335,-0.132,8.872,-0.0323,1.6138,-0.0008,-0.05,-0.72,111.68
92871,-1.772,0.025,8.537,-0.1961,1.5971,-0.1026,0.11,0.84,111.89
92881,-1.300,0.026,8.679,-0.1423,1.1008,0.0814,-0.23,1.12,111.70
92890,-1.564,-0.138,8.098,0.2117,1.3879,-0.0156,-0.09,2.09,111.74
92901,-1.394,0.042,7.802,-0.0231,1.4542,-0.0508,0.00,2.70,111.73
92911,-1.597,-0.137,8.274,0.3006,2.0021,0.0572,-0.10,3.77,111.90
92920,-1.522,-0.138,7.784,-0.0760,1.9239,-0.0263,0.35,4.95,111.71
92931,-2.093,0.302,7.875,-0.0167,1.3106,0.0855,-0.18,6.01,111.81
92940,-1.739,0.097,8.445,0.3900,1.8244,0.0339,0.32,6.50,111.70
92951,-2.174,-0.062,8.086,0.0511,1.7957,0.0573,0.23,8.12,111.71
92960,-2.047,0.069,7.900,-0.5346,1.4996,0.0212,0.36,8.57,111.77
92971,-1.765,0.033,7.908,-0.3034,1.7538,0.0286,-0.40,9.86,111.79
92980,-1.718,-0.300,8.118,0.4757,1.4883,0.0083,0.01,10.59,111.75
92990,-2.390,-0.048,8.467,0.2308,1.7814,0.0133,0.19,11.60,111.68
93000,-2.993,0.117,8.841,-0.2287,1.5650,0.0329,0.28,12.61,111.84
93011,-2.596,-0.074,9.436,-0.6438,1.5942,-0.0467,-0.06,13.36,111.80
93021,-2.706,-0.155,9.422,0.4380,1.5182,-0.0154,-0.48,14.42,111.84
93030,-2.679,0.135,9.181,0.8288,-0.2916,0.0026,0.47,15.09,111.75
93041,-1.928,0.187,22.568,0.4440,-2.2213,-0.0279,0.45,14.09,111.83
93050,-1.929,0.190,18.871,0.9770,-3.1024,-0.0590,0.96,12.55,111.85
93060,-2.205,0.286,14.740,0.4357,-2.2819,-0.0038,1.58,10.57,111.76
93070,-1.348,0.452,12.032,0.9478,-1.6799,0.0877,1.48,9.94,111.72
93080,-0.717,0.161,10.594,0.6356,-2.7247,-0.0086,2.65,8.61,111.75
93090,-0.477,0.302,9.347,0.5631,-2.6375,0.0024,2.24,6.82,111.82
93100,0.024,0.177,9.735,0.8241,-2.0109,0.0755,3.27,5.55,111.79
93111,0.047,0.829,9.752,0.3736,-1.8388,0.0461,3.21,4.50,111.95
93121,0.176,0.770,10.060,0.4825,-2.7361,0.0716,3.70,3.46,111.62
93131,0.642,1.179,9.378,0.6201,-2.5715,-0.1127,3.78,1.35,111.67
93140,0.747,0.854,9.609,1.2200,-0.9279,0.0351,4.43,0.53,111.80
93150,1.151,0.388,10.076,0.4832,-0.1900,-0.0357,5.19,0.32,111.82
93160,0.820,0.580,9.624,0.4228,-0.1672,0.1039,4.97,0.29,111.74
93170,0.963,0.802,9.787,0.7947,-0.2255,0.0063,5.69,0.13,111.64
93180,0.745,0.645,9.683,0.1322,-0.5233,0.0422,5.95,-0.00,111.81
93190,1.438,0.923,9.445,0.2616,-0.2160,0.0482,5.87,-0.45,111.85
93201,1.471,1.473,9.516,0.9193,0.5383,0.0258,6.29,-0.27,111.77
93210,1.412,1.025,9.456,0.4872,0.1443,0.0032,6.91,0.14,111.88
93220,1.358,0.666,9.595,0.0765,0.2425,-0.0374,6.85,-0.13,111.76
93230,1.369,1.530,9.565,1.1194,0.3109,0.0377,7.01,0.42,111.84
93240,1.755,1.051,10.200,0.2175,-0.4529,0.1009,8.14,0.22,111.76
93250,1.476,1.064,9.271,-0.0784,-0.1614,0.0156,7.29,-0.12,111.82
93260,1.766,1.673,9.677,0.6351,-0.1861,0.0479,8.08,0.02,111.72
93270,1.343,1.476,9.466,0.3798,0.0655,-0.0254,8.05,-0.31,111.76
93280,1.465,1.266,9.803,0.9888,0.1728,0.0711,8.50,0.10,111.80
93290,1.582,2.178,9.470,0.3138,0.2885,0.0453,9.18,-0.13,111.77
93300,1.396,1.481,9.775,-0.1246,-0.5564,0.0937,8.84,0.40,111.79
93310,2.013,1.249,9.677,0.3980,-0.3838,0.0463,9.02,-0.77,111.77
93321,1.440,1.513,9.726,0.0812,0.4278,0.0382,9.29,-0.02,111.78
93331,1.553,1.804,9.860,0.2947,0.6826,0.0798,9.14,-0.27,111.74
93341,1.065,1.860,9.652,0.2574,0.3043,-0.0864,9.65,0.76,111.73
93351,1.514,1.254,9.870,-0.1309,-1.3161,-0.0451,9.46,0.12,111.77
93361,1.823,1.870,9.493,-0.5017,-0.1696,-0.0729,9.49,-0.74,111.75
93370,1.336,1.190,10.157,0.0392,0.7751,-0.0286,8.87,-0.08,111.64
93380,1.667,1.177,9.561,0.0999,0.0272,0.0230,9.55,0.12,111.80
93390,1.485,1.760,9.676,-0.4599,-0.0250,-0.0629,9.00,-0.04,111.73
93401,1.902,1.575,9.390,-0.0424,0.1372,0.0205,9.02,0.07,111.52
93410,1.121,1.239,9.714,0.3435,-0.2380,-0.0001,9.00,0.12,111.79
93420,0.924,1.364,9.940,0.1252,-0.4209,-0.0138,9.41,-0.22,111.86
93431,1.444,1.724,9.482,-0.2948,0.3954,-0.0024,9.13,-0.36,111.63
93441,1.102,1.379,9.368,-0.3570,0.7839,-0.0353,9.04,0.22,111.74
93450,0.849,1.331,9.578,-0.1446,-0.1447,0.1280,8.75,0.57,111.82
93461,1.235,1.343,9.568,-0.3723,-0.5407,0.0564,8.86,0.02,111.76
93470,0.962,1.538,10.292,-0.4505,-0.0216,0.0474,8.31,-0.05,111.75
93480,1.024,1.583,9.488,-0.2195,0.3360,-0.0414,8.35,-0.01,111.68
93491,0.789,1.546,10.124,-0.4557,-0.5257,-0.0408,8.07,0.33,111.91
93500,0.549,0.932,9.834,-0.4286,-0.1198,0.0178,7.80,-0.53,111.81
93511,0.670,0.966,9.572,-0.4541,-0.4371,-0.0853,7.54,0.18,111.87
93520,0.666,1.326,9.649,-0.4192,0.1333,0.0580,7.28,-0.98,111.65
93530,0.553,1.579,9.830,-0.6192,0.4780,0.0038,7.10,0.34,111.84
93540,0.462,0.837,10.051,-1.0921,-1.5405,0.0035,6.52,-0.39,111.65
93550,0.890,1.400,10.453,-0.5494,-2.5388,-0.0506,5.80,-1.41,111.82
93560,0.610,0.939,9.882,-0.1717,-2.9098,-0.0007,5.83,-3.28,111.76
93571,0.733,1.147,10.486,-0.4047,-2.5384,0.0355,5.62,-4.74,111.75
93580,0.828,0.872,10.632,-0.6219,-3.0063,-0.0887,5.33,-6.20,111.74
93591,1.083,0.864,11.730,-0.5534,-3.2427,0.0222,4.90,-8.17,111.74
93601,1.509,0.707,12.050,-0.8066,-2.2568,-0.0610,4.68,-9.91,111.78
93610,1.698,0.715,12.819,-0.8925,-2.4599,-0.0869,3.95,-10.77,111.64
93620,1.944,0.586,13.135,-0.4135,-2.3935,0.0519,3.65,-12.75,111.82
93631,2.218,0.580,13.277,-0.5548,-2.7964,-0.0090,3.46,-13.50,111.76
93640,2.429,0.128,13.416,-0.7811,-3.3837,0.0183,3.06,-15.88,111.83
93651,2.216,0.480,13.772,-0.7150,-2.8340,-0.0309,2.58,-17.38,111.81
93660,2.263,0.277,13.636,-0.9749,-2.4502,0.0566,2.25,-19.15,111.75
93671,2.403,0.123,13.497,-1.1240,-2.0399,0.0379,1.45,-20.20,111.79
93680,2.615,0.251,13.288,-0.9180,-3.0372,-0.0566,0.97,-21.49,111.79
93690,3.429,-0.200,12.024,0.0335,-3.5393,0.0315,0.43,-23.69,111.73
93700,3.339,0.174,11.583,-0.0741,-2.8580,-0.0316,0.98,-25.56,111.88
93710,3.404,0.164,10.310,-1.0017,-2.9065,-0.0385,0.34,-26.95,111.90
93721,3.825,-0.340,10.701,-0.2142,-1.7287,-0.0129,-0.17,-28.90,111.67
93730,4.098,-0.102,10.069,0.3281,0.0667,0.0395,0.11,-28.93,111.76
93741,3.429,0.277,9.753,-0.4021,1.2715,0.0188,0.17,-28.82,111.81
93751,3.428,-0.356,10.076,-0.0943,1.5061,0.0625,-0.35,-27.49,111.81
93760,3.108,-0.550,10.609,0.6048,2.1740,-0.0155,0.05,-27.09,111.86
93771,2.884,0.282,10.225,-0.3202,2.7362,-0.0179,0.31,-25.01,111.76
93781,2.812,-0.025,10.263,0.0313,1.7775,-0.0499,-0.32,-23.95,111.69
93791,2.570,0.584,10.130,0.2637,2.4445,-0.0484,0.35,-22.97,111.77
93800,2.428,0.197,10.655,-0.3820,2.2433,-0.0240,0.03,-21.18,111.77
93810,1.827,0.108,10.982,-0.4748,2.0092,0.0205,-0.07,-20.40,111.83
93820,1.917,-0.635,10.891,0.4805,2.7570,0.0501,-0.50,-18.87,111.66
93831,1.456,-0.222,11.340,0.2393,1.6102,0.0748,0.48,-17.24,111.67
93840,1.597,-0.318,11.318,-0.7848,2.4411,0.0271,-0.23,-17.03,111.74
93851,1.053,-0.193,11.291,0.0060,2.8514,-0.1024,-0.39,-14.41,111.78
93861,0.689,-0.404,11.676,0.4883,1.3159,0.0397,-0.24,-13.78,111.79
93870,0.803,-0.048,11.412,-0.4896,1.6166,-0.0144,0.17,-12.88,111.68
93880,0.936,-0.040,11.298,0.1381,1.7643,-0.0162,-0.75,-11.92,111.69
93891,0.167,-0.357,11.258,-0.0686,1.8384,0.0071,0.35,-10.84,111.86
93900,0.008,-0.310,11.505,-0.3601,2.2825,-0.0020,-0.77,-9.81,111.75
93910,-0.286,-0.432,10.514,0.5072,2.1263,-0.0016,-0.08,-8.23,111.70
93921,-0.603,0.154,10.294,0.5138,2.2200,0.0273,-0.18,-7.42,111.68
93931,-0.816,0.506,10.285,0.4137,3.1524,-0.0247,0.51,-5.71,111.76
93941,-0.665,0.121,10.537,-0.4301,1.6409,0.0038,0.29,-3.82,111.70
93951,-0.380,-0.236,9.952,-0.1339,0.6950,0.0163,0.01,-3.84,111.71
93961,-1.030,0.529,9.307,-0.1440,1.5593,-0.0803,0.18,-3.03,111.81
93971,-0.932,-0.059,8.696,0.1784,1.8531,0.0292,-0.15,-2.05,111.73
93980,-1.249,0.194,8.741,0.1775,2.2799,-0.1331,0.37,-0.92,111.83
93990,-1.475,-0.200,8.514,-0.1726,1.9365,-0.0404,0.06,0.53,111.67
94001,-1.347,0.578,8.446,-0.0121,0.8844,-0.0092,0.18,1.30,111.76
94010,-1.384,-0.164,8.097,0.1044,1.5077,-0.0183,0.05,1.53,111.68
94020,-1.561,0.105,7.778,-0.0160,2.0764,-0.0490,0.25,3.00,111.74
94031,-1.379,0.134,7.499,-0.1814,1.2047,-0.0247,0.05,3.86,111.79
94041,-1.192,-0.237,7.779,0.4163,1.1155,0.0691,0.03,4.37,111.47
94051,-1.794,-0.146,7.775,-0.0199,1.7736,-0.0464,0.55,5.13,111.77
94060,-2.163,-0.077,7.616,-0.1028,1.5162,-0.0281,-0.01,6.40,111.77
94071,-1.759,-0.430,7.629,-0.1317,1.6265,0.0988,0.47,6.87,111.78
94081,-1.654,-0.055,8.174,-0.5649,1.8089,-0.0141,-0.17,8.23,111.79
94090,-2.140,0.322,7.804,0.2726,1.2710,-0.0524,-0.14,8.99,111.76
94101,-2.214,0.100,7.847,-0.0413,1.4758,0.0183,0.15,9.67,111.70
94111,-2.191,-0.029,8.564,-0.1871,1.2822,-0.0418,-0.19,10.70,111.79
94121,-1.943,0.197,8.530,-0.5708,1.0784,0.0171,-0.07,11.11,111.79
94130,-2.645,-0.337,8.786,-0.0561,1.7268,-0.0464,-0.80,11.96,111.71
94140,-2.240,0.069,8.827,0.5552,2.0054,0.0523,-0.18,13.09,111.77
94151,-2.452,-0.139,9.469,0.7122,1.2626,0.0230,-0.17,14.25,111.71
94161,-2.433,-0.093,9.327,0.5191,-0.8068,-0.0092,0.64,14.56,111.81
94170,-2.485,-0.173,22.791,0.0652,-2.2854,-0.0208,0.41,13.33,111.78
94180,-1.464,0.255,18.948,0.6852,-2.3246,0.0599,0.72,11.94,111.66
94191,-1.615,0.562,14.988,0.3926,-1.8188,0.0613,1.17,10.67,111.71
94201,-1.199,0.217,12.852,0.7511,-1.9471,-0.0336,1.22,9.85,111.77
94210,-0.770,0.601,13.640,1.0740,-2.0788,0.0421,2.00,8.42,111.71
94220,-1.057,0.362,16.512,0.8090,-1.8237,-0.0681,2.43,7.45,111.76
94230,-0.401,0.240,18.913,0.3402,-1.9879,-0.0937,2.93,6.38,111.73
94240,-0.252,0.400,17.455,0.5254,-2.7626,0.0947,2.82,5.18,111.76
94251,0.652,0.587,13.471,0.6916,-2.3657,0.1003,3.55,3.16,111.81
94260,0.306,0.712,10.821,0.7177,-1.9266,-0.0227,3.63,2.47,111.62
94270,0.444,0.823,10.029,0.8041,-2.1146,-0.0229,4.37,0.94,111.72
94281,1.383,0.609,9.778,0.0323,-0.7124,0.0056,4.54,0.02,111.76
94291,0.769,0.642,9.651,0.7174,-0.6000,0.0436,4.41,0.14,111.78
94301,1.190,0.941,10.419,0.4476,-0.1330,0.0162,5.35,-0.67,111.76
94310,1.190,0.608,10.170,0.3164,0.2094,-0.0439,4.93,-0.00,111.52
94321,1.595,0.622,9.307,1.1477,-0.0457,0.0003,5.71,-0.39,111.63
94331,1.279,0.798,9.611,0.5131,0.3872,-0.0631,6.23,-0.06,111.87
94341,1.549,0.961,9.828,-0.0034,0.4302,0.0376,6.27,0.06,111.83
94351,1.418,1.109,10.142,0.3370,0.2642,-0.0512,6.24,0.40,111.80
94361,1.319,0.732,9.861,0.5851,-0.3904,-0.0723,6.65,0.37,111.67
94370,1.220,0.940,9.192,0.7532,-0.3550,0.0589,6.88,-0.01,111.81
94381,1.228,1.413,9.736,0.6314,-0.3009,0.0401,7.51,-0.04,111.75
94390,1.491,1.642,9.861,-0.1644,0.0988,0.0669,7.64,-0.37,111.87
94401,1.704,1.234,10.078,0.3850,0.1617,-0.0769,7.27,0.06,111.88
94410,1.495,1.572,9.945,0.8283,0.2106,0.0287,8.08,-0.14,111.67
94421,1.341,1.494,9.393,0.1138,0.5361,0.0164,8.22,0.30,111.65
94431,1.396,1.315,9.575,-0.5273,-0.3993,0.0122,8.17,0.51,111.71
94440,1.229,1.249,9.568,0.4068,-0.2400,-0.0751,7.62,-0.12,111.89
94451,1.335,1.668,10.122,0.8415,-0.7354,-0.0062,8.62,0.23,111.89
94461,1.924,1.674,9.992,0.1554,0.1357,-0.0507,8.56,-0.90,111.88
94470,2.109,1.314,10.160,-0.5691,0.7606,0.0052,8.77,0.34,111.84
94480,1.435,1.298,9.560,-0.3190,0.1340,-0.0327,7.87,-0.07,111.76
94491,1.171,1.099,9.754,0.6843,0.1962,-0.0567,8.40,0.49,111.64
94501,1.575,1.436,9.686,-0.0484,-0.5389,-0.0015,8.67,0.14,111.81
94510,1.506,0.930,9.953,0.6069,-0.3814,-0.0186,8.37,-0.10,111.74
94521,1.577,1.349,9.632,-0.1642,0.0778,-0.0139,9.37,-0.32,111.71
94530,1.340,1.232,9.255,-0.5853,-0.0620,-0.0153,8.17,-0.01,111.86
94541,1.433,1.373,9.605,0.5745,0.1824,0.0110,8.69,-0.40,111.68
94551,1.206,1.520,10.336,0.1508,0.5099,-0.0129,8.84,0.23,111.70
94560,1.048,1.826,9.522,-0.2971,-0.2701,-0.0014,8.90,0.17,111.72
94570,0.982,1.581,9.920,-0.5089,0.2723,0.0636,8.48,-0.08,111.64
94581,1.386,1.691,9.698,-0.6076,0.0153,-0.0156,8.31,0.47,111.72
94591,1.020,1.425,9.942,-0.4665,-0.4368,-0.0229,7.82,-0.06,111.67
94600,0.879,1.026,9.809,-0.7379,-0.5216,0.0707,7.76,-0.06,111.78
94610,0.789,1.210,10.207,-0.5123,0.2037,0.0503,7.01,-0.71,111.91
94620,0.475,1.340,9.758,0.1326,0.6431,-0.0274,7.17,0.17,111.78
94631,1.171,1.491,9.761,-0.1066,-0.2441,-0.0790,7.19,0.02,111.76
94640,0.627,0.979,9.759,-0.0657,-0.1156,-0.0016,7.02,-0.12,111.82
94650,0.670,1.170,9.610,-0.2370,0.1450,-0.0995,7.11,-0.10,111.77
94660,0.615,1.139,9.908,-0.9088,0.0231,-0.0577,6.74,0.04,111.81
94671,0.292,1.394,10.201,-0.3572,-0.7553,0.0429,6.01,-0.09,111.81
94680,0.918,0.903,10.367,-0.1252,-1.7495,0.0193,6.35,-0.79,111.78
94691,0.943,1.270,10.494,-1.2746,-2.1962,-0.0097,5.86,-2.07,111.78
94701,0.845,0.720,10.255,-1.1806,-2.2953,0.0120,4.88,-3.31,111.66
94711,0.566,0.679,11.060,-0.1690,-2.8683,0.0498,4.52,-4.71,111.68
94721,1.259,0.793,11.441,0.2574,-2.8701,-0.0179,4.70,-6.61,111.73
94731,1.478,0.805,11.663,-0.3824,-2.7624,-0.0073,4.82,-7.97,111.75
94741,1.282,0.659,12.092,-0.7256,-2.4165,-0.1010,4.22,-9.81,111.72
94751,1.810,0.743,12.594,-0.8747,-2.2559,0.0301,3.98,-10.72,111.67
94761,2.274,0.437,13.367,-0.8081,-3.0313,0.0965,3.18,-12.35,111.74
94771,2.025,0.147,13.228,-0.6336,-2.7858,-0.0631,3.09,-14.18,111.82
94781,2.154,0.129,14.292,-0.6087,-3.4262,-0.0230,2.48,-15.55,111.72
94790,2.814,0.320,13.753,-0.3188,-2.6972,0.0489,2.41,-18.10,111.64
94801,2.040,0.266,13.445,-1.1149,-1.8386,-0.0243,2.11,-18.61,111.80
94810,2.671,0.387,13.752,-1.3003,-2.8809,-0.0617,1.11,-20.22,111.82
94820,3.325,-0.106,12.774,-0.8434,-3.2958,0.0568,0.64,-21.95,111.80
94831,3.400,-0.011,12.488,-0.1970,-2.3102,0.0098,0.13,-23.98,111.96
94841,3.126,-0.020,11.940,0.1564,-2.3153,0.0092,0.41,-24.64,111.76
94851,3.191,-0.120,11.006,-0.3099,-2.6714,0.0676,0.30,-26.57,111.71
94861,3.732,0.147,10.573,-0.2176,-2.1953,-0.0109,0.05,-27.67,111.69
94871,3.903,0.210,10.079,0.0044,-1.1417,0.0296,0.05,-29.14,111.84
94881,3.754,0.065,10.425,-0.2371,1.0231,-0.0032,0.02,-29.00,111.69
94890,3.218,0.233,9.798,0.2396,1.7998,-0.0203,-0.24,-27.95,111.80
94900,3.635,0.191,9.892,0.3702,1.7582,-0.0010,0.28,-26.93,111.79
94911,2.904,0.109,10.719,0.1087,2.1812,0.0071,0.18,-25.89,111.80
94920,2.561,-0.199,10.331,0.2448,1.8918,-0.0146,0.40,-24.40,111.87
94931,2.489,0.490,10.362,-0.2772,2.0379,0.0781,0.52,-23.67,111.88
94941,2.544,0.125,10.435,-0.7197,2.5284,-0.0165,0.05,-22.04,111.79
94950,1.927,0.181,10.948,-0.0408,2.3540,-0.0303,-0.30,-20.79,111.78
94960,1.883,-0.221,11.212,0.2647,2.3475,0.0252,0.01,-19.36,111.86
94971,1.782,0.197,11.420,-0.2763,2.1900,0.0337,0.01,-18.07,111.74
94981,0.997,-0.269,11.171,-0.3957,1.2555,-0.0657,-0.26,-16.88,111.88
94990,1.085,0.198,11.193,0.3265,1.7242,-0.0640,-0.42,-16.65,111.77
95000,1.052,0.019,11.179,0.3106,2.4281,0.0425,0.15,-14.85,111.83
95010,0.973,-0.148,11.164,-0.1262,2.2448,-0.0172,-0.05,-13.87,111.81
95020,0.385,0.276,10.998,-0.1783,1.9721,0.0002,0.03,-12.23,111.69
95031,0.466,0.118,10.802,-0.1938,2.2755,0.0348,-0.26,-11.60,111.87
95040,-0.405,0.078,11.085,0.2378,3.2358,0.0055,-0.17,-9.61,111.77
95050,-0.059,0.200,11.119,-0.0313,1.8893,0.0068,-0.03,-7.89,111.81
95060,-0.377,-0.234,10.862,-0.1305,1.9356,0.0468,-0.21,-7.43,111.81
95071,-0.539,0.038,10.566,-0.4561,2.2662,-0.0898,-0.19,-5.69,111.76
95080,-0.870,0.243,10.294,0.4546,1.7679,-0.0117,-0.73,-4.83,111.74
95091,-0.402,-0.256,10.044,0.6517,1.4050,0.0001,0.29,-3.66,111.88
95100,-0.475,0.138,9.969,-0.1712,1.3820,-0.0284,0.01,-3.23,111.94
95111,-0.769,-0.195,9.175,0.0223,1.2088,0.0983,0.11,-2.07,111.69
95121,-0.722,-0.360,8.895,-0.3030,1.2305,0.1042,0.03,-1.87,111.80
95130,-0.740,0.117,8.446,0.2783,2.0890,0.0458,-0.21,-0.69,111.75
95141,-1.188,-0.065,8.592,0.3169,1.7527,-0.0052,0.38,0.52,111.87
95151,-1.607,0.213,8.068,-0.1841,1.2164,0.1300,0.17,1.34,111.75
95160,-1.404,0.280,8.047,-0.1527,1.1094,0.0811,0.15,1.93,112.00
95171,-1.304,-0.241,7.888,-0.0818,1.2245,0.0384,-0.02,2.60,111.86
95181,-1.418,-0.333,7.602,0.1563,1.6211,0.0046,0.05,3.37,111.71
95190,-2.142,-0.023,7.567,-0.0770,1.8674,-0.0300,0.18,4.45,111.65
95200,-2.261,-0.061,8.326,-0.1582,1.6569,0.0062,-0.05,5.52,111.77
95211,-1.825,0.477,7.675,-0.4053,1.4132,-0.0927,-0.01,6.34,111.78
95220,-2.180,0.098,7.861,0.1501,1.5532,-0.0236,-0.48,7.15,111.84
95230,-1.884,-0.408,7.476,0.5167,1.5773,0.0287,0.14,8.12,111.79
95241,-1.808,0.073,7.939,0.0739,1.5131,-0.0615,0.12,8.95,111.90
95250,-2.228,0.236,8.525,-0.5534,1.2606,0.0173,0.22,9.83,111.81
95261,-2.117,-0.103,8.627,-0.1174,1.5164,0.0192,-0.51,10.40,111.81
95270,-2.999,0.258,8.145,0.4559,1.5257,-0.0547,0.07,11.61,111.76
95280,-2.083,0.010,9.062,-0.2961,1.2310,0.0618,-0.02,12.14,111.88
95290,-2.183,0.321,9.403,-0.0853,1.7492,-0.0863,-0.25,13.02,111.76
95301,-2.049,0.047,9.291,0.0998,1.9960,0.0633,-0.14,14.12,111.72
95311,-2.600,-0.046,25.404,0.3025,-0.3451,-0.0178,-0.13,15.33,111.65
95320,-2.449,-0.149,23.556,0.9235,-2.9572,0.0679,0.21,13.74,111.77
95331,-1.737,0.129,19.117,0.8182,-2.6733,-0.0090,0.93,11.94,111.75
95341,-1.992,0.316,14.187,0.5788,-1.9374,-0.0037,1.12,10.66,111.99
95351,-1.396,0.379,11.588,0.7344,-1.9796,0.1434,1.59,9.68,111.78
95361,-0.801,0.215,10.171,0.3404,-2.5568,0.0177,1.94,8.35,111.83
95371,-0.550,0.440,9.767,0.3076,-1.8722,-0.0137,1.98,6.71,111.86
95381,-0.348,0.517,9.586,0.4394,-2.1418,0.0043,2.31,6.23,111.76
95391,-0.268,0.084,9.888,0.7661,-2.9312,0.0400,2.48,4.27,111.63
95401,0.682,0.571,9.740,0.5491,-2.9425,-0.0733,3.20,2.85,111.85
95411,0.943,0.297,9.679,0.5967,-2.6078,-0.1472,3.05,0.87,111.72
95421,0.856,0.379,9.888,1.0428,-0.7102,0.1026,3.91,-0.15,111.73
95430,0.875,0.654,10.002,0.3905,0.3025,-0.0372,4.26,0.04,111.77
95441,0.837,0.770,9.711,-0.0228,0.1290,0.0398,4.32,0.18,111.73
95451,0.987,0.868,9.887,0.5345,-0.2830,-0.0243,4.27,0.18,111.88
95460,1.046,1.279,9.643,0.6819,-0.5023,-0.0418,4.96,-0.12,111.80
95470,0.819,0.921,9.898,0.5747,0.2778,0.0299,5.04,-0.37,111.85
95481,1.204,0.604,9.604,0.2762,0.4574,-0.0597,5.62,0.14,111.78
95491,1.719,1.175,9.571,0.3095,-0.3061,-0.0426,5.37,0.16,111.65
95500,0.837,0.812,10.028,0.2644,0.0518,0.0040,5.94,-0.22,111.71
95511,1.111,0.890,9.580,0.4112,-0.1193,0.0269,5.67,0.26,111.67
95520,0.892,1.580,9.615,0.7280,-0.0854,0.0418,6.42,-0.37,111.88
95530,1.197,1.641,9.820,0.3622,0.1287,0.0103,6.52,0.12,111.96
95540,1.961,0.844,9.920,0.0378,-0.2293,0.0553,6.81,-0.27,111.89
95551,0.880,1.166,9.851,0.2444,-0.0145,0.0033,6.58,-0.15,111.77
95561,1.052,1.253,9.865,0.2754,-0.0146,0.0288,7.08,-0.31,111.94
95570,1.233,1.114,9.967,-0.1280,-0.0495,-0.0348,6.92,-0.18,111.81
95580,1.222,1.336,9.788,0.0471,0.0280,-0.0410,6.92,-0.33,111.83
95591,1.432,1.383,9.658,0.1838,-0.0493,0.0795,6.97,-0.13,111.78
95600,1.666,1.168,9.538,0.2258,0.4992,0.0114,7.17,-0.40,111.84
95611,1.214,1.590,9.818,0.6589,0.7040,0.0428,7.24,0.50,111.84
95620,2.009,1.205,9.720,0.2009,-0.4260,-0.0075,7.91,0.40,111.87
95630,1.509,1.800,10.168,-0.3584,-0.3832,0.0437,7.48,-0.02,111.75
95640,1.616,1.373,9.793,0.1025,-0.2742,-0.0072,7.52,-0.04,111.93
95651,1.402,1.227,9.781,0.1581,-0.3098,0.0460,7.63,-0.34,111.78
95660,1.281,1.276,9.623,-0.3096,0.4991,0.0109,7.66,-0.39,111.77
95670,1.383,1.112,9.519,-0.2741,0.0030,0.0219,7.31,0.24,111.97
95680,0.884,0.935,9.862,0.4016,-0.3713,0.0343,7.34,-0.39,111.80
95691,1.072,1.189,9.827,-0.1815,0.4875,-0.0390,7.74,-0.18,111.79
95700,0.999,1.226,9.308,-0.6462,-0.1124,-0.0958,7.12,0.17,111.86
95711,1.496,0.919,9.711,-0.3865,-0.3006,-0.0631,7.04,-0.33,111.87
95720,0.808,0.728,9.867,0.1669,-0.0647,-0.0095,6.67,-0.19,111.84
95731,1.147,1.310,9.826,0.2261,0.2603,-0.0036,7.24,-0.37,111.69
95740,0.873,0.933,9.560,-0.8605,0.0934,-0.0554,6.93,0.13,111.79
95750,1.137,1.190,9.939,-0.6704,-0.3051,-0.0351,6.23,-0.26,111.90
95760,0.926,1.294,9.898,-0.1039,0.5856,0.0056,6.13,-0.20,111.74
95771,0.533,0.697,9.730,0.4410,0.6185,0.0183,6.14,0.39,111.84
95781,0.623,0.657,9.445,-0.4943,-0.5751,-0.1129,6.58,0.53,111.70
95791,0.652,0.903,9.549,-0.1788,-0.7747,0.0260,5.56,-0.24,111.68
95801,0.264,1.229,9.855,-0.1244,0.2652,-0.0206,6.37,-0.34,111.81
95811,0.516,0.468,10.733,-1.2983,-0.4194,-0.0458,5.42,0.03,111.82
95820,0.337,1.075,10.327,-0.7645,-2.2236,-0.0917,4.89,-0.80,111.83
95831,0.450,0.751,10.099,0.0078,-2.5745,-0.0160,4.56,-2.49,111.82
95841,0.581,1.350,11.048,-0.5634,-2.5697,-0.0295,4.90,-3.76,111.80
95850,1.096,0.755,10.799,-0.8402,-2.5059,0.0023,3.91,-5.45,111.78
95860,1.405,0.863,11.291,0.0333,-2.5437,0.0090,3.98,-6.61,111.91
95870,1.227,0.705,12.267,-0.8008,-3.2577,0.0907,3.96,-8.37,111.92
95881,1.674,0.661,12.829,-0.6682,-2.9915,0.0325,3.05,-10.33,111.67
95890,2.023,0.561,13.082,-0.4916,-2.2980,-0.0686,3.18,-11.76,111.76
95901,1.946,0.567,13.402,-0.3378,-2.9316,0.0076,2.47,-12.96,111.65
95910,2.429,0.121,14.476,-0.5071,-2.5795,-0.0437,2.77,-15.13,111.70
95921,2.362,0.116,14.523,-0.6938,-2.5733,-0.0351,1.91,-15.93,111.77
95931,2.120,0.560,14.087,-0.0184,-3.3424,-0.0211,1.99,-18.07,111.93
95940,2.709,0.443,13.953,-0.6004,-2.6538,-0.0537,1.90,-19.75,111.85
95951,3.141,0.323,13.423,-0.9886,-2.5291,0.0891,1.33,-21.12,111.73
95961,2.972,0.205,12.698,-0.7811,-2.7713,-0.0846,0.77,-22.65,111.85
95971,2.978,0.380,12.472,-0.8186,-2.6225,0.0521,0.44,-24.27,111.92
95981,2.969,0.000,11.927,-0.4188,-2.9187,0.0686,-0.16,-25.67,111.75
95990,3.435,-0.199,10.568,0.3961,-2.9252,-0.0577,-0.03,-27.63,111.87
96000,3.643,0.324,10.131,0.2163,-1.7561,0.0480,0.30,-29.04,111.88
96011,4.268,0.429,10.041,-0.5409,0.8951,0.0467,0.21,-29.66,111.74
96020,3.142,-0.085,10.075,0.1748,2.5187,0.0138,-0.31,-28.03,111.80
96030,3.387,0.099,9.698,0.0281,2.3227,-0.0217,0.42,-26.80,111.73
96040,3.234,-0.042,10.195,-0.6526,2.0043,-0.0223,-0.28,-25.34,111.90
96050,2.973,0.096,10.383,0.2522,2.5507,-0.0055,-0.35,-24.47,111.81
96060,2.403,0.114,10.916,0.5435,2.1185,0.0316,0.01,-22.46,111.73
96070,2.542,0.019,11.133,0.0962,1.4374,-0.0019,0.27,-22.07,111.77
96080,2.022,-0.110,11.039,-0.8027,1.9314,0.0214,0.11,-20.79,111.81
96091,1.584,-0.325,11.140,0.0270,2.5492,-0.0482,-0.66,-19.86,111.66
96101,1.563,0.109,11.909,0.3866,2.4673,-0.0357,0.16,-17.91,111.93
96110,1.591,0.075,11.440,-0.1057,1.7949,0.0267,-0.25,-17.07,111.88
96120,1.505,-0.263,11.572,0.3769,2.2002,-0.0485,0.01,-15.83,111.87
96130,1.226,0.125,11.114,0.3652,2.1208,-0.0845,0.21,-14.53,111.82
96141,0.534,0.240,11.791,-0.1793,1.9371,0.0203,0.45,-13.39,111.88
96150,0.827,-0.023,11.309,-0.4312,2.2269,0.0305,-0.05,-12.27,111.83
96160,0.112,0.110,10.672,0.0558,2.0319,-0.0812,-0.04,-10.84,111.76
96170,0.090,-0.278,10.611,0.2601,2.2805,-0.0229,0.00,-9.94,111.93
96180,-0.698,0.163,10.338,-0.3912,2.4370,-0.0004,0.23,-8.25,111.79
96190,-0.135,0.069,10.487,-0.4534,1.8714,-0.0304,-0.45,-7.16,111.81
96200,-0.446,-0.278,10.985,-0.1264,2.1286,0.0039,-0.23,-6.09,111.75
96211,-0.284,0.542,9.966,0.5716,2.0421,-0.0249,-0.63,-4.67,111.83
96220,-0.990,-0.183,9.675,0.6048,1.4325,-0.0945,0.40,-3.74,111.76
96231,-0.851,0.098,9.636,-0.4542,1.6680,0.0514,0.01,-3.04,111.85
96241,-1.052,-0.179,9.270,0.2605,1.9678,0.0159,-0.12,-1.85,111.82
96250,-1.296,-0.019,9.123,-0.0549,1.5632,-0.0825,0.32,-0.79,111.88
96260,-0.707,0.026,8.853,-0.2953,1.3414,-0.0098,-0.18,-0.07,111.74
96271,-1.397,-0.420,8.002,0.3728,0.8283,-0.0311,-0.02,0.74,111.91
96281,-1.618,-0.173,8.513,-0.1190,1.3659,-0.0856,0.26,0.88,111.97
96291,-1.693,0.264,8.055,-0.0058,2.4325,-0.0849,-0.13,2.29,111.73
96300,-1.952,0.143,8.052,0.3879,1.6853,0.0793,0.31,3.71,111.85
96310,-1.403,-0.397,7.961,-0.3063,1.0653,0.0721,0.31,4.18,111.75
96321,-1.743,0.317,7.378,-0.2659,1.5797,-0.0117,-0.07,4.91,111.76
96331,-1.724,-0.088,8.442,0.2230,1.5942,0.0143,0.00,5.98,111.82
96341,-1.568,0.108,7.452,-0.1607,1.6449,-0.0312,0.16,6.70,111.70
96351,-1.885,-0.171,8.192,-0.4618,1.6397,0.0024,-0.17,7.86,111.63
96361,-2.007,0.322,8.119,0.2384,1.7911,-0.0104,-0.40,8.56,111.70
96370,-2.176,0.305,7.684,0.1919,1.4337,0.0037,0.07,9.90,111.69
96381,-2.450,0.176,8.799,-0.2352,0.8894,0.1534,-0.18,10.19,111.90
96390,-1.717,-0.270,8.543,0.0044,2.0934,-0.0140,-0.20,10.92,111.89
96401,-2.451,0.156,8.752,-0.1052,1.6250,0.0388,-0.12,12.62,111.92
96411,-2.137,-0.141,8.838,-0.0274,1.3397,-0.0198,-0.30,12.77,111.84
96420,-2.559,-0.197,9.120,-0.2735,1.5134,-0.0493,-0.15,14.12,111.87
96431,-2.690,-0.261,9.546,0.6792,-0.3347,0.0424,-0.61,14.50,111.85
96441,-2.663,0.042,21.779,1.1303,-1.9959,0.0049,0.62,13.74,111.83
96450,-2.141,-0.198,18.600,0.2324,-2.3494,0.0509,0.70,12.23,111.75
96460,-1.621,0.065,14.809,0.5134,-2.3321,0.0637,0.91,11.06,111.90
96471,-1.774,0.525,11.776,1.0173,-2.0254,0.1115,1.31,9.53,111.81
96480,-1.078,0.277,10.217,0.8298,-1.8584,0.0161,2.06,8.72,111.95
96491,-1.674,0.260,9.904,0.5713,-2.2200,-0.0227,2.27,7.39,111.80
96500,-0.398,0.901,9.870,0.2371,-2.1681,-0.1018,2.71,6.20,111.75
96510,-0.111,0.417,9.368,0.3267,-1.9843,0.0241,2.56,4.90,111.86
96521,0.119,0.402,9.705,1.1481,-2.5664,-0.0864,3.08,3.90,111.85
96530,0.602,0.855,9.783,0.9695,-2.8302,-0.0484,3.94,1.96,111.72
96541,1.090,0.294,9.556,0.9851,-1.5941,-0.0074,4.16,0.66,111.72
96550,0.892,0.811,9.800,0.4176,-0.6325,0.0584,5.09,0.14,111.62
96560,0.744,0.565,9.559,0.2009,0.1537,-0.0462,4.64,-0.06,111.83
96570,1.168,0.742,9.441,0.3027,-0.0913,0.0185,5.32,0.31,111.85
96580,1.301,0.770,9.225,-0.0394,-0.3140,-0.0075,5.03,-0.15,111.68
96591,1.227,1.131,9.492,0.7496,0.4387,-0.0592,5.27,-0.07,111.73
96601,1.259,1.491,9.743,0.6920,-0.3196,0.0428,5.87,0.34,111.80
96611,1.136,1.143,9.944,0.4081,-0.2520,-0.0475,6.07,-0.46,111.85
96620,1.499,0.866,9.657,0.7209,0.8152,-0.0758,6.34,0.03,111.78
96631,1.430,0.952,10.335,0.5991,-0.4073,0.0488,6.90,0.44,111.77
96640,1.211,1.084,9.740,0.2882,-0.1898,-0.0478,7.05,-0.45,111.72
96651,1.223,0.869,9.431,0.7414,0.1964,-0.0313,7.26,0.26,111.70
96661,1.648,1.538,9.465,0.4774,-0.1261,-0.0362,7.87,-0.25,111.68
96670,1.176,0.971,9.477,-0.3596,0.4719,0.0046,7.77,0.14,111.75
96680,1.148,1.472,9.888,0.4623,0.2161,-0.0237,7.45,0.31,111.79
96691,1.658,1.636,9.615,0.8136,-0.7289,0.0456,8.29,0.39,111.84
96700,2.146,1.190,10.133,-0.1698,-0.8349,-0.0441,8.37,-0.51,111.78
96711,1.730,1.448,10.302,0.2279,0.0868,-0.0050,8.11,-0.59,112.05
96720,1.450,1.593,9.751,0.5107,0.5398,-0.0423,8.62,-0.42,111.81
96730,1.142,1.222,9.803,-0.1982,0.1213,0.0681,8.68,0.07,111.86
96740,1.434,1.917,9.878,-0.1387,-0.0062,0.0149,8.38,-0.29,111.81
96751,1.321,1.317,9.689,0.4472,0.2188,0.0426,8.51,0.08,111.90
96760,1.937,1.443,9.644,-0.2708,-0.0577,-0.0346,8.91,-0.03,112.00
96771,1.455,1.430,9.665,-0.3123,-0.0396,0.0132,8.20,0.02,111.93
96780,1.602,1.488,9.510,0.0440,-0.1683,0.0211,8.56,-0.10,111.79
96791,1.346,0.951,9.649,-0.3675,0.3043,-0.0483,8.23,-0.16,111.86
96800,1.208,1.181,9.974,0.3689,0.0084,0.0826,8.15,0.23,111.87
96810,0.944,1.454,10.083,0.9558,-0.4204,0.0066,8.63,-0.14,111.83
96820,1.409,1.684,9.639,0.4870,0.5884,-0.0004,9.27,-0.25,111.85
96831,1.284,1.575,9.907,-0.3089,0.3175,0.0109,9.16,0.56,111.80
96841,1.126,1.681,9.490,-0.9661,-0.4549,0.0016,8.93,0.11,111.70
96850,0.947,1.372,9.772,-1.2841,-0.0106,-0.0456,8.09,0.08,111.93
96861,1.234,1.344,10.359,0.2501,-0.2474,-0.0639,7.48,0.10,111.70
96870,1.141,1.427,9.184,-0.1245,-0.2249,0.0251,8.38,-0.20,111.61
96880,0.922,0.872,9.891,-0.3388,0.3034,0.0661,7.39,-0.19,111.91
96890,0.890,1.893,10.093,-0.1822,0.4218,0.0903,7.96,0.11,111.80
96901,0.845,1.386,9.620,-0.8693,0.0105,0.0617,7.18,0.30,111.88
96911,0.571,0.962,10.423,-0.3075,-0.3151,-0.0495,6.98,0.10,111.85
96921,0.536,1.049,9.897,-0.3111,-0.2146,0.0182,6.83,-0.02,111.81
96930,0.622,1.169,10.468,-0.3917,0.0035,0.0801,6.59,-0.13,111.84
96941,0.174,1.319,9.973,-1.0139,-0.5643,-0.0054,6.36,-0.04,111.82
96950,0.817,0.790,10.200,-0.3958,-1.9299,0.0529,5.37,-0.79,111.77
96960,0.797,0.910,10.547,-0.0292,-2.7946,-0.1068,5.90,-2.25,111.71
96970,0.951,0.802,10.712,-0.6221,-2.9880,0.0030,5.30,-4.01,111.74
96980,1.422,1.053,11.133,-0.5281,-2.6931,0.1421,5.18,-5.68,111.78
96991,1.356,0.504,11.784,-0.7994,-2.8511,0.0154,4.69,-7.06,112.01
97000,1.232,0.867,11.560,-0.3710,-2.6571,0.0201,4.24,-8.90,111.85
97011,1.965,0.696,12.474,-0.3392,-2.0474,-0.0225,4.28,-10.09,111.87
97020,1.743,0.683,12.921,-0.6776,-2.5819,-0.0451,3.83,-11.23,111.84
97030,2.410,0.910,12.902,-0.7498,-2.8479,-0.1061,3.46,-13.07,111.85
97040,2.122,0.650,12.826,-1.0168,-2.8103,-0.0510,3.02,-14.53,111.93
97051,2.626,0.351,13.106,-0.6792,-2.9353,-0.0645,2.30,-16.30,111.77
97060,2.708,0.196,13.504,-0.6938,-2.7079,-0.0848,2.20,-17.88,111.84
97071,2.808,0.274,12.997,-0.4713,-2.5767,-0.0043,1.45,-19.41,111.82
97081,2.861,0.290,13.001,-0.8213,-2.7625,0.0135,1.66,-20.84,111.77
97090,2.937,0.032,12.313,-1.0839,-2.7607,0.0170,0.51,-22.59,111.76
97100,3.258,0.212,11.460,-1.0970,-2.7102,-0.0292,0.40,-24.07,111.60
97111,3.384,0.069,11.233,-0.6523,-2.8362,-0.0742,-0.76,-25.69,111.80
97121,3.307,-0.192,10.778,0.6321,-2.5378,0.0493,-0.39,-27.31,111.82
97131,3.931,0.245,10.019,0.2232,-2.2553,-0.0379,-0.03,-28.59,111.75
97141,4.182,-0.176,9.969,-0.1276,-0.1776,0.0455,-0.16,-29.89,111.80
97150,3.607,-0.197,9.570,0.5475,2.5529,-0.0143,-0.17,-28.81,111.68
97160,3.004,0.032,9.878,0.1000,2.3328,-0.0196,0.46,-27.00,111.69
97170,3.452,-0.022,9.998,-0.6101,1.3488,0.0254,-0.03,-26.15,111.78
97180,2.767,-0.492,10.518,-0.1122,2.1517,0.0393,-0.24,-25.43,111.90
97191,2.777,-0.376,10.675,0.3602,2.4842,-0.0431,-0.19,-23.68,111.94
97201,2.461,0.081,10.473,0.0334,2.3482,0.0180,0.18,-22.58,111.92
97211,2.174,0.382,11.089,-0.2951,2.0531,0.0404,-0.14,-20.99,111.83
97221,2.004,-0.172,11.039,0.3017,1.9520,0.0077,-0.19,-20.21,111.84
97231,2.106,-0.180,11.333,0.1571,2.9001,-0.0014,0.18,-18.74,111.71
97241,1.159,-0.144,11.720,-0.3988,2.2698,0.0646,-0.02,-16.92,111.80
97250,1.168,0.022,12.012,0.1655,1.4755,-0.0143,-0.29,-16.15,111.86
97260,1.206,0.307,11.617,0.3432,1.6979,-0.0153,0.20,-15.25,111.65
97270,1.049,0.005,11.362,-0.1506,2.2962,-0.0526,0.08,-14.22,111.90
97280,0.555,-0.213,11.217,0.1996,2.9583,-0.0666,0.01,-12.59,111.89
97290,0.379,-0.088,11.371,0.3672,1.8239,0.0144,0.27,-10.83,111.82
97301,0.445,-0.021,10.953,-0.0013,1.5710,0.0973,0.43,-10.50,111.72
97311,-0.046,-0.165,11.037,-0.2119,1.9235,-0.0430,0.25,-8.97,111.70
97321,0.067,0.270,10.689,-0.2604,2.2021,0.0320,0.18,-8.30,111.76
97330,0.082,-0.387,10.154,-0.3495,2.1134,-0.0284,-0.08,-6.44,111.73
97340,-0.709,0.147,9.991,0.4957,1.9302,0.0475,-0.24,-5.87,111.64
97351,-0.690,0.882,9.740,0.0920,2.2969,0.0732,0.48,-4.23,111.71
97361,-0.684,0.799,9.470,-0.5066,1.7022,-0.0454,-0.10,-3.27,111.74
97370,-1.116,-0.111,9.498,0.2809,1.2466,-0.0007,-0.08,-2.30,111.72
97381,-0.739,0.049,8.689,0.3372,0.7862,-0.0405,0.23,-1.86,111.82
97390,-1.213,0.001,8.782,-0.1071,1.8999,0.0714,0.27,-1.38,111.68
97401,-1.144,0.078,8.390,0.0122,2.6024,-0.0563,0.10,0.30,111.86
97411,-1.270,0.058,8.596,0.0923,1.0839,0.0355,0.21,1.59,111.84
97421,-1.373,-0.331,8.339,-0.2008,1.0485,-0.0559,0.20,1.52,111.78
97430,-1.506,-0.091,7.993,-0.0860,1.4101,0.0217,0.01,2.78,111.81
97441,-1.711,0.049,7.722,0.3350,1.4201,0.0574,0.09,3.13,111.77
97451,-1.729,-0.078,7.711,0.0755,1.2164,-0.0486,0.36,4.40,111.90
97460,-1.506,0.403,7.735,-0.1224,1.5435,-0.0596,0.21,4.52,111.81
97471,-1.523,0.114,7.509,-0.5275,2.1102,0.0497,0.20,6.16,111.85
97481,-1.946,-0.241,7.967,-0.1354,1.1511,-0.0485,-0.41,6.93,111.78
97490,-2.036,-0.285,7.629,0.4946,1.6175,0.0341,0.01,7.50,111.85
97500,-2.313,0.008,8.070,-0.3944,2.1088,0.1029,0.15,8.84,111.70
97511,-2.262,0.227,7.986,0.0717,1.2184,0.0331,-0.46,9.94,111.86
97520,-2.142,0.208,8.132,0.4183,1.2892,0.0276,0.23,10.21,111.78
97531,-2.528,0.180,8.249,-0.1050,1.5045,-0.0355,-0.01,11.42,111.70
97541,-2.090,-0.461,8.977,-0.1399,1.4964,0.0669,0.09,11.89,111.87
97550,-2.361,0.062,8.732,-0.5639,1.6190,0.0535,-0.16,13.14,111.79
97560,-2.584,0.294,8.842,-0.0896,1.5788,-0.0141,-0.57,13.75,111.78
97570,-2.612,0.176,9.902,0.8639,-0.0551,0.0708,-0.26,14.95,111.75
97581,-2.082,-0.030,23.245,0.4572,-1.7132,-0.0265,0.43,13.66,111.81
97591,-1.999,-0.276,19.179,0.6347,-2.0030,0.0746,0.24,12.99,111.80
97601,-1.206,0.488,15.095,0.8073,-3.0815,-0.1213,1.16,11.36,111.66
97611,-0.970,0.390,12.927,0.2178,-2.2818,-0.0536,1.15,9.47,111.82
97620,-0.880,0.069,14.105,0.7672,-2.2233,0.0032,1.44,8.78,111.90
97631,-0.700,0.271,17.131,1.0250,-2.4097,-0.0129,2.03,6.92,111.91
97640,-0.856,0.675,18.945,0.5081,-2.3266,-0.0192,2.61,6.03,111.79
97651,-0.399,0.766,17.500,0.5251,-2.1242,-0.0101,2.63,4.23,111.97
97661,0.343,0.523,14.344,0.1515,-1.6952,0.1028,3.18,3.60,111.87
97670,0.374,0.469,11.415,0.7781,-2.8071,-0.0404,2.80,2.27,111.77
97681,0.804,0.546,10.280,0.9339,-1.7404,-0.0691,4.02,0.36,111.79
97691,0.872,0.884,9.592,0.4519,-0.4719,0.0447,3.88,0.27,111.89
97700,1.036,0.830,9.790,0.7108,-0.5475,0.0472,4.50,-0.18,111.89
97711,1.114,0.646,9.887,0.1021,0.5081,0.0319,4.64,-0.35,111.88
97721,1.029,0.804,9.751,0.6548,0.2750,-0.0241,4.61,0.41,111.84
97730,1.196,1.088,9.778,0.3225,-0.2318,0.0455,5.41,-0.03,111.78
97740,1.601,1.007,9.557,0.1253,0.3134,-0.0389,4.96,0.19,111.75
97751,1.379,0.999,9.996,1.1250,-0.0091,-0.0463,5.56,0.33,111.84
97760,1.547,1.339,9.667,-0.1278,-0.0918,0.0319,6.25,0.19,111.72
97771,1.220,0.989,9.947,-0.1753,-0.4091,0.0051,5.39,0.27,111.88
97780,1.380,1.062,9.264,1.1532,-0.1304,-0.0202,6.03,-0.25,111.83
97790,1.504,1.366,9.781,0.8597,-0.0967,-0.1299,6.72,0.11,111.63
97801,1.476,1.115,9.679,-0.5728,0.2227,-0.0192,6.99,-0.39,111.90
97811,1.460,0.698,9.948,-0.3586,0.1466,0.0250,6.08,0.35,111.70
97820,1.545,0.630,9.355,0.6113,-0.3543,0.0373,6.57,-0.19,111.82
97831,1.254,1.278,9.778,0.1650,0.1200,-0.0408,6.83,0.01,111.85
97841,1.444,1.131,9.849,-0.0799,-0.0605,0.0263,6.77,-0.07,111.80
97850,1.030,0.859,9.823,0.5383,-0.2237,-0.0605,6.72,-0.09,111.72
97861,1.681,1.330,9.957,0.8038,0.2933,-0.1580,7.38,-0.30,111.87
97870,1.707,1.342,9.413,-0.2496,0.6210,0.0057,7.62,0.29,111.75
97880,1.211,1.254,9.871,-0.0995,-0.0768,0.0010,7.09,0.44,111.66
97890,1.913,1.221,9.660,0.4404,-0.2172,0.0334,7.49,0.24,111.77
97901,1.413,1.730,9.760,0.1450,-0.2991,-0.0822,7.59,0.23,111.74
97911,1.743,1.220,9.860,-0.3731,0.2718,0.0454,7.65,-0.10,111.86
97920,1.620,1.328,9.627,-0.5249,-0.0700,0.0846,7.18,0.54,111.80
97930,1.724,0.897,9.782,-0.0584,-0.9645,0.0333,7.06,-0.18,111.73
97941,1.299,0.601,10.020,0.5850,0.2592,0.0328,7.13,-0.57,111.82
97951,1.227,0.834,9.669,-0.0516,0.1778,0.0097,7.69,0.11,111.69
97960,1.717,1.360,9.676,-0.8206,-0.1175,-0.0201,7.07,-0.41,111.62
97971,1.277,1.139,9.780,-0.4402,0.3181,0.0235,6.78,-0.05,111.82
97981,1.482,0.972,9.847,0.2114,0.1043,0.0030,6.57,-0.05,111.66
97991,1.332,1.327,9.938,0.2235,0.3192,-0.0502,6.99,0.08,111.83
98000,1.202,1.273,10.022,-0.6046,-0.3986,-0.0087,6.80,0.31,111.82
98011,1.363,1.408,9.704,-0.2114,-0.4739,0.0985,6.27,-0.37,111.91
98021,1.000,1.210,10.334,-0.2248,0.7396,-0.0370,6.54,-0.26,111.74
98030,0.802,0.844,9.793,-0.5869,0.4153,-0.0993,5.99,0.44,111.67
98040,0.966,0.899,9.003,-0.2289,-0.2520,0.0011,5.87,0.21,111.73
98051,0.482,0.680,10.018,-0.6819,-0.2160,0.0120,5.75,0.15,111.81
98060,0.510,0.725,10.140,-0.5214,-0.0312,0.0492,5.12,-0.06,111.91
98070,0.805,0.925,10.143,-0.3550,-0.4471,-0.0025,5.18,0.16,111.71
98080,0.780,0.085,10.403,-0.1605,-1.6321,0.0072,4.74,-0.57,111.84
98091,0.495,1.115,10.252,0.2167,-2.3566,-0.0518,4.96,-1.69,111.83
98101,0.759,1.119,10.483,-0.1138,-2.5434,0.0260,5.01,-3.28,111.83
98111,1.176,0.475,11.168,-0.4812,-2.4934,-0.0525,4.86,-4.61,111.89
98120,1.353,0.908,11.047,-0.5715,-3.0650,-0.0357,4.44,-6.14,111.76
98131,1.092,0.952,12.200,-0.8865,-3.0773,0.0520,4.21,-8.15,111.77
98141,1.765,0.826,12.436,-0.5902,-2.4752,-0.0254,3.46,-9.66,111.84
98151,1.713,-0.050,12.694,-0.1302,-2.8498,-0.0337,3.51,-10.96,111.70
98161,2.218,0.507,13.227,-1.3240,-3.2898,0.0200,3.32,-12.96,111.79
98171,2.009,0.860,13.549,-1.0713,-2.4275,-0.0391,2.01,-14.76,111.82
98180,2.179,-0.212,13.377,-0.0550,-1.9730,0.0865,2.12,-15.75,111.91
98191,2.258,0.496,14.090,0.2767,-2.6478,0.0665,1.98,-17.01,111.67
98201,2.501,0.163,13.761,-0.4759,-2.9742,-0.0730,2.47,-18.76,111.81
98210,3.060,0.188,13.466,-1.9101,-2.2739,0.0225,1.44,-20.40,111.63
98220,3.139,-0.358,12.459,-0.9049,-2.6341,0.0480,0.30,-21.39,111.80
98231,3.361,0.446,12.151,0.3444,-2.7504,0.0241,0.41,-23.42,111.75
98241,2.994,0.164,11.570,-0.1351,-2.5589,-0.0504,0.69,-24.56,111.83
98251,3.453,0.025,10.992,-0.3941,-2.7658,-0.0013,0.22,-26.37,111.99
98260,3.623,-0.111,10.725,-0.0392,-3.2396,-0.0119,0.19,-27.75,111.75
98270,4.175,-0.195,10.242,0.1427,-0.8398,-0.0375,0.20,-30.06,111.81
98281,4.074,0.198,10.397,-0.5027,1.6180,-0.0683,0.33,-28.69,111.85
98291,3.747,0.128,10.173,-0.3675,1.8071,0.0354,-0.36,-28.21,111.81
98300,2.927,0.410,9.344,-0.0122,2.1080,-0.1507,-0.09,-26.61,111.80
98310,2.869,-0.377,10.335,0.0535,1.9976,-0.0023,-0.40,-25.81,111.82
98320,2.867,-0.177,10.274,-0.2858,2.3086,-0.0168,-0.03,-24.33,111.76
98331,2.534,-0.659,10.498,0.2135,2.6555,-0.0069,-0.70,-23.12,111.74
98341,2.081,0.199,10.956,0.7012,2.3641,-0.0027,0.24,-21.30,111.71
98351,2.152,-0.048,11.310,0.0983,1.9179,-0.0435,0.10,-20.37,111.97
98360,1.910,-0.033,11.035,0.6949,2.4541,-0.1068,0.37,-19.12,111.87
98370,1.897,0.092,11.487,-0.2368,1.8895,0.0296,0.87,-17.53,111.74
98381,1.144,0.107,11.166,-1.0061,1.6959,0.0693,0.09,-16.97,111.62
98390,1.243,-0.027,11.232,-0.0227,2.3997,-0.0912,-0.27,-15.63,111.71
98401,0.566,-0.248,11.380,0.5547,2.1890,-0.0016,0.07,-14.19,111.81
98410,0.573,-0.261,11.074,0.1765,2.1110,-0.0059,0.36,-13.12,111.84
98421,0.570,0.013,11.354,-0.2695,2.3498,-0.0103,0.21,-11.79,111.84
98430,0.299,-0.050,10.859,-0.7264,2.3794,0.0245,0.08,-10.39,111.83
98440,-0.357,-0.362,10.950,0.1587,2.2480,-0.0347,-0.65,-9.05,111.87
98450,-0.206,-0.125,10.645,0.3690,1.5971,-0.0126,0.26,-7.84,111.79
98460,-0.485,0.055,10.006,-0.6416,2.0196,-0.0136,-0.24,-7.24,111.66
98471,-0.631,-0.109,10.598,0.2761,2.1866,-0.1017,-0.47,-5.58,111.69
98481,-0.591,-0.200,9.495,0.6990,1.4379,-0.0358,0.09,-4.76,111.79
98490,-0.745,-0.358,9.656,-0.2661,2.5691,-0.0361,0.32,-3.96,111.82
98500,-1.642,0.198,9.372,-0.4532,1.5029,-0.0014,-0.21,-1.83,111.80
98510,-1.358,0.091,9.242,-0.1569,0.6189,-0.0340,-0.20,-2.22,111.79
98521,-1.002,-0.461,8.833,0.3480,2.2285,-0.0093,-0.36,-1.12,111.92
98530,-1.357,-0.231,8.515,-0.0966,1.4627,-0.1101,0.19,0.33,111.72
98540,-1.582,-0.124,8.188,-0.4646,1.6886,-0.0344,-0.43,0.60,111.72
98551,-1.274,-0.597,8.140,0.1446,2.0503,-0.0016,-0.36,2.24,111.93
98561,-1.218,0.090,7.996,0.4439,1.3366,0.0207,-0.26,2.98,111.62
98571,-1.465,-0.104,7.967,0.6142,1.4395,0.0591,0.10,3.78,111.79
98581,-1.739,-0.047,8.092,-0.2676,1.5483,0.1092,0.41,4.63,111.74
98591,-1.627,-0.266,7.520,-0.5947,0.9070,0.0338,-0.21,5.55,111.56
98600,-1.972,-0.108,8.007,0.0901,1.1292,0.0008,-0.29,5.62,111.88
98611,-1.993,-0.018,7.676,0.3112,1.9895,0.0801,-0.10,6.86,111.88
98621,-2.125,0.243,7.851,0.3601,2.1062,0.0038,0.09,7.92,111.93
98631,-1.770,-0.126,8.255,-0.0258,1.4728,-0.0931,0.24,9.27,111.74
98641,-2.332,0.095,8.191,-0.5654,1.0178,-0.0350,0.08,9.64,111.86
98651,-2.285,0.005,8.133,-0.3918,1.2978,0.0001,-0.43,10.40,111.89
98661,-1.682,0.206,8.162,0.1523,1.6784,0.0273,-0.38,11.13,111.95
98670,-2.577,-0.255,8.805,0.2978,1.6553,0.0076,-0.26,12.34,111.84
98680,-2.303,-0.322,9.232,0.3583,1.3212,-0.0128,-0.02,13.02,111.81
98691,-2.523,0.265,8.772,0.3513,1.6481,-0.0726,0.14,13.86,111.80
98700,-2.590,-0.023,9.490,0.1443,-0.0998,-0.0631,0.41,14.87,111.67
98711,-2.262,-0.266,22.607,0.4962,-2.1515,0.0155,0.33,13.76,111.81
98721,-1.544,0.333,19.049,1.1261,-2.4720,0.1023,0.98,12.38,111.69
98731,-1.544,0.033,14.857,0.3481,-2.4734,0.0174,1.62,10.92,111.81
98740,-1.459,0.392,11.617,0.3375,-1.8762,0.0419,1.37,9.49,111.84
98750,-1.227,0.606,10.612,1.2170,-2.3264,-0.0446,2.01,8.82,111.87
98761,-0.335,0.480,9.370,0.9282,-2.8674,-0.0455,2.78,6.84,111.75
98770,-0.248,0.717,9.999,-0.1860,-2.0821,-0.0440,3.04,5.54,111.86
98781,-0.189,0.661,9.639,0.3202,-3.1011,0.0580,2.58,4.44,111.94
98790,0.516,0.421,9.719,1.3927,-2.8850,0.0922,3.44,1.99,111.76
98801,0.772,0.441,9.542,1.0085,-1.8019,0.1052,4.19,1.14,111.80
98810,1.013,0.953,10.074,0.5020,-0.8953,0.0233,4.62,-0.09,111.65
98820,0.933,0.699,9.882,0.9698,-0.1273,-0.1240,4.76,0.11,111.81
98831,1.058,1.426,10.102,0.8158,-0.0889,0.0262,5.71,-0.24,111.74
98840,1.200,0.502,9.630,0.6894,0.3052,0.0072,5.66,0.03,111.89
98851,1.384,0.832,10.383,0.5475,-0.3509,0.0246,6.53,0.13,111.76
98860,1.370,1.257,9.646,-0.1991,-0.2360,0.0469,6.29,-0.36,111.95
98870,1.383,1.287,9.626,0.5188,0.7034,0.0471,6.32,-0.16,111.93
98880,1.348,1.236,9.522,0.9736,0.0337,-0.0192,6.91,0.45,111.93
98891,1.460,1.161,9.686,0.2544,-0.4384,0.0897,7.44,-0.14,111.81
98900,1.542,1.106,9.916,1.1422,-0.0107,-0.0179,7.21,-0.07,111.74
98910,1.647,1.584,9.451,0.2727,0.1574,0.0375,8.72,-0.17,111.79
98921,1.038,1.358,9.560,-0.3356,-0.0767,0.0431,7.51,0.11,111.86
98930,1.536,1.254,9.537,1.3429,0.1382,-0.0036,8.36,-0.25,111.68
98940,1.504,1.723,9.869,0.3871,0.2463,-0.0183,9.06,0.28,111.87
98950,1.425,1.696,10.133,-0.4334,-0.4280,0.0156,8.77,0.00,111.92
98961,1.511,1.720,9.958,-0.4245,-0.1734,0.0470,8.60,-0.22,111.76
98971,0.969,1.447,9.472,0.4101,0.0799,-0.0975,8.29,-0.24,111.77
98980,1.629,2.091,9.559,1.1259,-0.2267,0.0103,9.00,-0.14,111.84
99000,1.908,1.416,10.015,-0.1084,0.4554,-0.0089,8.82,-0.17,111.77
99011,1.316,1.391,9.680,0.7948,0.0677,-0.0424,9.44,0.01,111.89
99020,1.617,1.358,10.140,0.0910,-0.1945,-0.0401,9.71,-0.09,112.00
99031,1.623,1.924,9.758,-0.1515,-0.1951,-0.0054,9.53,-0.19,111.79
99040,1.333,1.140,10.074,-0.2707,0.2120,-0.0884,9.55,-0.29,111.78
99051,1.439,1.444,9.806,-0.1976,0.4346,-0.0164,9.22,0.07,111.77
99061,1.227,1.852,9.939,-0.3481,-0.1841,-0.0376,9.34,0.20,111.78
99071,1.099,1.364,9.727,-0.2065,-0.0353,0.0171,8.79,-0.14,111.64
99080,1.082,1.780,9.490,0.0418,0.3875,-0.0982,9.10,0.13,111.65
99090,0.867,1.847,9.581,-0.7892,-0.2679,0.0219,8.81,0.35,111.66
99101,1.209,1.335,9.572,-0.2145,-0.3243,0.0449,8.25,-0.20,111.80
99110,0.852,1.215,9.464,-0.4873,0.3876,0.0289,8.60,-0.02,111.73
99120,1.100,1.391,9.638,-0.4572,-0.3525,-0.0379,7.67,0.22,111.71
99131,0.874,1.412,9.437,0.0126,-0.2636,-0.0392,8.08,-0.41,111.57
99141,1.128,1.182,9.740,-0.3863,0.5265,-0.0214,7.72,-0.09,111.83
99151,0.969,1.581,9.840,-0.4783,-0.0995,-0.0090,7.66,0.21,111.74
99161,0.807,1.317,10.293,-0.1959,0.1638,-0.0598,7.18,-0.22,111.87
99170,0.676,1.323,10.487,-0.2294,0.0942,0.1058,7.45,0.36,111.73
99181,0.864,1.787,9.967,-0.7609,-0.2512,-0.0745,6.89,-0.12,111.79
99191,0.363,1.149,10.311,-0.6747,-1.4919,-0.0725,6.59,0.05,111.85
99201,0.723,1.224,10.178,-0.4584,-2.6939,0.0009,6.12,-1.84,111.74
99211,0.897,1.108,10.561,-0.1808,-2.7968,-0.0054,6.10,-3.06,111.76
99221,0.973,1.083,10.764,-0.7695,-3.0314,-0.0366,5.88,-5.07,111.86
99230,1.124,0.717,11.730,-1.1051,-2.4934,0.0143,5.20,-6.55,111.82
99240,1.717,0.761,12.208,-0.8036,-2.1680,0.0627,4.59,-7.92,111.80
99251,1.751,0.829,12.461,-0.3603,-3.2327,-0.0681,4.32,-9.04,111.78
99260,2.270,0.801,12.827,-0.9697,-3.4706,-0.0024,4.15,-11.55,111.82
99271,1.970,0.568,13.338,-0.8184,-2.5429,-0.1020,3.13,-13.01,111.89
99281,2.234,0.258,13.502,-0.3364,-3.0916,0.0216,3.20,-14.52,111.67
99291,2.006,0.391,13.592,-0.7963,-2.5961,0.0533,2.79,-16.57,111.83
99300,2.166,0.315,13.831,-0.3418,-2.3182,-0.0186,2.31,-17.47,111.82
99311,2.506,0.162,13.756,-0.7350,-3.6100,0.0370,2.36,-19.17,111.75
99320,2.954,0.369,12.706,-1.2528,-2.8482,-0.0061,1.45,-21.62,111.75
99330,3.271,0.174,12.673,-0.8650,-2.7455,-0.0422,0.91,-22.46,111.88
99340,3.562,0.079,11.982,-0.6998,-2.8617,0.0376,0.53,-24.75,111.82
99351,3.432,0.499,11.287,-0.9091,-2.0965,0.0135,0.10,-25.73,111.84
99360,3.675,-0.231,10.600,0.4466,-3.2696,-0.0024,-0.50,-27.16,111.60
99370,4.196,-0.505,10.051,0.6596,-2.1091,0.0419,0.61,-29.44,111.64
99380,3.580,0.055,10.083,-0.5453,0.9169,0.0333,0.25,-29.54,111.73
99390,3.535,-0.315,9.871,-0.4038,1.6916,-0.0297,-0.01,-28.40,111.63
99400,3.279,-0.084,9.940,-0.2761,2.0015,0.0067,-0.24,-27.55,111.74
99411,2.881,0.104,10.256,0.1872,2.8477,-0.1129,-0.35,-26.12,111.71
99420,2.758,0.006,10.604,0.0657,2.3990,-0.0466,-0.03,-24.28,111.82
99430,2.887,-0.082,10.543,-0.1034,2.2678,0.0996,-0.24,-23.36,111.83
99440,1.731,0.122,10.846,0.5388,2.7040,0.0129,-0.15,-21.65,111.82
99450,2.359,0.412,11.731,0.0352,1.9344,-0.1107,0.34,-20.24,111.79
99460,2.032,0.230,11.511,-0.3545,1.9840,-0.0509,-0.11,-19.48,111.81
99471,1.756,-0.302,11.582,0.3815,2.8267,0.0114,-0.02,-17.99,111.84
99481,0.939,0.086,11.013,-0.1174,2.1701,0.0261,0.32,-16.20,111.65
99491,1.060,-0.058,11.358,-0.2612,1.7929,0.0061,-0.16,-15.57,111.79
99500,0.640,-0.639,11.383,0.0376,2.4782,-0.0338,0.02,-14.18,111.84
99511,0.618,0.227,11.883,0.4152,2.2019,0.0040,-0.11,-12.70,111.91
99520,-0.229,0.364,10.728,-0.2989,2.7283,0.0516,0.52,-11.61,111.75
99531,0.133,-0.366,10.997,-0.5387,2.1826,0.0872,-0.50,-9.56,111.83
99540,-0.200,-0.038,11.109,0.4389,1.8598,0.0099,-0.02,-9.09,111.76
99550,-0.026,-0.197,10.306,-0.4544,1.8453,-0.0206,-0.03,-7.41,111.58
99560,-0.474,0.166,10.271,0.1395,1.7397,-0.0366,-0.50,-6.95,111.92
99570,-0.859,0.198,9.855,0.7993,2.3751,0.0282,0.09,-5.42,111.82
99581,-0.614,0.550,9.886,0.2214,2.0813,0.0100,0.43,-4.25,111.88
99590,-0.845,0.069,9.013,-0.1266,1.5407,0.0727,0.33,-3.02,111.76
99600,-1.368,0.064,9.360,-0.3066,1.4467,0.0221,0.30,-2.48,111.93
99610,-0.833,0.369,8.902,-0.6754,1.7273,-0.1120,0.01,-1.36,111.86
99620,-1.122,-0.298,8.625,0.1069,1.5355,0.0269,-0.45,-0.51,111.93
99631,-0.769,0.726,8.658,0.0835,1.3576,0.0279,0.13,0.40,111.90
99640,-1.305,0.039,8.130,-0.1383,1.8063,0.0021,-0.39,1.04,111.88
99650,-1.646,0.092,7.934,0.5787,2.3584,0.0402,-0.03,2.44,111.94
99660,-1.592,0.464,8.005,-0.1462,1.2347,-0.0562,0.28,3.74,111.78
99671,-1.543,-0.161,7.991,-0.4230,1.0750,0.0150,-0.20,3.84,111.77
99680,-1.915,0.300,7.869,-0.1683,1.2113,-0.0088,-0.21,4.98,111.80
99690,-1.628,0.303,7.616,-0.0371,1.3653,-0.0133,-0.40,5.20,111.84
99700,-2.429,-0.273,7.459,0.0425,2.4438,-0.0652,-0.24,6.52,111.83
99711,-2.404,-0.063,7.702,0.3962,1.7085,0.0168,-0.36,7.99,111.74
99721,-2.009,0.383,7.717,0.5302,1.1076,0.0050,0.14,8.48,111.77
99730,-2.317,-0.145,7.891,-0.8884,2.0648,0.1060,0.24,9.25,111.80
99741,-2.512,-0.051,8.500,-0.1152,1.7580,-0.0016,-0.88,10.80,111.87
99750,-2.615,0.085,8.284,0.3555,1.1895,0.0098,0.10,11.31,111.79
99761,-2.261,0.034,8.882,0.2309,1.8506,0.0544,-0.49,12.18,111.72
99770,-2.221,-0.013,9.008,0.4540,1.8510,0.0261,0.36,13.44,111.67
99781,-2.331,-0.392,9.173,-0.1713,0.9585,0.0157,0.04,14.31,111.86
99791,-2.246,-0.225,24.727,0.4701,-0.4543,0.0413,0.20,14.52,111.71
99801,-2.327,0.581,23.420,0.6468,-2.6576,-0.0140,0.58,13.77,111.76
99810,-1.820,0.300,18.803,0.5914,-2.2320,0.0682,0.95,11.48,111.59
99820,-1.493,0.076,14.293,0.8815,-2.0837,-0.1166,1.28,11.25,111.81
99831,-1.131,0.427,11.759,0.8803,-2.4720,-0.1061,1.97,9.08,111.74
99841,-0.745,0.078,10.366,0.6326,-1.9389,-0.0481,2.30,8.45,111.81
99851,-0.967,0.469,9.657,0.9934,-2.4631,0.0553,2.70,6.87,111.71
99861,-0.491,0.602,9.538,0.2054,-2.1357,0.0614,3.45,5.67,111.73
99871,-0.169,0.242,10.089,0.3370,-2.3106,0.0119,2.94,4.44,111.89
99880,0.628,0.157,9.695,0.7981,-2.8310,-0.0115,3.79,3.04,111.81
99890,0.721,0.256,9.740,0.3365,-2.8940,-0.0017,3.87,1.21,111.74
99901,1.185,0.764,9.903,0.8507,-1.0883,-0.0383,4.20,-0.23,111.63
99910,0.855,0.813,10.110,1.1574,0.7516,-0.0701,4.84,-0.01,111.85
99921,0.989,1.190,9.457,0.2497,-0.2637,0.0027,5.51,0.61,111.79
99930,1.263,0.962,10.036,0.2282,-0.5245,0.1057,5.16,-0.27,111.79
99941,1.244,1.296,9.657,0.6112,0.3656,-0.0215,5.75,0.01,111.72
99950,0.967,0.848,10.383,0.2545,0.2739,0.0140,5.82,0.18,111.88
99961,1.283,1.064,9.800,0.8434,-0.6621,-0.0614,5.98,0.31,111.86
99970,1.273,0.861,9.606,1.0009,0.0884,-0.0294,6.79,-0.59,111.64
99981,0.962,1.293,9.757,0.9127,0.2195,-0.0087,7.15,0.38,111.79
99991,1.421,1.701,9.621,0.0817,-0.2258,0.0439,7.84,-0.35,111.79
100000,1.564,1.327,9.564,-0.2675,-0.0717,0.0083,7.23,0.10,111.79
100010,1.540,1.498,10.100,0.3825,-0.4606,0.0251,7.54,-0.46,111.89
100020,1.608,1.254,9.937,0.8038,0.5618,-0.0552,7.69,-0.42,111.82
100030,1.326,1.523,9.432,0.2399,-0.0120,-0.0162,8.47,0.17,111.67
100040,1.192,1.593,9.795,-0.1862,-0.0484,0.0644,7.97,-0.45,111.77
100051,1.436,1.744,9.469,0.4708,0.3072,-0.0750,8.23,0.13,111.88
100060,1.805,1.779,9.911,0.4894,0.0559,-0.0274,8.51,-0.04,111.76
100071,1.443,1.137,9.758,0.3263,0.3592,-0.0295,8.78,0.22,111.73
100080,1.078,1.725,9.896,0.0344,-0.2368,0.0632,8.94,0.37,111.72
100090,1.544,1.439,9.756,-0.1727,-0.0905,-0.0498,8.81,-0.08,111.73
100100,0.994,1.693,9.834,0.3469,-0.5648,-0.0152,8.76,0.25,111.89
100110,1.578,1.745,9.887,0.2935,-0.3623,-0.0612,9.20,-0.71,111.86
100121,1.695,1.883,9.934,-0.3903,0.8317,0.0167,9.10,-0.20,111.69
100131,1.074,1.857,9.605,0.3433,0.3813,-0.0275,8.74,0.25,111.70
100140,1.064,1.128,9.400,0.5393,-0.1019,0.0250,9.46,0.24,111.69
100150,1.952,1.513,9.937,-0.5720,-0.2238,-0.0238,9.37,0.10,111.78
100161,1.509,1.687,9.673,-0.7579,0.2172,-0.0201,8.82,-0.05,111.80
100170,1.144,1.217,9.476,0.2498,0.0839,-0.0092,8.49,0.34,111.76
100180,1.211,1.419,9.633,0.4414,-0.2336,-0.0030,9.09,0.03,111.72
100190,0.852,1.650,9.766,-0.5520,0.0336,-0.0152,8.96,0.07,111.77
100201,1.463,1.753,9.701,-0.7767,0.0427,0.0026,8.44,0.09,111.92
100211,1.236,1.691,9.748,0.0545,-0.0126,-0.0305,8.05,0.07,111.91
100220,0.743,1.168,9.900,-0.4115,-0.4135,0.0213,8.50,0.10,111.53
100231,0.940,1.587,9.982,-0.3830,0.1052,-0.0382,7.60,-0.47,111.69
100241,0.837,1.200,9.949,-0.2772,0.4052,0.0044,8.05,0.22,111.92
100250,0.835,1.202,9.448,-0.8307,-0.6912,0.0110,7.30,0.03,111.77
100260,0.853,1.379,9.511,-0.2802,-0.1362,0.0598,7.09,-0.57,111.87
100271,0.892,1.213,9.624,-0.3220,0.7330,-0.0050,6.99,-0.13,111.78
100281,0.843,1.274,9.561,-1.2435,0.5455,0.0961,6.77,0.27,111.78
100291,0.242,0.979,10.360,-0.5577,-1.5833,-0.0514,5.57,0.52,111.81
100300,0.728,1.469,10.674,0.0270,-3.5911,0.0081,6.15,-1.55,111.84
100311,0.784,0.967,10.535,-0.9498,-2.5212,-0.0458,5.64,-3.57,111.90
100320,0.898,0.757,10.842,-0.6287,-2.0694,0.0312,5.10,-4.45,111.84
100330,1.155,1.392,11.163,-0.8372,-3.0108,-0.0019,4.93,-5.94,111.82
100341,1.031,0.440,12.396,-0.5543,-3.2086,0.0528,4.14,-7.89,111.65
100350,1.854,0.669,12.416,-0.4221,-2.8438,-0.0920,4.27,-9.63,111.75
100361,1.604,0.890,12.166,-0.3128,-2.5336,-0.0309,3.68,-11.15,111.76
100371,2.203,0.464,13.385,-0.5569,-2.5905,-0.0241,3.90,-12.55,111.76
100380,2.161,0.599,13.712,-0.7709,-3.0336,-0.0180,3.09,-14.10,111.88
100391,2.442,0.249,13.946,-0.7193,-3.1352,0.0037,3.10,-16.02,111.78
100401,2.662,0.232,13.642,-1.2629,-2.4045,0.0444,2.25,-17.74,111.73
100411,2.516,0.446,14.258,-0.0018,-2.3225,0.0512,1.64,-18.77,111.73
100421,2.835,0.160,13.637,-0.5900,-2.8667,-0.0078,2.26,-20.40,111.72
100430,3.085,0.048,12.669,-1.7634,-3.1477,0.0072,0.92,-22.07,111.75
100440,3.360,0.340,12.311,-0.9581,-2.4344,-0.0220,0.20,-24.00,111.80
100450,3.166,-0.226,11.555,-0.2781,-2.4550,0.0388,-0.20,-24.88,111.77
100461,3.903,0.180,10.866,0.3888,-3.1695,-0.0093,-0.09,-26.83,111.77
100471,3.347,-0.068,10.061,-0.3495,-2.8726,0.0060,0.24,-28.50,111.78
100480,3.538,-0.167,9.997,0.2119,0.0882,0.0218,-0.48,-30.11,111.85
100490,3.248,-0.187,9.793,0.8235,2.2424,-0.0766,0.45,-28.40,111.64
100500,3.073,0.023,10.293,0.6626,1.7202,-0.0278,0.48,-27.53,111.85
100510,3.196,0.365,10.155,0.0063,2.7729,-0.0559,1.18,-26.42,111.84
100520,2.464,0.463,10.349,-0.8179,1.7149,0.0586,0.51,-24.37,111.60
100530,2.601,0.374,10.017,-0.3840,1.6741,0.0993,0.25,-24.42,111.63
100541,2.779,-0.048,11.241,0.3274,2.9213,0.0028,0.13,-22.44,111.71
100550,1.973,-0.234,10.964,-0.2286,2.4197,0.0001,0.61,-21.08,111.91
100560,2.029,0.228,11.184,-0.4860,2.4717,-0.0228,-0.11,-19.66,111.81
100571,1.335,0.261,11.216,0.2773,2.0296,0.0295,0.05,-18.22,111.87
100581,1.399,0.392,11.528,-0.6343,1.9549,-0.1074,0.26,-17.33,111.73
100591,1.411,-0.548,11.036,-0.4417,2.1432,0.0454,-0.67,-15.99,111.77
100600,1.302,-0.009,11.377,0.5998,2.0986,0.0342,-0.25,-14.82,111.87
100611,0.601,-0.328,11.328,0.0630,2.4541,0.0203,-0.02,-13.56,111.63
100621,1.016,-0.053,11.129,0.1820,1.9756,-0.0013,-0.18,-12.00,111.82
100630,0.593,0.096,11.524,0.6037,1.7291,0.0078,0.21,-11.28,111.91
100641,0.766,-0.040,10.729,0.0064,2.2026,0.0521,0.51,-10.00,111.77
100650,-0.448,0.415,10.711,-0.4555,2.3032,0.0207,0.22,-8.75,111.75
100661,0.046,0.014,10.416,-0.0035,2.1250,-0.0004,-0.00,-7.36,111.77
100671,-1.034,0.250,10.559,-0.2131,1.9396,-0.0115,0.18,-6.31,111.89
100681,-0.676,-0.048,9.559,-0.0565,2.0704,0.0157,-0.28,-5.15,111.84
100691,-0.367,-0.308,9.703,-0.2561,1.6187,0.0212,0.11,-3.95,111.88
100701,-0.970,-0.053,9.871,0.1570,1.4101,0.0319,-0.56,-3.29,111.75
100711,-0.868,0.295,9.286,0.2659,1.5601,-0.0103,0.30,-2.33,111.82
100720,-0.638,-0.127,8.911,-0.1493,2.0234,0.0476,-0.29,-1.48,111.88
100731,-1.375,-0.184,8.602,0.2756,1.4425,0.0180,0.17,-0.02,111.76
100741,-0.937,-0.023,8.675,0.2492,1.0757,-0.0146,0.01,0.18,111.71
100750,-1.619,0.046,8.199,-0.3450,1.8473,0.0238,0.41,1.19,111.86
100761,-1.717,-0.162,8.172,-0.4279,1.5854,0.0316,-0.37,2.31,111.80
100771,-1.668,-0.205,7.213,0.5324,1.8364,0.0345,-0.08,3.03,111.87
100780,-2.058,0.232,8.124,0.2789,1.5960,0.0170,0.25,4.43,111.82
100790,-1.779,0.335,7.804,-0.4718,1.2484,-0.0131,0.22,4.85,111.84
100801,-1.697,0.235,7.638,-0.0493,1.2944,-0.0338,-0.30,5.87,111.88
100810,-2.164,0.018,7.872,0.6059,1.4544,-0.0462,0.20,6.32,111.75
100821,-2.196,-0.202,7.699,-0.3543,1.9272,-0.0360,0.40,7.53,111.72
100830,-2.246,-0.142,8.029,-0.0685,1.7098,-0.0855,-0.20,8.51,111.78
100840,-2.274,0.336,7.649,-0.1436,1.5276,-0.0051,0.30,9.48,111.77
100850,-1.941,0.041,8.406,-0.3813,2.0026,-0.0226,-0.40,10.24,111.67
100861,-2.121,0.032,7.988,0.9075,1.8745,-0.0111,-0.15,11.78,111.86
100870,-2.279,-0.263,8.555,0.1514,1.3968,0.0519,0.65,12.39,111.89
100881,-2.207,-0.195,9.195,-0.8660,1.2868,0.0142,0.01,13.40,111.99
100891,-2.715,0.149,9.325,0.2618,1.5626,0.0445,-0.35,13.88,111.74
100900,-2.522,0.211,9.179,0.7838,-0.2881,-0.0126,0.26,15.17,111.85
100911,-2.316,0.219,24.739,0.8159,-2.3090,0.0776,0.54,13.51,111.68
100921,-1.809,-0.142,20.297,0.6333,-1.7321,-0.0297,1.20,12.53,111.74
100931,-1.771,0.124,15.737,0.5779,-2.2119,0.0623,1.25,11.49,111.82
100940,-1.265,0.501,12.440,0.6551,-2.3806,-0.0281,1.86,9.99,111.71
100951,-1.377,0.300,10.786,0.9378,-1.9158,-0.0148,2.06,8.78,111.81
100961,-1.143,0.524,10.497,1.0562,-2.0980,-0.0199,2.93,7.80,111.68
100970,-0.652,0.844,9.049,0.8615,-2.3705,0.0572,3.29,6.39,111.71
100980,-0.420,0.687,9.719,0.5463,-2.1248,0.0544,3.94,5.08,111.83
100991,-0.136,0.523,9.602,0.9055,-2.1957,0.1263,3.90,3.94,111.79
101000,0.552,0.986,9.687,1.1350,-2.4550,0.0324,4.94,2.57,111.69
101011,0.498,0.968,9.981,0.4545,-2.3508,0.0123,5.21,1.12,111.76
101020,0.570,1.077,9.976,0.8751,-1.1752,-0.0492,5.44,-0.10,111.76
101030,0.867,1.380,9.469,0.7347,-0.1039,-0.0539,6.17,-0.26,111.78
101041,0.817,1.281,9.517,0.7713,0.2789,0.0856,6.31,-0.21,111.66
101050,1.178,1.639,9.161,0.5453,0.4170,0.0823,7.01,0.06,111.62
101061,0.956,1.253,9.810,0.3544,-0.5929,0.0541,6.97,0.26,111.63
101070,1.364,1.263,10.001,0.6920,0.1416,-0.0601,7.42,-0.61,111.84
101080,1.168,1.202,9.671,0.4971,0.8029,-0.0449,7.76,0.41,111.84
101091,0.640,1.246,9.554,0.7960,-0.0569,0.0446,7.99,0.33,111.86
101100,1.072,1.398,9.920,0.9397,-0.1789,-0.0072,8.66,0.35,111.75
101111,1.560,1.486,9.303,0.1559,-0.6000,-0.0434,9.06,0.12,111.85
101121,1.342,1.430,9.576,0.9258,-0.5069,-0.0307,8.86,-0.37,111.74
101131,1.201,1.584,10.235,0.6189,0.7975,-0.0499,10.13,-0.45,111.74
101141,1.143,1.612,9.514,-0.6881,-0.0651,-0.0776,9.62,0.56,111.83
101151,1.835,1.424,9.734,0.0750,-0.5782,-0.0292,9.34,-0.44,111.85
101160,1.308,1.512,9.730,0.5114,0.8663,-0.0378,9.69,-0.10,111.89
101171,1.999,1.862,9.653,0.7211,-0.0222,0.0356,9.92,0.56,111.73
101181,1.562,1.943,9.540,0.4103,-0.3550,-0.0278,10.49,-0.14,111.71
101190,1.391,1.931,9.499,0.0810,-0.1162,-0.0530,10.36,0.17,111.67
101201,1.657,1.848,9.685,0.5452,-0.0062,0.0437,10.58,-0.28,111.72
101211,1.712,1.788,9.411,0.4263,0.4830,0.0657,11.01,0.16,111.67
101220,1.240,2.389,9.370,-0.2242,-0.4961,-0.0636,11.08,0.29,111.76
101231,1.693,2.011,9.498,-0.2945,-0.4122,-0.0399,10.75,-0.42,111.85
101240,1.660,1.516,9.564,0.5294,0.3862,0.0947,10.74,-0.18,111.82
101250,1.370,1.837,9.682,0.1422,0.6195,0.0614,11.37,0.02,111.91
101260,1.835,1.863,9.479,-0.8259,-0.0956,0.0220,10.93,0.49,111.65
101270,1.510,1.672,9.261,0.4111,-0.3473,-0.0441,10.44,-0.08,111.79
101280,0.951,2.103,9.471,0.3267,0.1836,0.0078,11.38,0.08,111.59
101291,1.443,1.852,9.554,-0.4974,0.2027,-0.0189,10.83,0.12,111.73
101301,1.003,1.944,10.130,-0.3464,-0.2350,0.0539,10.80,0.26,111.82
101310,1.159,1.788,9.527,-0.3281,-0.6305,0.0568,10.41,-0.14,111.77
101320,0.852,1.554,9.579,0.0170,-0.0356,0.0201,10.40,-0.42,111.78
101330,0.970,1.615,9.607,-0.2163,0.0684,-0.0561,10.44,-0.17,111.78
101341,0.988,1.876,9.387,-0.0159,0.0523,0.0030,10.15,-0.35,111.83
101350,0.452,1.882,9.697,-0.0167,0.2354,-0.1011,10.38,-0.11,111.91
101361,1.309,2.306,9.364,-1.1398,-0.0830,-0.0354,10.11,-0.08,111.82
101371,1.414,1.297,9.695,-0.9739,-0.0291,-0.0599,9.03,-0.24,111.67
101380,0.590,1.612,9.339,-0.0340,0.3292,-0.0713,9.02,-0.11,111.75
101390,0.736,1.012,10.063,-0.3758,0.2084,-0.0205,8.98,0.11,111.79
101401,0.924,1.260,9.848,-0.2241,-0.1106,-0.0386,8.62,0.19,111.76
101411,0.604,1.086,10.082,-0.0196,0.1066,0.0149,8.74,0.00,111.58
101421,0.369,1.612,9.813,-1.1569,-0.0928,-0.0049,8.64,0.31,111.74
101431,0.826,1.045,9.972,-1.1140,-1.9653,-0.0900,7.43,-0.11,111.98
101441,0.577,0.826,10.114,-0.6826,-3.0125,0.0607,7.37,-1.95,111.79
101451,0.721,0.993,10.273,-0.6776,-2.0144,-0.0462,6.62,-3.54,111.70
101461,0.626,1.284,10.895,-0.1097,-2.9596,0.0144,6.57,-4.28,111.74
101470,1.160,0.947,10.877,-0.1497,-3.1215,-0.0192,6.52,-6.94,111.79
101480,1.502,0.479,11.807,-0.7970,-2.1272,-0.0395,6.37,-7.83,111.84
101490,1.925,0.448,12.206,-1.2068,-2.5385,0.0739,5.62,-9.39,111.84
101501,1.200,0.590,12.313,-1.0706,-2.3713,-0.0077,5.00,-10.76,111.75
101510,1.609,0.634,13.397,-0.7743,-2.6381,0.0772,4.40,-12.15,111.84
101520,2.150,0.375,13.477,-0.7004,-2.7237,0.0219,4.07,-13.82,111.70
101530,2.150,0.760,14.431,-0.6481,-2.3197,-0.0173,3.61,-15.26,111.76
101541,2.306,0.180,14.611,-0.4765,-2.3747,-0.0192,3.31,-16.49,111.82
101551,2.372,0.149,13.808,-1.1365,-2.7685,-0.0648,3.05,-17.99,111.81
101561,2.878,0.228,14.172,-1.7056,-2.8864,0.0117,1.99,-19.67,111.87
101571,3.053,0.214,12.758,-0.5509,-2.8916,-0.0293,1.12,-21.29,111.68
101580,3.198,0.141,13.196,-0.1407,-2.6776,-0.0882,1.35,-22.99,111.78
101590,3.555,0.691,12.188,-1.2434,-2.4529,-0.0363,0.97,-24.35,111.91
101600,3.161,0.089,11.644,-0.9015,-2.4202,-0.0152,-0.04,-25.79,111.92
101611,3.886,-0.371,10.852,0.2830,-2.6096,0.0117,-0.08,-27.12,111.94
101620,3.554,0.197,10.043,-0.0615,-2.9210,0.0643,0.29,-28.76,111.83
101631,3.746,-0.059,9.518,-0.1180,0.2180,0.0297,-0.13,-30.41,111.83
101641,3.356,-0.240,9.710,0.3872,2.5351,-0.0771,0.12,-28.51,111.89
101651,3.884,0.240,9.676,0.1459,2.4174,0.0698,0.32,-27.49,111.88
101661,2.956,-0.392,10.029,-0.4088,2.2462,0.0912,0.28,-25.74,111.69
101671,3.039,-0.444,10.005,0.3214,2.0487,0.0405,-0.16,-24.92,111.78
101681,2.946,0.203,10.890,0.1100,1.1201,-0.0807,0.61,-23.36,111.91
101690,2.347,0.108,10.436,-0.3948,2.0764,0.0456,-0.02,-23.65,111.86
101700,1.877,0.287,11.074,-0.1122,3.0847,-0.1133,0.15,-20.99,111.86
101711,1.790,-0.091,11.252,0.2305,1.8703,-0.0091,-0.14,-20.17,111.78
101720,2.190,-0.069,11.082,0.5816,2.3059,0.0474,0.43,-18.83,111.73
101730,1.694,-0.195,11.416,-0.2767,1.9185,-0.0358,0.59,-17.54,111.84
101740,1.610,0.513,11.296,0.0354,1.3916,0.1096,0.10,-16.62,111.76
101750,1.252,-0.153,11.262,-0.1545,2.0726,0.0007,0.62,-15.94,111.82
101760,1.151,0.108,11.003,-0.6152,2.1422,0.0420,-0.09,-14.21,111.73
101771,0.748,-0.499,11.383,-0.2910,1.7490,0.0395,-0.06,-13.49,111.76
101780,0.434,0.211,10.814,0.4643,2.5167,0.0378,-0.43,-12.16,111.66
101790,0.319,0.600,11.047,0.2234,2.1527,0.0071,0.46,-10.64,111.90
101800,0.171,-0.101,11.260,0.1589,1.9287,0.0870,-0.20,-9.71,111.84
101810,0.215,0.283,10.746,0.1244,2.0694,0.0643,0.63,-8.45,111.72
101821,-0.644,0.140,10.625,-0.1353,2.1992,0.1612,-0.09,-7.33,111.78
101830,-0.328,-0.194,10.840,0.3688,2.1108,0.0222,0.46,-5.92,111.77
101840,-0.954,0.000,9.971,-0.6656,1.8101,0.0755,0.32,-4.93,111.80
101850,-0.618,0.037,9.759,-0.3490,1.1050,-0.0899,-0.31,-3.85,111.85
101860,-0.797,-0.281,9.710,0.4042,1.7278,0.0323,-0.11,-3.66,111.78
101870,-0.870,0.135,9.215,0.3442,2.0457,-0.0175,0.21,-1.89,111.89
101880,-1.241,0.290,9.148,0.0888,0.8884,0.0266,0.31,-1.30,111.76
101891,-1.176,0.378,8.378,-0.2885,1.7869,-0.0117,0.31,-0.87,111.71
101900,-1.471,-0.057,8.762,-0.6009,1.5479,0.0432,-0.07,0.70,111.80
101910,-1.460,-0.118,8.394,0.1121,1.2556,0.0985,-0.34,0.91,111.73
101920,-1.585,0.597,8.527,0.0647,1.4691,0.0180,0.06,2.13,111.98
101931,-1.295,0.292,8.104,-0.5467,1.3351,0.0717,-0.26,2.59,111.73
101941,-1.437,0.534,7.927,-0.0065,2.1241,0.0155,-0.59,3.68,111.80
101950,-1.606,-0.235,8.080,0.6454,1.5157,0.0107,-0.26,5.03,111.79
101961,-1.557,0.050,7.661,0.1284,0.9117,-0.0597,0.13,5.43,111.83
101971,-1.745,-0.056,7.518,-0.3848,0.9845,-0.0100,-0.10,6.06,111.73
101981,-1.694,-0.095,8.049,0.0292,1.5864,0.0445,-0.27,6.54,111.91
101990,-2.036,0.227,8.199,0.2614,1.5811,0.0109,-0.06,7.90,111.80
102000,-1.730,0.037,8.232,0.3765,1.2430,-0.0523,-0.01,8.36,111.82
102010,-2.182,0.003,8.001,-0.1421,1.9483,0.1272,0.39,9.33,111.65
102021,-2.081,-0.351,7.911,-0.0375,2.3394,-0.0598,-0.16,10.58,111.82
102031,-2.471,-0.444,8.249,0.3145,1.7335,0.0314,0.33,12.04,111.80
102040,-2.357,-0.256,9.012,-0.4586,0.8257,0.1169,0.20,12.57,111.88
102050,-2.437,-0.074,9.055,-0.4243,1.4099,-0.0289,-0.16,12.98,111.86
102061,-2.039,0.035,9.182,0.1403,1.3885,-0.0719,-0.28,14.19,111.78
102070,-2.601,0.067,9.724,0.4755,-0.3451,0.0356,-0.02,14.58,111.84
102080,-2.317,0.007,23.676,0.6107,-1.4186,-0.0643,0.27,13.80,111.79
102090,-2.407,0.492,19.905,0.3957,-2.0557,0.0118,0.67,12.97,111.81
102100,-1.396,-0.236,16.011,0.5893,-2.4249,-0.0712,0.71,11.46,111.89
102110,-1.726,-0.158,12.262,0.8530,-2.3091,-0.0165,1.33,10.21,111.75
102120,-1.651,0.511,10.638,0.9561,-2.4412,-0.0041,1.71,8.79,111.77
102130,-0.565,0.585,10.129,0.8678,-2.4777,0.0456,2.38,7.43,111.98
102141,-0.664,0.771,10.080,0.6145,-2.5777,0.0286,2.71,5.93,111.88
102151,-0.051,0.315,10.093,0.9012,-2.5469,-0.0003,3.08,4.51,111.81
102160,0.092,0.707,9.689,0.8383,-2.1835,-0.0202,3.74,3.05,111.73
102171,0.326,0.457,10.044,0.1755,-2.5650,-0.0075,4.04,2.00,111.73
102180,0.366,0.816,9.828,0.6243,-1.4911,-0.0427,3.93,0.11,111.82
102191,0.869,0.579,9.661,1.1091,-0.1115,0.0517,4.74,0.27,111.84
102201,0.544,0.491,9.997,0.8970,-0.1067,-0.0162,5.18,0.01,111.79
102211,1.290,0.743,9.715,0.3692,-0.1372,-0.0019,5.73,0.13,111.84
102220,1.142,1.265,9.873,0.2937,0.0650,-0.0521,5.65,-0.11,111.72
102230,0.389,1.321,9.971,0.8750,-0.0222,0.0322,6.10,0.21,111.72
102241,1.294,1.146,9.838,0.2729,-0.1239,-0.0770,6.63,-0.13,111.81
102251,0.981,1.120,9.671,0.0557,0.2728,0.0611,6.37,0.03,111.79
102260,0.930,1.280,9.774,0.4405,-0.5110,-0.0299,6.67,0.18,111.91
102271,1.144,0.967,9.826,0.7971,-0.2722,0.0729,6.86,-0.52,111.93
102281,1.409,1.026,9.905,0.9374,0.3569,-0.0274,7.56,-0.13,111.72
102291,1.525,1.298,9.996,0.4807,0.1263,0.0309,7.93,-0.12,111.85
102301,1.349,1.805,9.624,0.0937,0.3554,0.0462,8.05,0.03,111.65
102311,1.179,1.522,9.417,-0.2288,0.3494,-0.0065,8.07,0.27,111.77
102320,1.293,1.505,9.854,0.5832,-0.2111,-0.0193,7.78,0.43,111.74
102330,1.101,1.417,8.982,0.9321,0.1722,-0.0195,8.73,0.04,111.83
102341,1.243,1.145,10.182,-0.1149,0.1935,0.0393,8.88,0.65,111.85
102351,1.716,1.269,9.841,-0.2875,-0.5629,-0.0674,8.59,0.26,111.78
102360,1.133,1.537,9.344,0.1395,-0.6285,-0.0315,8.55,0.01,111.90
102371,1.874,1.844,10.045,0.1086,-0.3283,-0.0323,8.77,-0.48,111.78
102381,1.830,1.460,9.855,0.1686,0.7484,0.0135,8.67,-0.34,111.84
102391,1.545,1.151,9.654,0.2356,0.2956,0.0721,8.96,0.37,111.75
102401,1.306,1.791,10.101,0.0611,-0.3717,-0.0697,8.95,0.01,111.94
102410,1.611,1.352,9.893,0.0347,-0.0992,0.0132,9.02,-0.06,111.82
102421,1.322,1.283,9.658,-0.3525,-0.0292,-0.0030,8.99,-0.06,111.87
102430,1.179,1.508,9.351,-0.4546,-0.0021,0.0988,8.62,-0.12,111.87
102440,1.422,1.512,9.385,0.0562,0.0014,0.0634,8.49,-0.04,111.81
102451,1.170,1.523,9.320,0.1915,0.4561,0.0898,8.70,-0.10,111.72
102460,1.284,1.561,9.761,-0.3190,-0.1732,0.1362,8.71,0.46,111.76
102471,1.229,1.149,9.444,-0.9171,-0.5572,-0.0626,8.37,-0.29,111.77
102480,1.151,1.239,9.782,-0.1824,0.2836,-0.0542,7.65,-0.15,111.78
102491,0.962,1.396,9.697,0.3605,0.0461,-0.0060,8.20,-0.04,111.82
102500,0.944,1.231,9.810,0.0547,0.3479,0.0133,8.08,-0.10,111.87
102511,0.730,1.420,9.758,-0.2706,-0.2705,-0.0028,8.21,0.32,111.87
102520,1.047,1.194,9.948,-0.5392,-0.1081,0.0052,7.80,-0.41,111.66
102530,0.957,1.166,9.785,-0.5460,0.5109,-0.0399,7.57,0.19,111.81
102541,0.841,1.707,9.944,-0.5609,0.1840,-0.0045,7.17,0.17,111.71
102550,0.466,1.234,9.500,-0.6518,-0.3684,-0.0231,6.95,0.38,111.95
102560,0.507,1.426,10.120,-0.3213,-0.5632,0.0452,6.46,-0.22,111.81
102571,0.618,1.216,9.763,-0.0973,-0.9038,-0.1011,6.60,-0.29,111.67
102581,0.680,1.163,10.349,0.0482,-2.1002,0.0980,6.35,-1.26,111.83
102590,0.430,1.802,10.679,-0.9833,-2.8824,0.0285,6.67,-2.69,111.95
102601,1.172,1.261,11.195,-0.5595,-3.1015,-0.0152,5.23,-4.56,111.86
102611,1.149,0.905,11.484,-0.5954,-2.5105,0.0597,6.03,-6.22,111.78
102621,1.132,1.129,11.711,-1.4529,-2.7135,0.0484,4.51,-7.45,111.68
102630,1.611,0.849,12.210,-0.6129,-3.1106,0.0566,4.40,-9.34,111.82
102641,2.115,0.631,12.725,-0.5373,-2.9638,0.0569,3.81,-10.98,111.81
102651,2.219,0.521,12.576,-0.3372,-2.8007,0.0136,3.79,-12.72,111.93
102660,2.244,0.591,13.551,-0.9964,-2.3703,0.0133,3.42,-14.20,111.76
102671,2.482,0.425,13.844,-1.1682,-2.8288,-0.0139,2.67,-15.44,111.91
102680,2.664,0.049,14.205,-0.7104,-2.9816,-0.0816,2.09,-17.48,111.81
102690,2.607,0.609,13.631,-0.3040,-2.7089,0.0241,1.80,-18.84,111.94
102700,2.785,0.527,13.827,-1.3234,-3.1764,-0.0334,1.74,-20.61,111.81
102710,3.186,0.279,13.089,-1.2866,-2.6848,0.1201,0.30,-22.44,111.73
102721,2.887,0.227,12.293,0.0355,-2.6970,-0.0395,0.29,-23.68,111.90
102731,3.237,0.031,11.975,0.0920,-2.4370,-0.0762,0.37,-25.56,111.83
102740,3.322,-0.082,10.890,-0.1830,-2.6331,0.0285,0.40,-26.47,111.80
102750,3.614,0.184,10.792,-0.3845,-3.1201,-0.0323,0.14,-28.54,111.92
102760,4.405,0.337,9.824,0.0074,0.0000,-0.0629,-0.03,-30.09,111.89
102771,3.606,-0.299,9.802,0.0534,2.2174,-0.0097,0.15,-28.52,111.79
102781,3.313,-0.007,9.706,-0.0869,2.0495,0.0027,0.03,-27.56,111.64
102790,3.312,0.704,10.128,-0.3291,2.6444,0.0326,0.06,-26.20,111.71
102801,2.617,-0.086,10.366,-0.3656,2.7049,0.0310,-0.38,-24.55,111.78
102810,2.944,-0.139,11.130,0.0971,1.4944,-0.0144,-0.33,-23.12,111.69
102821,2.316,-0.032,10.736,0.3675,1.8493,-0.0714,-0.28,-22.86,111.93
102831,1.823,0.220,11.046,0.0568,2.4166,-0.0009,0.09,-20.96,111.79
102841,1.854,-0.229,11.242,-0.0245,1.9923,0.0720,-0.23,-20.11,111.96
102850,1.685,-0.055,11.388,0.0087,2.3616,0.0078,0.07,-18.69,111.83
102860,1.595,-0.020,11.196,-0.3167,2.5138,0.0595,-0.19,-17.45,111.80
102870,1.530,0.007,11.411,0.2111,2.0075,0.0554,-0.25,-15.79,111.90
102881,0.826,0.193,11.670,-0.0163,1.9508,-0.0376,0.07,-15.19,111.73
102890,0.834,-0.331,11.357,0.0231,2.1619,0.0077,-0.26,-13.57,111.72
102901,0.980,0.320,10.926,0.2621,2.4883,0.0266,0.11,-12.70,111.89
102910,0.425,-0.438,11.118,0.0683,2.6063,-0.0689,0.04,-10.77,111.87
102920,0.219,0.105,11.038,0.0724,1.6540,0.0314,0.20,-9.69,111.84
102930,-0.288,-0.022,10.981,-0.3354,2.0001,-0.0576,0.13,-8.84,111.73
102941,-0.120,0.115,10.235,0.0759,2.1905,0.0398,-0.15,-7.45,111.82
102950,-0.541,-0.069,10.350,0.1183,2.3264,0.0272,0.24,-6.31,111.86
102961,-0.515,-0.026,10.111,0.1931,1.8307,0.0726,-0.02,-4.79,111.83
102970,-0.430,0.086,9.802,-0.0524,1.7307,0.0040,0.48,-4.23,111.76
102980,-0.616,-0.151,9.392,-0.5157,1.6240,-0.0304,-0.08,-2.79,111.81
102991,-0.736,0.042,9.453,-0.0962,1.1569,0.0357,-0.11,-2.40,111.75
103001,-1.038,-0.191,8.870,0.4855,1.6560,-0.0381,-0.13,-1.43,111.86
103010,-1.382,0.356,8.612,-0.2463,1.5941,-0.0202,0.43,-0.51,111.75
103020,-1.250,0.207,8.136,-0.3487,1.2687,0.0079,-0.39,0.39,111.86
103030,-1.199,0.268,8.471,0.9273,2.1234,0.0135,0.05,0.93,111.80
103040,-1.992,0.247,7.774,0.4234,1.7274,0.0636,0.71,2.80,111.73
103051,-1.672,0.160,8.094,-0.5676,1.2068,-0.0145,0.53,2.91,111.77
103061,-2.040,-0.275,7.554,-0.4185,1.6192,-0.0516,0.03,4.19,111.95
103070,-2.147,0.186,7.315,0.3035,1.0534,-0.0919,0.05,4.82,111.68
103080,-1.714,0.118,7.727,0.1148,1.7190,0.0002,0.35,5.38,111.99
103091,-1.708,0.089,7.787,-0.0125,1.7764,0.0136,0.19,6.76,111.69
103100,-1.812,0.053,7.949,-0.2299,1.2521,0.0311,0.36,7.42,111.79
103111,-1.907,-0.256,8.398,-0.0342,1.7978,-0.0873,-0.05,8.24,111.84
103120,-1.628,-0.001,7.514,-0.1463,1.8181,0.0195,0.32,9.48,111.88
103131,-2.184,0.113,8.163,-0.6390,1.5383,-0.0624,-0.20,10.34,111.87
103141,-2.625,-0.016,8.477,0.2372,1.9200,0.0864,-0.44,11.25,111.77
103151,-2.479,0.105,8.246,0.4607,1.8532,-0.0056,0.04,12.54,111.69
103160,-2.209,-0.581,8.906,-0.1187,0.9287,-0.0426,0.11,13.34,111.78
103171,-2.514,0.342,9.005,0.1495,1.4497,-0.0674,-0.09,13.61,111.63
103181,-2.279,-0.141,9.208,0.7893,0.3605,0.0329,0.31,15.01,111.81
103191,-2.356,-0.254,21.807,0.4547,-2.2303,-0.0278,0.80,14.02,111.83
103200,-2.274,0.452,17.861,0.5007,-1.9662,-0.0292,0.84,12.44,111.85
103210,-1.701,0.328,14.256,0.5523,-2.3166,0.1034,1.37,11.76,111.88
103220,-1.242,0.331,11.455,0.6174,-2.7386,0.0495,1.45,9.80,111.78
103231,-1.091,0.431,10.365,0.8216,-2.6590,0.0045,2.13,8.61,111.68
103240,-0.291,0.321,9.830,0.9107,-2.1147,0.0661,2.41,6.77,111.74
103251,-0.468,0.430,9.837,0.9134,-1.8624,-0.1076,3.16,6.18,111.86
103261,0.027,0.224,9.722,0.6738,-3.1022,-0.0527,3.45,4.66,111.76
103271,0.386,0.643,10.112,1.1961,-3.2720,-0.0156,3.95,2.61,111.79
103280,0.602,0.633,10.396,0.7754,-1.8804,-0.0986,4.85,0.94,111.75
103290,1.007,0.713,9.877,0.6952,-1.0125,-0.0477,4.86,0.45,111.70
103301,0.980,1.031,10.376,1.1256,-0.5589,0.0189,5.61,-0.22,111.87
103311,1.161,0.898,9.558,0.2809,0.0984,-0.0017,6.19,-0.19,111.76
103320,1.281,0.970,9.968,0.4509,0.3281,0.0264,5.93,-0.11,111.92
103330,0.817,1.192,9.287,0.9046,0.0988,0.0118,6.67,0.21,111.83
103340,0.879,0.888,9.405,0.2555,-0.2833,-0.0772,6.99,-0.06,111.71
103351,1.298,0.834,9.251,-0.0493,0.0253,-0.0213,6.95,-0.13,111.72
103361,1.277,1.579,9.423,1.1937,0.2708,-0.0688,6.93,-0.04,111.77
103370,1.049,1.478,9.432,1.5577,-0.1067,0.0596,8.32,0.17,111.88
103380,1.356,1.402,9.940,-0.1076,0.0588,-0.0115,8.73,-0.14,111.88
103390,1.026,1.199,9.707,0.2338,-0.0606,-0.0330,8.20,0.22,111.77
103401,1.960,1.320,10.135,-0.0854,-0.5174,0.0619,9.02,-0.19,111.84
103410,0.996,1.567,9.651,0.3034,-0.1263,0.0560,8.11,-0.42,111.75
103421,1.670,1.441,9.583,1.0378,0.6698,0.0035,9.37,-0.36,111.79
103431,1.853,1.261,9.650,-0.2983,0.2072,-0.0345,9.31,0.37,111.81
103440,1.479,1.857,9.844,-0.1241,-0.2693,0.0421,9.00,-0.11,111.87
103450,1.394,1.207,9.711,0.5698,0.2319,-0.0702,9.20,0.08,111.96
103461,1.387,1.841,9.776,0.7341,0.1503,0.0463,9.63,0.14,111.85
103471,1.771,1.605,9.765,0.4555,-0.1311,-0.0115,10.06,0.29,111.88
103481,0.995,1.761,9.897,-0.1229,-0.0297,-0.0093,10.13,-0.03,111.94
103491,1.990,1.228,10.048,0.1346,0.0064,-0.1118,9.95,0.24,111.96
103500,1.507,1.848,9.337,-0.0532,-0.0320,0.0142,10.31,-0.04,111.83
103511,1.407,2.184,9.653,-0.4713,0.0578,-0.0067,9.90,0.20,111.74
103521,1.212,1.668,9.705,0.1004,-0.0201,-0.0362,9.79,0.08,111.68
103530,1.056,1.606,9.948,0.3722,0.2180,-0.0118,10.03,0.15,111.80
103541,1.868,1.926,9.539,-0.1682,-0.4024,0.0187,10.24,0.34,111.64
103550,1.693,1.804,9.967,-0.4588,-0.4147,0.0776,9.81,-0.29,111.94
103560,1.525,1.911,9.890,-0.2449,0.1416,0.0906,9.71,-0.17,111.79
103571,1.201,1.425,9.873,-0.1137,0.5047,-0.0123,9.55,-0.13,111.89
103580,1.010,1.812,9.562,-0.6465,-0.0418,0.0408,9.58,0.40,111.69
103590,1.253,1.424,9.685,0.1042,-0.7020,-0.0094,8.82,-0.17,111.81
103601,1.191,1.573,9.516,0.2353,0.3694,-0.0109,9.71,-0.40,111.85
103611,1.079,1.467,9.520,-0.6795,0.2765,0.0647,9.08,0.25,111.88
103621,1.110,1.484,9.429,-0.0028,-0.3036,0.0409,8.91,-0.06,111.85
103631,0.650,1.627,9.721,-0.2315,-0.2201,-0.0232,9.07,-0.09,111.76
103640,0.474,1.171,9.854,-0.5049,-0.1679,-0.0168,8.63,-0.27,111.74
103651,0.709,1.482,9.949,-0.8321,-0.1057,0.0066,8.51,-0.31,111.86
103660,1.009,1.654,9.813,-0.9762,0.7449,0.0371,7.68,-0.37,111.86
103670,0.187,1.195,9.859,-0.4516,0.5479,-0.0245,7.38,0.57,111.67
103680,0.355,1.070,10.161,-0.9621,-2.1372,0.1046,7.20,0.30,111.85
103691,0.640,1.030,10.258,-0.9863,-2.7226,0.0434,6.27,-1.90,111.87
103700,0.377,1.021,10.466,-0.3256,-2.5952,0.0734,6.08,-2.84,111.78
103710,0.889,1.573,10.832,-0.6810,-2.8466,-0.0003,5.91,-4.94,111.93
103720,1.549,0.678,11.275,-0.3815,-2.6186,-0.0049,5.31,-6.11,111.85
103731,1.475,0.921,11.518,-0.7949,-3.0660,0.0398,5.49,-7.92,111.86
103741,1.721,0.733,12.116,-0.8063,-2.7890,-0.0598,4.39,-9.59,111.66
103751,1.944,1.116,12.299,-0.5849,-3.1838,-0.0517,4.53,-11.15,111.77
103761,1.823,0.627,13.222,-1.0056,-2.7802,-0.0108,3.72,-13.21,112.03
103770,2.062,0.754,13.240,-0.2517,-2.3157,-0.0102,3.38,-14.34,111.82
103781,2.475,0.788,13.325,-0.6971,-2.7012,0.0441,3.45,-15.85,111.74
103790,2.559,0.147,13.147,-0.8576,-2.7461,0.0016,2.53,-17.42,111.74
103801,2.427,0.284,13.071,-0.8563,-2.6354,0.0444,2.46,-19.06,111.86
103810,3.059,0.347,13.079,-0.9758,-3.0060,-0.0275,1.55,-20.47,111.80
103821,3.218,0.225,12.461,-0.8922,-3.1118,0.0089,1.33,-22.49,111.86
103831,2.688,0.023,12.419,-1.4175,-2.6759,0.0595,0.52,-24.02,111.80
103840,3.243,-0.072,11.536,-0.6401,-2.4311,0.0048,-0.26,-25.59,111.81
103850,3.632,-0.108,10.985,0.1142,-2.6126,-0.0030,-0.26,-26.82,111.74
103861,3.907,-0.227,10.075,0.2669,-2.6832,0.0797,-0.15,-28.60,111.83
103871,3.751,0.061,9.315,0.1902,0.2880,-0.0088,0.03,-29.89,111.85
103881,3.436,0.681,10.369,0.1674,2.8186,0.0412,0.04,-28.28,111.83
103890,3.406,-0.414,10.396,-0.1790,2.2896,-0.0252,0.21,-26.66,111.73
103901,3.056,0.320,10.335,-0.1809,1.5463,0.0222,-0.20,-25.66,111.92
103910,2.825,0.240,10.088,0.0640,2.0082,0.0234,-0.01,-24.92,111.87
103921,2.754,0.170,10.677,0.2931,2.0802,-0.0094,-0.13,-23.32,111.92
103930,2.371,-0.253,10.955,0.1912,1.9590,-0.0051,0.28,-22.52,111.78
103940,2.304,-0.018,10.662,0.0151,2.2754,-0.0598,0.10,-21.08,111.83
103951,2.030,0.420,11.342,-0.4322,2.2008,-0.0158,0.29,-19.93,111.86
103960,1.446,0.041,11.282,-0.0121,2.2870,-0.0363,-0.38,-18.50,111.62
103971,0.982,0.018,11.407,0.2543,1.8667,-0.0649,0.25,-17.30,111.72
103980,1.435,-0.005,11.738,-0.0515,2.3577,-0.0578,-0.09,-16.34,111.81
103990,1.706,-0.083,11.185,-0.1020,2.8577,0.0084,0.20,-14.57,111.89
104000,0.845,-0.110,11.570,-0.0691,2.1831,0.0320,-0.23,-13.04,111.87
104010,0.662,-0.125,11.530,0.1792,1.9146,-0.0019,0.13,-12.05,111.83
104020,0.672,0.238,11.299,-0.3029,1.9413,-0.0128,-0.06,-10.86,111.77
104031,0.055,0.065,11.002,-0.3058,2.0622,-0.0479,-0.22,-9.83,111.83
104041,0.370,-0.380,11.125,0.6266,2.2364,-0.0316,-0.35,-8.50,111.77
104050,-0.440,0.257,11.021,0.3305,2.3151,-0.0477,0.47,-7.25,111.70
104061,0.007,-0.203,10.412,-0.2820,2.6767,-0.0544,0.06,-5.84,111.92
104071,-0.894,0.059,10.123,-0.6758,1.6193,-0.0168,0.13,-4.19,111.93
104081,-0.814,-0.050,9.888,-0.2940,0.6155,-0.1187,-0.72,-3.99,111.87
104090,-0.773,-0.416,9.700,0.7711,1.8058,0.1260,-0.23,-3.47,111.80
104100,-0.941,0.433,8.939,0.0528,2.4796,0.0361,0.15,-1.93,111.81
104111,-1.336,-0.179,8.346,-0.3111,1.4634,-0.0392,-0.20,-0.64,111.71
104121,-1.178,-0.050,9.013,0.2065,1.1172,-0.0508,-0.22,-0.25,111.81
104131,-0.842,0.309,8.381,-0.0197,1.2233,0.0157,0.03,0.67,111.69
104140,-1.512,0.293,7.776,-0.2124,1.3498,-0.0350,-0.26,1.16,111.61
104151,-1.574,-0.287,8.115,0.0027,2.0300,0.0329,-0.22,2.20,111.76
104161,-1.307,-0.267,7.865,0.2571,1.2785,0.0542,-0.27,3.50,111.67
104170,-1.831,0.230,7.463,0.0643,1.3838,0.0618,0.08,3.66,111.83
104180,-1.955,-0.058,7.849,0.2879,2.0518,-0.0808,-0.21,5.08,111.73
104191,-1.282,-0.084,7.850,-0.2142,1.2328,-0.0059,0.34,6.05,111.89
104200,-1.866,-0.387,7.866,-0.2376,1.5324,0.0289,-0.45,6.51,111.82
104210,-1.730,-0.365,7.689,0.5446,1.9055,0.0716,0.12,7.79,111.81
104221,-2.255,-0.125,7.984,-0.5692,1.5183,0.0180,0.17,8.72,111.73
104230,-1.609,-0.176,8.419,-0.2098,1.5368,-0.0178,-0.51,9.50,111.85
104240,-1.930,-0.466,7.841,0.2320,1.6256,-0.0702,-0.07,10.53,111.79
104250,-2.040,-0.070,8.205,-0.1644,1.1367,0.0210,-0.26,11.36,111.64
104260,-2.448,0.266,9.088,0.5558,1.5087,0.0370,-0.28,11.82,111.75
104271,-2.060,0.351,9.068,0.3362,2.0644,-0.0668,0.37,13.05,111.85
104281,-2.269,-0.046,9.356,-0.5474,2.0265,0.0204,0.09,14.19,111.75
104290,-2.413,-0.210,23.083,-0.0399,-0.2906,0.0018,-0.22,15.38,111.70
104300,-1.735,-0.044,21.089,1.0422,-2.9216,0.1017,0.11,13.84,111.79
104311,-1.486,0.234,17.956,0.8282,-1.8931,0.0521,0.99,12.02,111.82
104320,-1.185,0.464,14.552,0.7025,-2.3797,-0.0132,1.09,11.69,111.75
104331,-1.085,0.839,11.466,1.0944,-3.5203,-0.0352,1.80,9.30,111.95
104340,-0.666,0.786,10.305,0.6562,-2.6347,0.0398,2.38,7.69,111.68
104351,-0.121,0.722,9.555,0.3430,-1.8249,-0.0291,2.52,6.30,111.76
104361,-0.534,0.506,10.163,0.3153,-2.6138,0.0610,2.74,5.62,111.74
104371,0.072,0.195,9.740,0.8999,-2.5789,-0.1241,2.89,3.30,111.82
104381,0.080,0.447,9.743,1.2030,-2.1391,0.1069,3.74,2.67,111.74
104390,1.016,0.897,9.451,-0.1547,-1.9776,0.0204,4.26,0.81,111.87
104401,0.752,0.634,9.587,0.3842,-1.0477,0.0087,3.56,0.38,111.65
104410,0.583,0.747,9.847,1.4453,-0.7842,-0.0707,4.73,-0.37,111.83
104421,1.088,0.842,9.740,-0.0612,0.4844,0.0455,5.19,-0.51,111.73
104431,0.507,0.605,9.920,0.5549,0.2372,0.1232,4.63,0.18,111.87
104440,1.461,0.714,9.967,0.8837,-0.4229,-0.0126,5.82,-0.21,111.91
104451,1.521,0.869,10.129,0.5904,0.1864,-0.0070,5.65,-0.31,111.73
104460,1.210,1.134,9.908,1.2577,-0.0269,0.0245,6.49,-0.01,111.74
104470,1.327,1.151,9.855,-0.0201,0.2210,0.0615,7.10,-0.31,111.95
104481,1.160,0.840,9.812,-0.2335,0.1095,0.0593,6.48,0.25,111.80
104491,1.387,0.904,9.690,0.7101,-0.5101,-0.0039,6.81,-0.21,111.78
104510,1.604,1.515,9.344,0.0278,0.4089,-0.0305,7.38,-0.57,111.69
104520,1.090,1.305,9.562,0.4998,0.5830,0.0286,7.28,0.15,111.85
104531,1.345,1.383,9.729,0.3993,0.0078,-0.0248,7.94,0.13,111.84
104540,1.730,1.260,9.399,0.3171,-0.4812,-0.0535,7.73,0.17,111.78
104551,1.813,1.426,8.982,0.1605,-0.3148,-0.0541,8.28,-0.41,111.90
104560,1.654,1.458,9.467,0.3865,0.5510,-0.0310,7.92,-0.18,111.80
104570,1.386,1.258,9.566,0.4956,0.1660,0.0601,8.74,0.25,111.65
104581,1.227,1.827,9.962,-0.5106,0.0967,-0.0621,8.46,0.01,111.85
104591,1.783,1.563,9.914,-0.0717,-0.0029,-0.0366,8.10,0.39,111.75
104600,1.444,1.193,9.209,0.6040,-0.2190,0.0660,8.37,-0.01,111.81
104610,1.307,1.166,9.820,0.1899,-0.1778,-0.0331,8.79,0.12,111.79
104621,0.799,1.689,10.429,0.1374,-0.1485,-0.0162,8.56,-0.22,111.76
104630,1.622,1.451,9.697,0.1282,0.3325,-0.0153,8.96,-0.05,111.77
104640,1.459,1.624,9.988,-0.5742,-0.0458,-0.0291,8.73,0.13,111.79
104651,1.572,1.502,9.668,0.0592,-0.4682,-0.0418,8.29,-0.11,111.68
104661,1.601,1.510,9.596,-0.2636,0.1212,0.0006,8.80,-0.40,111.86
104671,1.111,1.853,9.752,-0.7131,0.2957,-0.0233,8.01,0.06,111.70
104680,1.471,1.165,9.898,0.1830,-0.0929,0.0156,7.99,-0.08,111.71
104690,1.358,2.086,9.487,0.2439,-0.2155,-0.0555,8.21,-0.06,111.76
104701,0.998,0.950,9.787,-0.5623,-0.5776,-0.0441,8.29,-0.31,111.87
104711,0.930,1.241,10.344,-0.8632,0.6940,-0.0272,7.56,-0.70,111.87
104720,0.944,1.437,9.603,-0.1042,0.5350,0.0789,7.29,0.46,111.95
104731,0.996,1.503,9.713,-0.2571,-0.3685,0.0154,7.46,-0.10,111.84
104740,0.413,0.918,9.472,-0.5524,0.2640,0.0148,6.97,0.04,111.83
104751,0.628,1.062,9.665,-0.1777,-0.1515,0.0599,6.81,0.17,111.84
104760,0.817,0.464,10.455,-0.7522,-0.3860,-0.0510,6.76,-0.11,111.84
104770,0.726,1.427,10.140,-0.8705,-0.7944,-0.0433,5.94,-0.31,111.82
104780,0.725,1.253,10.186,-0.2668,-1.5040,0.0469,5.78,-1.04,111.77
104790,0.694,1.068,10.948,-0.1526,-2.7004,0.0314,5.66,-2.02,111.69
104800,1.323,0.744,10.446,-0.6123,-3.1052,0.0780,5.62,-4.13,111.79
104811,1.028,1.298,10.818,-1.1616,-2.9866,-0.0381,4.96,-5.58,111.97
104820,1.408,0.684,11.674,-0.6107,-2.6299,0.0290,4.29,-7.55,111.95
104831,1.487,1.121,12.063,-0.3627,-2.3924,-0.0891,4.24,-8.61,111.87
104841,1.930,1.063,12.483,-0.9972,-3.5360,-0.0330,3.88,-10.31,111.82
104851,1.607,0.066,13.217,-0.4921,-3.2117,0.0071,3.08,-12.66,111.67
104860,1.920,0.844,13.000,-0.8783,-2.0774,-0.0224,3.30,-13.97,111.79
104870,2.171,0.242,13.674,-0.6541,-2.7173,-0.0524,2.08,-15.05,111.68
104881,2.277,0.588,13.241,-0.2984,-3.1143,0.0024,2.56,-17.09,111.92
104891,2.807,-0.070,13.189,-1.3641,-2.7023,-0.0193,1.72,-18.68,111.86
104901,2.482,-0.035,13.398,-0.3052,-3.0309,-0.0828,0.96,-20.17,111.59
104911,2.994,0.154,12.518,-0.2677,-3.2361,-0.1352,1.40,-22.13,111.87
104920,3.167,0.001,12.574,-1.2181,-2.3872,0.0084,0.60,-23.85,111.72
104931,3.349,-0.033,11.707,-0.5471,-3.0785,0.0678,-0.02,-24.86,111.81
104941,3.347,0.206,10.787,-0.1448,-3.2362,-0.0164,-0.06,-27.38,111.85
104950,3.724,0.314,9.757,-0.2418,-2.1830,-0.0306,-0.19,-28.55,111.77
104971,3.595,0.038,9.354,0.0807,2.2471,-0.0363,0.24,-28.55,111.84
104981,3.774,-0.372,9.715,-0.1146,2.5938,-0.0259,-0.20,-27.27,111.70
104991,2.549,0.046,9.918,0.2505,2.5342,0.1571,0.13,-25.58,111.79
105000,2.207,0.091,10.146,-0.1679,1.7296,0.0375,0.08,-24.37,111.81
105010,2.723,-0.121,10.798,-0.1449,2.1096,0.1215,-0.08,-23.60,111.77
105021,2.559,-0.274,10.738,-0.2903,2.8166,-0.0515,-0.08,-21.93,111.77
105030,1.873,-0.268,11.125,-0.0636,2.3187,-0.0532,-0.44,-20.43,111.75
105040,1.498,0.416,10.632,0.2910,2.1302,-0.1079,-0.18,-19.30,111.82
105050,1.633,0.318,11.299,0.3946,1.9202,0.0633,-0.13,-17.95,111.69
105060,1.321,-0.146,11.734,0.2994,1.8498,-0.0837,0.26,-17.14,111.70
105070,1.373,-0.152,11.463,0.0168,2.5942,-0.0208,0.22,-15.80,111.74
105081,0.471,0.326,11.783,-0.3449,2.6488,-0.0741,0.23,-14.16,111.69
105091,0.829,0.381,11.211,-0.2332,1.9012,0.0619,-0.17,-12.77,111.82
105101,1.029,0.606,11.100,0.2061,1.9248,-0.0749,-0.06,-11.94,111.84
105111,0.260,0.190,10.829,0.3000,2.4540,-0.0210,0.03,-10.54,111.91
105120,-0.222,0.093,10.936,-0.1649,2.0348,-0.0648,0.33,-9.13,111.77
105131,-0.166,-0.057,11.212,-0.0940,2.1012,-0.0194,-0.14,-8.22,111.85
105141,-0.102,-0.306,10.251,0.6567,2.5109,0.0995,0.23,-6.69,111.86
105150,-0.321,-0.055,10.255,-0.6395,1.9411,-0.0028,0.64,-5.39,111.87
105160,-0.624,-0.121,10.042,-0.3718,1.6786,0.0415,-0.52,-4.48,111.68
105170,-0.868,0.209,9.871,0.6659,1.7889,0.0249,0.18,-3.49,111.78
105180,-0.965,0.032,9.598,-0.3685,1.8291,0.0294,0.23,-2.42,111.60
105190,-1.207,-0.139,9.160,-0.2066,1.8716,-0.0274,-0.26,-1.39,111.71
105200,-1.135,-0.285,8.923,-0.0173,1.7300,0.0361,-0.02,-0.28,111.83
105211,-1.724,0.231,9.102,0.0614,1.2194,0.0136,-0.27,0.56,111.79
105221,-1.631,-0.096,8.345,0.2613,1.2814,0.0197,0.05,1.14,111.69
105230,-1.007,0.344,8.201,-0.1816,1.7599,0.0592,-0.03,2.02,111.83
105241,-1.417,0.101,8.468,0.0782,1.8182,0.0084,-0.14,3.19,111.93
105250,-1.310,0.364,7.871,0.3732,1.6333,-0.0175,0.07,4.09,111.90
105260,-1.824,-0.085,7.609,0.0469,1.3316,-0.0525,0.29,5.10,111.67
105271,-1.614,-0.567,7.781,-0.1698,1.5323,-0.0519,0.11,5.58,111.72
105280,-2.059,-0.282,7.145,0.1799,1.9298,0.0157,0.10,6.87,111.77
105291,-2.396,0.064,8.223,-0.4315,1.6982,-0.0552,0.30,7.84,111.82
105300,-1.563,-0.264,7.571,-0.1664,1.2185,0.0914,-0.42,8.78,111.87
105310,-1.720,-0.228,8.098,0.1818,1.4930,-0.0061,0.09,9.25,111.85
105320,-2.302,-0.306,8.375,-0.1717,1.7783,-0.0030,-0.22,10.49,111.79
105331,-2.223,-0.084,8.492,0.2534,1.8576,-0.0287,-0.08,11.34,111.84
105341,-1.948,-0.363,9.013,0.3801,2.0602,0.0816,0.08,12.66,111.67
105350,-2.711,0.360,8.862,-0.8409,0.7522,-0.1091,0.39,13.68,111.73
105360,-2.907,0.056,9.121,-0.1346,0.6877,-0.0746,-0.92,13.55,111.85
105371,-2.585,0.024,25.297,0.8765,-0.1157,-0.0449,0.23,14.49,111.70
105381,-1.940,-0.186,22.652,0.5691,-1.9583,-0.0824,0.10,13.40,111.68
105391,-1.739,-0.068,18.514,1.2560,-2.1297,-0.0169,0.90,12.24,111.76
105401,-1.632,0.464,14.419,0.2861,-2.9833,0.0257,1.53,10.97,111.73
105410,-0.628,0.301,11.323,0.3097,-2.5760,0.0203,1.21,8.81,111.83
105420,-1.077,-0.378,10.338,1.1911,-2.1286,-0.0389,1.87,8.01,111.85
105430,-0.564,0.708,9.885,0.6706,-2.3849,0.0889,2.55,6.33,111.77
105440,-0.113,0.442,9.821,0.1884,-1.9970,-0.0043,2.64,5.28,111.98
105451,0.353,-0.048,9.695,0.7865,-2.2790,-0.0001,2.77,4.06,111.81
105461,-0.193,0.857,9.936,0.6746,-2.2552,-0.0342,3.54,2.67,111.84
105470,0.287,0.395,9.551,0.6445,-1.9903,-0.0356,3.57,1.47,111.75
105480,1.139,0.753,10.335,0.9244,-1.3627,-0.0185,4.31,0.38,111.93
105490,0.759,0.845,9.584,0.2775,-0.9382,0.0015,4.64,-0.13,111.80
105501,1.238,0.821,9.977,0.6020,-0.0662,0.0915,4.62,-0.71,111.83
105510,1.376,0.853,9.477,0.6942,0.6777,0.0023,5.33,-0.16,111.80
105521,1.176,1.016,9.838,0.6588,0.3129,0.0543,5.40,0.08,111.70
105530,1.173,0.749,9.818,0.5166,-0.5122,-0.0640,6.01,0.22,111.84
105541,1.168,1.183,9.754,0.1874,-0.4352,0.0179,5.99,-0.52,111.90
105550,1.451,0.941,10.359,0.6220,0.3545,-0.0338,6.26,-0.27,111.76
105560,1.337,1.008,9.682,0.9592,0.0585,-0.0268,6.72,-0.09,111.77
105570,1.077,1.022,9.751,0.3938,-0.1394,0.0013,7.34,-0.19,111.78
105580,1.153,1.085,10.034,0.3609,0.1164,0.0682,7.15,-0.25,111.85
105590,1.750,1.384,9.419,0.1948,0.3957,-0.0588,7.74,-0.05,111.78
105601,1.369,0.976,9.392,0.1577,0.2187,0.0099,7.36,0.24,111.88
105611,1.553,1.277,9.545,0.6005,-0.3633,0.0061,7.87,0.21,111.79
105620,1.566,1.489,9.879,0.1347,-0.3176,-0.0199,8.05,-0.18,111.84
105630,2.448,1.583,9.814,0.2760,0.2583,0.0013,8.01,-0.16,111.84
105640,1.889,1.306,9.798,0.1919,0.1490,-0.0546,8.36,0.11,111.86
105651,1.420,1.473,9.442,0.0972,-0.1525,-0.0066,8.22,0.04,111.74
105661,1.600,1.306,10.091,0.1165,0.1462,-0.0784,8.46,-0.06,111.77
105670,0.830,1.035,9.927,-0.4008,0.1511,0.0428,8.34,0.18,111.84
105681,1.463,1.753,9.823,0.0251,0.3552,-0.0660,8.01,0.12,111.83
105690,1.012,1.275,9.325,0.1253,0.0936,-0.0369,8.34,0.59,111.83
105700,1.363,1.375,9.661,-0.5003,-0.5291,0.0170,8.13,0.25,111.57
105711,1.578,1.071,9.634,0.4533,-0.2930,-0.0603,7.76,-0.03,111.95
105721,1.333,1.365,9.450,0.3560,0.4179,0.0141,8.65,-0.08,111.94
105731,1.212,1.465,9.600,-0.4787,-0.1209,-0.0142,8.13,0.48,111.69
105741,1.570,1.328,9.624,-0.2166,-0.2582,0.0399,8.09,-0.21,111.66
105751,1.226,1.270,9.853,-0.4607,0.6100,0.0476,7.93,0.20,111.81
105761,1.495,1.625,9.769,-0.2066,-0.0999,-0.0263,7.53,0.52,111.68
105770,0.727,1.561,9.223,0.4466,-0.4730,0.0603,7.67,0.11,111.74
105781,1.496,0.807,9.598,-0.3388,-0.3673,0.0427,8.08,-0.03,111.87
105790,0.579,1.374,10.470,-0.6037,0.0395,-0.0525,7.28,-0.30,111.64
105801,0.997,1.574,10.078,-0.2625,0.5685,-0.0166,7.40,-0.04,111.64
105811,0.714,1.170,9.809,-0.3150,0.0466,-0.0220,6.99,0.31,111.76
105821,0.817,1.448,9.932,-0.0804,-0.0930,-0.0566,7.03,0.04,111.77
105831,1.031,1.460,9.908,-0.0036,0.4114,0.0337,6.88,0.22,111.89
105841,0.564,1.357,9.678,-0.6185,-0.3376,0.0152,7.03,0.55,111.78
105850,0.558,1.347,10.043,-0.7430,-0.3615,0.0132,6.15,-0.17,111.69
105860,0.697,1.511,10.211,-0.7288,-0.3476,0.0007,6.20,0.14,111.73
105870,0.710,0.697,10.651,-0.6918,-2.8819,0.0654,5.27,-0.60,111.80
105880,1.154,0.555,11.142,0.0229,-3.2231,-0.0451,5.45,-3.15,111.79
105890,0.634,0.626,10.754,-0.1878,-2.5136,0.0274,5.28,-4.29,111.70
105901,1.175,0.752,11.026,-0.9712,-3.0997,-0.0160,5.24,-6.03,111.80
105911,1.474,0.532,12.201,-1.3110,-2.9825,-0.0126,4.22,-7.87,111.76
105921,1.355,0.739,12.777,-0.7855,-3.0337,0.0202,3.79,-9.43,111.91
105931,1.355,0.744,12.687,-0.7894,-2.4558,0.0209,3.32,-11.31,111.77
105940,1.810,1.053,13.488,-0.4938,-2.2297,0.0077,2.91,-12.24,111.57
105951,1.440,0.372,13.788,-0.5463,-3.2636,0.0560,2.78,-13.86,111.89
105960,2.323,0.669,13.918,-0.6321,-2.9525,0.0766,2.27,-15.99,111.83
105971,2.308,0.531,13.811,-0.7457,-2.4179,0.0797,2.08,-17.28,111.81
105980,2.805,-0.107,13.955,-0.2381,-3.2805,0.0366,1.38,-18.79,111.68
105990,3.233,-0.034,13.748,-0.2317,-3.5921,-0.0926,1.81,-20.99,111.84
106000,3.063,-0.169,12.807,-0.7184,-2.7009,-0.0342,1.15,-22.92,111.75
106010,3.082,0.024,12.585,-0.8035,-1.9741,-0.0388,0.98,-24.05,111.65
106020,3.301,0.399,11.680,-0.7999,-2.4571,-0.0579,0.24,-25.21,111.81
106031,3.412,-0.389,11.160,-0.6605,-3.1930,0.0347,0.04,-26.88,111.75
106041,4.087,-0.358,10.533,-0.1504,-2.5808,-0.0481,-0.54,-28.86,111.72
106050,3.994,-0.212,9.381,0.0480,0.4633,0.0983,-0.18,-29.88,111.83
106060,3.481,-0.017,9.895,-0.2145,2.5939,0.0013,-0.53,-28.28,111.72
106070,3.065,-0.341,9.725,0.5061,1.9911,-0.0132,-0.40,-26.95,111.70
106080,3.426,0.005,9.813,0.2798,2.2506,0.0269,0.05,-25.98,111.70
106091,2.998,-0.121,10.286,-0.0275,2.3533,0.0562,-0.08,-24.39,111.76
106101,2.632,-0.009,10.558,0.1405,2.0428,-0.0320,0.07,-23.28,111.82
106111,2.501,0.292,10.444,-0.1481,1.7083,-0.0934,0.10,-22.06,111.65
106120,2.085,0.180,11.139,0.7247,2.4872,-0.0892,-0.06,-21.32,111.73
106131,1.653,0.016,10.767,-0.0503,2.7093,0.0043,0.94,-19.19,111.68
106141,1.309,-0.029,11.390,-0.5666,1.6683,0.0605,-0.13,-18.17,111.93
106150,1.563,0.346,11.123,0.1067,2.2090,-0.0202,0.31,-17.23,111.66
106160,1.010,-0.030,11.337,-0.2866,2.3335,0.0556,-0.02,-15.64,111.72
106171,0.954,-0.163,11.348,0.2835,2.3874,-0.0172,-0.03,-14.56,111.76
106180,0.561,-0.114,11.481,0.2941,2.1015,0.0561,0.32,-12.90,111.73
106190,0.610,0.397,11.441,-0.4933,1.7621,0.0002,0.34,-12.14,111.82
106201,0.477,-0.145,11.141,-0.3536,2.2346,-0.0404,-0.20,-10.88,111.82
106211,0.180,-0.223,11.349,0.3983,2.2268,-0.0375,-0.06,-9.58,111.79
106221,-0.228,0.465,10.384,0.1080,2.6531,0.0367,0.23,-8.30,111.70
106231,-0.309,-0.255,10.671,-0.5377,1.9237,0.0873,0.06,-6.56,111.72
106241,-0.001,-0.458,10.701,-0.1166,1.6101,0.0660,-0.41,-6.11,111.77
106250,-0.303,-0.052,9.762,0.3509,2.1807,-0.0540,-0.08,-4.69,111.93
106260,-1.041,-0.158,9.977,-0.0714,1.7005,0.0075,-0.05,-3.62,111.77
106270,-1.146,-0.237,9.613,0.1991,2.0387,0.0002,-0.17,-2.74,111.73
106281,-0.777,-0.243,8.606,-0.1430,1.7150,-0.0494,0.18,-1.28,111.76
106290,-0.916,-0.517,8.832,-0.1316,0.5817,-0.0694,-0.35,-0.80,111.68
106301,-1.428,0.115,8.796,0.8254,1.2559,-0.0756,0.05,-0.61,111.83
106310,-1.003,0.077,8.497,0.1316,1.9843,-0.0312,0.62,0.62,111.85
106321,-1.391,0.217,7.684,-0.8555,1.8161,-0.0381,0.22,1.70,111.78
106330,-1.534,-0.466,8.027,-0.4428,1.6416,-0.0509,-0.35,2.70,111.52
106340,-1.795,0.210,8.114,0.2715,1.7276,-0.1190,-0.28,3.56,111.82
106351,-1.679,0.220,7.615,0.2855,1.8812,-0.0188,-0.05,4.65,111.79
106361,-1.841,0.281,7.923,0.1675,1.4808,0.1479,0.06,5.69,111.96
106370,-2.081,0.290,7.995,0.0674,1.1708,-0.0169,0.16,6.30,111.81
106381,-2.406,0.141,7.530,-0.0968,1.6884,-0.0097,0.15,7.05,111.79
106391,-2.112,-0.145,7.699,-0.2020,1.8468,0.0622,0.06,8.23,111.70
106401,-1.867,-0.253,8.016,-0.4522,1.6580,0.0043,-0.10,9.16,111.74
106410,-1.967,-0.234,8.053,0.2004,1.6047,0.0555,-0.44,10.11,111.55
106420,-2.331,-0.344,8.676,0.6428,2.4778,-0.0747,0.15,10.97,112.04
106430,-2.244,-0.280,8.219,-0.0242,1.8060,0.0877,0.32,12.96,111.81
106440,-2.836,0.283,8.799,0.2508,0.1060,-0.0442,0.16,13.02,111.84
106450,-2.344,0.225,9.007,0.3039,1.0702,0.0225,0.61,13.09,111.79
106461,-2.647,0.145,9.354,-0.0824,0.8334,-0.0404,0.52,14.27,112.02
106471,-2.470,-0.130,23.188,-0.3502,-1.1746,0.0081,0.50,14.02,111.82
106481,-1.865,0.353,20.138,0.4509,-2.3865,0.0095,0.14,12.96,111.76
106491,-1.274,0.457,15.788,1.4005,-2.5403,-0.0399,1.00,11.27,111.75
106501,-1.766,-0.056,12.432,0.6380,-2.1587,0.0554,1.78,10.04,111.81
106511,-1.239,0.424,11.075,0.7341,-2.3096,0.0376,1.74,8.80,111.94
106521,-1.011,0.360,9.720,0.9383,-2.2747,-0.0906,2.56,7.40,111.77
106530,-0.686,0.935,9.899,0.5449,-2.4278,0.0568,2.80,6.19,111.92
106541,-0.020,0.352,9.829,0.4770,-2.3891,-0.0026,3.17,4.58,111.95
106550,-0.178,0.612,9.770,0.6308,-2.4883,-0.0134,3.34,3.48,111.90
106560,0.175,0.538,9.696,1.2312,-2.5523,-0.0271,3.92,1.75,111.90
106571,1.252,0.846,10.084,0.7745,-1.7524,-0.0140,4.74,0.57,111.85
106580,1.224,0.779,9.529,0.2811,-0.1556,-0.0003,4.78,-0.23,111.90
106591,0.750,0.549,9.552,0.7235,0.6435,0.1041,5.06,0.38,111.79
106600,1.323,1.049,9.772,0.3185,-0.4216,0.0296,5.59,0.50,111.81
106610,1.381,0.700,9.560,0.2378,-0.4743,-0.0361,5.42,-0.08,111.82
106621,1.130,1.060,9.999,0.7394,-0.3349,-0.0149,5.87,-0.00,111.86
106630,1.269,0.799,9.596,0.3733,-0.0816,-0.0372,6.27,-0.46,111.77
106640,1.389,1.276,9.805,0.5568,0.4686,0.0428,6.32,-0.09,111.87
106651,1.233,0.892,9.718,0.0378,0.0263,0.0100,6.89,0.07,111.63
106661,1.329,1.031,9.856,-0.1574,-0.3806,-0.0115,6.38,-0.04,111.67
106670,1.123,1.434,9.565,0.8289,0.3321,-0.0863,6.69,-0.37,111.78
106680,1.561,1.334,9.992,0.6987,0.3463,0.0807,7.35,0.32,111.74
106691,1.200,0.882,9.759,0.3009,-0.8535,0.0473,7.50,0.03,111.77
106701,1.326,1.939,9.276,0.5245,-0.3228,0.0459,7.71,-0.61,111.90
106721,1.483,1.458,9.276,0.3174,-0.1102,0.0078,8.33,-0.40,111.74
106731,1.462,1.653,9.804,0.1136,0.2413,-0.0849,8.44,-0.45,111.81
106741,1.946,1.439,9.391,0.0455,0.1124,0.0815,8.45,-0.09,111.85
106751,1.499,1.351,9.818,-0.3374,-0.2430,0.0493,8.52,-0.32,111.79
106761,1.548,1.036,9.318,-0.1613,0.3118,-0.0155,8.05,-0.41,112.07
106771,1.472,1.304,9.586,0.5399,0.2298,0.0004,8.31,0.02,111.93
106780,1.486,1.383,9.480,0.4343,-0.1660,0.0808,8.66,-0.15,111.85
106791,1.415,1.643,9.986,-0.2833,-0.0733,-0.0010,8.84,-0.19,111.79
106801,1.490,1.314,9.810,-0.1567,0.1326,0.0102,8.38,-0.27,111.86
106811,1.593,0.979,9.732,0.5847,-0.0140,0.0429,8.64,-0.07,111.80
106821,1.584,1.390,9.569,0.4091,0.1965,0.0001,9.03,-0.23,111.77
106830,1.224,1.385,9.749,-0.3869,0.1252,0.0423,9.11,0.15,111.90
106841,1.648,1.335,9.596,-0.9557,-0.1685,0.0264,8.61,-0.11,111.96
106851,1.243,1.299,10.214,-0.2588,0.5117,0.0053,8.00,-0.04,111.84
106860,1.080,1.340,9.522,-0.2179,-0.3762,-0.0015,8.35,0.47,111.75
106871,1.464,1.736,9.523,-0.0659,-0.1243,-0.0523,7.73,-0.49,111.78
106881,0.775,1.403,9.951,-0.0096,0.4272,-0.0192,8.27,0.29,111.79
106891,1.042,1.082,9.743,-0.5006,-0.0160,-0.0878,7.71,-0.01,111.74
106900,0.765,1.007,10.104,-0.2975,0.1476,-0.0585,7.69,0.27,111.68
106910,0.952,1.509,9.624,-0.5050,-0.0903,-0.0302,7.33,0.17,111.80
106920,1.133,1.342,9.878,-0.0263,0.4071,-0.0322,7.10,0.18,111.60
106930,0.434,1.221,10.233,-0.7586,-0.0591,-0.0356,7.30,0.62,111.79
106941,0.376,1.272,10.386,-0.8910,-1.0992,-0.0512,6.27,0.10,111.87
106951,0.240,0.967,9.704,0.0911,0.0633,-0.0178,6.34,-0.64,111.75
106960,0.452,0.759,10.135,-0.1976,-1.4459,-0.0420,6.36,0.16,111.85
106971,0.615,0.726,10.396,-0.8334,-3.2400,0.0394,6.11,-2.26,111.87
106981,0.990,0.865,10.811,-1.1222,-2.5000,0.0449,5.41,-3.56,111.72
106990,1.154,0.773,10.859,-0.8084,-2.7164,0.0792,4.81,-5.13,111.76
107000,1.799,0.697,11.844,-0.3001,-2.8061,0.0404,4.51,-6.68,111.75
107010,1.839,0.930,11.516,-0.3387,-3.2387,0.0327,4.48,-8.35,111.91
107020,1.703,0.884,12.365,-0.7622,-2.8483,0.0324,4.08,-10.37,111.76
107031,2.113,0.211,12.766,-0.3937,-3.0006,-0.1067,3.63,-11.56,111.86
107041,2.253,0.145,13.320,-0.6714,-2.4559,0.0157,3.61,-13.81,111.87
107051,2.226,0.780,14.145,-1.2219,-2.2696,-0.0748,2.87,-14.38,111.83
107061,2.306,0.231,13.411,-0.8488,-3.7795,-0.0210,2.20,-16.42,111.65
107070,2.736,0.220,13.563,-0.6893,-2.9506,0.0637,1.87,-18.71,111.82
107081,2.428,0.146,13.459,-0.6214,-2.2608,0.0063,1.45,-19.81,111.70
107091,2.821,-0.296,13.218,-0.4255,-2.6531,-0.0166,1.14,-21.30,111.81
107100,2.735,0.263,12.614,-0.7610,-2.7944,-0.0290,0.96,-22.84,111.82
107111,3.207,-0.424,12.376,-0.9401,-2.7664,0.0225,0.29,-24.55,111.85
107121,3.608,-0.135,11.321,-0.2483,-3.1555,0.0961,-0.11,-26.02,111.92
107130,3.483,-0.084,10.017,-0.1871,-2.9598,0.0736,-0.02,-28.20,111.86
107140,3.612,-0.312,10.210,0.6887,-1.0652,-0.0581,-0.30,-29.44,111.96
107150,3.848,0.196,10.101,0.3759,1.2073,-0.0642,0.76,-29.41,111.85
107161,3.508,-0.221,9.416,-0.3103,2.0239,0.0056,0.14,-28.04,111.83
107171,2.920,0.537,10.162,-0.3822,2.3747,-0.0341,0.45,-27.09,111.81
107181,3.329,-0.107,10.460,-0.3039,2.7619,0.0546,-0.29,-25.31,111.74
107191,2.794,0.084,10.765,0.3473,2.2229,0.0613,0.10,-23.93,111.71
107200,2.523,-0.030,10.999,0.2269,1.7252,0.0381,0.11,-22.77,111.80
107210,2.445,0.266,10.610,-0.0916,2.0647,-0.0756,0.33,-21.96,111.65
107221,2.174,-0.163,11.049,-0.7719,2.2544,-0.0499,-0.01,-20.38,111.87
107230,1.797,-0.120,11.198,0.0318,1.7760,0.0322,-0.57,-19.37,111.64
107241,1.611,-0.297,11.252,0.3719,2.7448,0.0199,-0.01,-18.33,111.79
107251,1.347,-0.192,11.385,-0.2067,2.1124,0.0130,-0.10,-16.20,111.70
107260,0.735,-0.124,12.042,-0.3287,1.9679,0.0199,-0.26,-15.96,111.63
107270,1.265,0.059,11.513,0.5287,2.9025,0.0568,-0.46,-13.98,111.94
107281,0.890,0.205,11.208,0.5304,1.8479,-0.0559,0.37,-12.68,111.84
107290,0.788,-0.204,11.014,-0.2913,2.1678,-0.0468,0.12,-11.85,111.91
107300,0.275,-0.079,11.099,-0.2940,2.1603,-0.0222,0.04,-10.23,111.89
107310,-0.233,0.111,10.792,-0.0139,2.1154,0.0601,-0.18,-9.40,111.65
107320,-0.027,0.101,10.726,0.5972,2.4796,0.0772,0.02,-7.83,111.85
107330,-0.482,-0.019,10.641,0.4670,2.2097,0.0195,0.52,-6.58,111.80
107340,-0.600,0.353,10.096,-0.4723,1.8013,-0.0259,0.54,-5.29,111.78
107350,-0.636,-0.033,10.018,-0.7635,0.8122,0.0550,-0.02,-4.51,111.89
107360,-0.677,-0.277,9.313,-0.2961,2.1476,-0.0237,-0.37,-4.38,111.80
107371,-0.952,-0.114,9.425,0.3791,2.4978,0.0171,-0.30,-2.03,111.78
107380,-0.721,0.155,9.323,0.4096,1.5971,-0.0166,0.07,-1.50,111.80
107390,-1.128,0.181,8.782,0.1154,1.7023,0.0427,0.17,-0.19,112.04
107401,-1.488,0.237,8.607,0.2569,1.4262,0.0669,0.18,0.47,111.81
107410,-1.748,-0.325,8.388,-0.1089,1.5210,0.0633,0.44,1.47,111.86
107420,-1.043,-0.464,8.140,-0.1559,1.1925,-0.0816,0.04,2.22,111.81
107431,-1.932,0.001,7.796,-0.1657,1.4425,-0.0299,0.22,2.83,111.65
107441,-1.731,-0.096,8.102,-0.0380,1.2866,-0.0674,-0.15,3.87,111.71
107450,-1.662,-0.163,7.729,0.1852,1.6269,-0.0363,0.20,4.33,111.80
107460,-2.012,0.292,7.744,0.1685,2.0874,0.0308,0.07,5.72,111.63
107470,-1.996,0.168,7.953,-0.1322,1.5692,0.0588,0.40,6.68,111.82
107480,-1.879,0.278,7.754,-0.6759,2.3653,-0.0353,-0.08,7.51,111.77
107490,-1.874,0.046,7.881,0.2725,1.7988,0.0418,-0.36,9.39,111.75
107501,-1.651,0.243,8.080,-0.3652,0.8674,0.0017,0.26,9.59,111.72
107511,-2.147,0.174,7.834,-0.2663,1.6613,0.0718,-0.77,10.35,111.58
107520,-2.014,0.159,8.400,0.8891,1.7230,0.0409,-0.00,11.48,111.79
107530,-2.504,0.049,9.358,-0.3086,1.3431,0.0259,0.28,12.36,111.93
107540,-2.577,0.372,9.222,-0.4034,1.3027,0.0193,-0.40,13.01,111.63
107550,-2.288,-0.307,9.189,1.0645,1.8183,-0.0283,-0.19,13.84,111.73
107560,-3.129,0.535,9.468,0.3611,-0.2013,-0.0226,0.82,15.09,111.93
107570,-2.507,-0.032,21.808,0.0935,-2.1824,0.0497,0.23,13.63,111.80
107581,-1.898,-0.016,18.452,0.9171,-2.0948,0.0364,0.89,12.59,111.84
107591,-1.504,0.252,14.654,0.3518,-2.6734,-0.0865,1.29,11.23,111.89
107600,-1.493,0.426,11.480,0.5183,-2.1331,0.1139,1.34,9.56,111.76
107610,-1.018,0.299,10.416,0.8398,-1.8770,0.0715,1.87,8.81,111.89
107621,-1.021,0.379,10.049,1.0035,-2.3466,-0.0131,2.31,7.46,111.76
107630,-0.319,0.564,9.544,0.1937,-2.4353,-0.0260,3.05,6.16,111.88
107641,-0.204,0.780,10.026,0.3860,-2.5810,0.0405,2.52,4.68,111.86
107651,0.291,0.330,9.926,0.8303,-2.3878,-0.0231,3.49,3.22,111.86
107660,0.586,0.750,9.780,0.7820,-2.2058,0.0358,3.50,1.91,111.82
107671,0.635,0.713,9.388,0.6599,-1.6674,0.0050,4.35,0.66,111.82
107680,0.913,1.186,9.671,0.1318,-0.2936,-0.0266,4.23,0.02,111.80
107690,0.961,0.765,10.127,0.6032,-0.3270,0.0332,4.49,0.36,111.94
107700,1.448,1.132,10.062,0.6594,-0.0553,0.0150,4.92,-0.34,111.81
107711,0.558,0.791,9.648,0.8128,-0.0115,-0.0079,5.23,0.26,111.94
107720,1.052,1.051,10.391,0.5041,0.2360,0.0410,5.87,-0.35,111.84
107731,1.270,0.527,9.743,0.1564,0.1884,0.0464,5.81,0.52,111.85
107741,0.896,0.901,10.162,0.2774,-0.1683,-0.0605,6.05,-0.10,111.72
107751,1.087,1.315,9.838,0.6302,0.4971,0.0361,6.13,0.30,111.81
107761,1.288,1.328,9.801,0.5471,-0.4889,0.0061,6.73,0.48,111.94
107770,1.330,1.424,10.115,0.4726,-0.3530,0.0183,6.73,-0.22,111.80
107781,1.615,1.112,9.454,0.3617,0.0328,-0.0395,7.30,0.02,111.70
107790,1.340,1.304,9.640,0.1579,0.6164,-0.0033,7.18,-0.18,111.87
107800,1.230,1.218,9.586,0.3810,-0.1051,-0.0730,7.45,0.72,111.84
107810,1.437,0.859,9.659,0.6448,-1.0422,-0.0426,7.62,-0.30,111.88
107821,2.047,1.203,9.695,-0.4076,0.5079,0.0679,8.15,-0.52,111.78
107831,1.550,1.104,10.008,0.1031,0.3888,-0.0051,7.16,0.31,111.63
107840,1.618,1.505,9.284,1.0981,-0.1826,-0.0237,8.23,-0.08,111.88
107851,1.698,1.295,9.644,0.0574,-0.1389,-0.0448,8.41,0.07,111.82
107861,1.539,1.460,9.553,-0.2603,-0.0390,0.0977,8.28,-0.21,111.80
107871,1.665,1.528,9.673,-0.0486,0.2842,-0.0092,8.11,0.06,111.65
107881,1.214,1.069,10.152,0.1631,0.0948,0.0507,8.23,0.12,111.83
107891,1.573,1.600,10.046,-0.0619,0.2890,-0.0460,8.28,0.17,111.84
107901,1.407,1.805,9.579,-0.0090,0.1707,-0.0080,8.15,0.42,111.73
107910,1.568,1.325,10.006,-0.0131,-0.1181,-0.0287,8.27,0.40,111.66
107921,1.359,0.992,9.953,0.0534,-0.3103,0.0238,8.16,0.25,111.88
107931,1.652,1.082,9.733,0.2368,-0.3313,0.0230,8.33,0.02,111.90
107941,1.614,1.499,9.554,-0.3639,0.1474,0.0420,8.40,-0.09,111.84
107951,1.173,1.377,9.583,-0.7442,0.1656,-0.0105,7.89,0.20,111.70
107960,1.285,1.385,9.853,0.3370,-0.0621,0.0041,7.55,0.09,111.81
107971,1.171,1.585,9.779,0.2196,0.2540,0.0205,8.30,0.11,111.94
107980,1.041,1.388,9.821,-0.3025,-0.2847,0.0200,7.75,0.32,111.79
107991,1.071,1.160,9.874,-0.2224,-0.3553,-0.0159,7.92,-0.21,111.78
108000,0.567,1.311,9.799,-0.7448,-0.1100,-0.0278,7.51,-0.11,111.82
108011,1.163,1.302,9.730,-0.0913,0.1177,-0.0594,7.12,-0.35,111.87
108021,0.852,1.174,9.734,-0.2488,0.3695,0.0297,7.35,-0.00,111.82
108031,0.816,1.080,9.990,-0.5836,0.1001,0.0258,6.83,0.09,111.88
108041,0.953,1.582,10.708,-0.7630,-0.3320,0.0009,6.67,0.11,111.77
108050,0.771,1.135,9.676,-0.7895,-0.2105,0.0659,5.98,-0.28,111.84
108060,1.143,0.752,10.097,0.3770,0.5930,-0.0547,5.73,-0.15,111.83
108071,0.432,1.397,9.733,-0.1490,-0.3871,0.0447,6.43,0.44,111.78
108080,0.864,1.127,9.922,-0.9583,-2.7985,-0.0183,5.57,-0.57,111.79
108091,1.444,1.048,10.076,-0.4518,-2.7536,0.0981,5.32,-2.75,111.85
108100,1.329,0.898,10.620,-0.2870,-2.0288,-0.1368,5.09,-3.73,111.91
108111,1.012,0.862,11.384,-1.1882,-2.5217,-0.0359,5.00,-5.07,111.77
108121,1.280,0.669,11.272,0.1733,-2.8208,-0.0484,3.73,-6.60,111.76
108130,1.414,1.272,12.141,0.2233,-3.0280,0.0668,5.22,-8.30,111.82
108141,1.531,0.761,12.255,-0.9694,-2.8743,-0.0597,4.00,-10.04,111.79
108150,1.740,0.566,12.665,-1.2227,-2.8966,-0.0415,4.11,-11.58,111.77
108161,2.065,0.163,13.311,-1.1209,-2.9356,0.0123,2.60,-13.37,111.78
108181,1.746,0.528,13.784,-0.4794,-2.2468,0.0226,2.24,-16.20,111.85
108190,2.748,0.381,13.090,-0.2729,-2.8353,0.0086,2.29,-17.51,111.78
108200,2.964,0.362,13.290,-0.9642,-2.3688,-0.0541,1.91,-19.42,111.74
108211,2.925,-0.159,12.994,-0.8686,-2.4516,-0.0383,1.17,-20.24,111.84
108221,2.661,0.153,12.546,-0.5881,-3.1521,0.0558,0.95,-22.29,111.88
108230,3.011,-0.234,12.391,-0.1992,-2.8826,0.0635,0.49,-23.86,111.86
108241,3.398,0.142,11.750,-0.2338,-3.2618,-0.0467,0.70,-25.54,111.81
108250,3.534,0.096,11.051,-0.3155,-2.4973,0.0073,0.22,-27.65,111.81
108261,4.048,0.744,10.428,-0.2947,-1.7719,-0.0093,0.33,-28.38,111.80
108270,3.583,0.025,9.782,-0.0243,-0.7562,-0.0375,-0.08,-29.69,111.83
108280,3.114,0.014,9.431,0.3564,2.2762,-0.0100,0.27,-29.22,111.73
108290,3.712,0.411,9.714,-0.4561,2.3837,-0.0238,0.35,-27.04,111.94
108300,2.942,-0.055,9.996,-0.0547,1.6408,0.0224,-0.27,-26.51,111.74
108311,2.797,0.232,10.451,0.2987,2.4674,0.0386,0.27,-25.15,111.91
108321,2.630,-0.034,10.327,0.2588,1.9239,-0.0121,0.08,-23.69,112.01
108331,2.264,0.286,10.215,-0.0928,2.2039,-0.1197,0.58,-22.97,111.72
108340,2.752,0.073,10.910,-0.5444,2.8245,0.0499,0.01,-21.15,111.77
108350,1.797,-0.528,11.472,-0.2426,1.9895,0.0008,-0.04,-19.75,111.80
108361,2.367,-0.188,11.410,0.3086,1.8633,-0.0977,-0.25,-18.87,111.78
108371,1.441,0.077,11.271,-0.0764,2.5875,0.0972,0.31,-17.62,111.80
108380,1.135,0.018,11.455,-0.3349,2.1061,-0.0139,-0.35,-15.92,111.74
108390,1.228,0.142,11.415,0.0381,1.7592,0.0752,-0.07,-15.20,111.82
108400,0.974,-0.344,11.500,-0.4777,2.7251,0.0298,-0.27,-13.92,111.82
108410,0.366,0.133,11.436,0.2777,1.7390,-0.0230,-0.63,-12.06,111.89
108420,0.610,0.035,11.148,0.6962,1.4865,-0.0115,0.09,-11.90,111.78
108430,0.313,-0.054,10.815,-0.2161,2.6608,0.0917,0.13,-10.37,111.86
108440,0.091,-0.212,10.604,0.1490,1.8905,0.1500,-0.13,-8.84,111.71
108450,-0.290,0.127,10.415,-0.0547,0.9736,0.0967,0.34,-8.18,111.84
108460,-0.171,-0.113,10.171,0.1686,2.0342,-0.0121,-0.19,-7.69,111.84
108471,-0.078,-0.059,10.266,0.4458,2.8165,-0.0056,0.53,-5.85,111.88
108480,-0.545,0.005,9.936,-0.6156,2.1818,-0.0096,0.32,-4.42,111.86
108490,-0.625,0.059,9.955,-0.9669,1.5059,-0.0395,-0.18,-3.37,111.95
108500,-0.722,-0.363,9.074,0.0541,1.2876,-0.0243,-0.78,-2.69,111.87
108511,-1.097,0.020,9.464,0.9186,1.6720,-0.0234,-0.09,-1.93,111.81
108521,-1.563,0.060,8.968,0.3610,1.4863,-0.0260,0.28,-0.75,111.82
108530,-1.127,0.071,9.085,0.3288,1.5101,-0.0240,0.36,-0.19,111.88
108540,-1.247,-0.157,8.592,-0.1321,1.5005,-0.0561,0.65,1.01,111.68
108550,-1.263,0.006,8.268,-0.2257,1.1022,0.0181,0.18,1.55,111.86
108561,-1.418,-0.012,8.459,-0.1822,1.7465,-0.0505,0.38,2.31,111.89
108571,-1.327,-0.044,7.753,-0.7569,2.2035,-0.0165,-0.05,3.55,111.91
108580,-1.768,-0.323,8.111,-0.0102,1.5342,0.0139,-0.47,4.80,112.02
108590,-1.707,-0.120,8.087,0.5714,0.8330,-0.0653,-0.08,5.32,111.73
108600,-1.827,0.200,7.633,0.0370,1.2999,0.0692,0.18,5.75,111.78
108610,-1.644,-0.045,7.918,-0.5282,1.3730,0.0176,-0.06,6.82,111.72
108620,-2.372,-0.124,7.909,0.0990,1.4516,0.0059,-0.38,7.33,111.90
108631,-1.861,-0.574,8.299,0.4754,1.8736,0.0603,0.08,8.48,111.87
108640,-2.009,0.711,8.330,-0.1586,1.5459,0.0336,0.15,9.49,111.85
108650,-2.021,0.072,8.006,0.0304,1.2273,-0.1006,-0.07,10.23,111.92
108661,-2.310,0.131,8.602,-0.0398,1.6730,-0.0424,0.18,10.90,111.69
108670,-1.884,-0.032,8.234,-0.3523,1.7916,0.0509,-0.09,12.16,111.82
108681,-2.387,-0.230,9.155,0.3429,1.9559,-0.0689,-0.21,12.97,111.85
108691,-2.533,-0.717,9.448,0.3409,1.3481,0.0501,0.33,14.38,111.96
108701,-2.946,0.227,9.049,-0.0579,-0.6551,-0.0497,0.24,14.51,111.84
108711,-2.433,0.753,24.573,0.5487,-1.8194,0.0702,0.23,13.62,111.75
108721,-1.260,-0.223,20.572,1.3409,-1.4014,0.0613,0.83,12.43,111.88
108731,-1.861,0.331,15.848,1.0462,-2.2183,0.0844,1.78,12.00,111.84
108740,-1.446,0.189,12.652,-0.2255,-2.7132,-0.0343,2.03,9.87,111.80
108751,-1.329,0.201,10.557,0.4821,-2.1158,-0.0299,1.54,8.90,111.82
108760,-0.823,0.306,9.929,1.1866,-2.5917,0.0434,2.60,7.45,111.72
108770,-0.232,0.470,9.891,0.3199,-2.0189,0.1267,2.89,5.99,111.85
108781,-0.229,0.395,10.239,0.4066,-2.2480,-0.0275,2.94,5.15,111.97
108791,0.058,0.410,9.494,1.1431,-2.8652,0.0865,3.37,3.40,111.73
108800,0.503,0.836,9.306,0.8787,-2.0787,0.0180,4.24,1.87,111.86
108810,0.583,0.658,9.429,0.5676,-1.9851,-0.0243,4.39,1.05,111.76
108821,1.305,1.152,9.908,1.1906,-1.1773,-0.0241,4.88,-0.43,111.81
108831,1.091,0.798,9.692,0.8920,0.6530,-0.0426,5.76,-0.32,111.73
108840,0.738,1.274,9.663,0.3578,0.5287,0.0112,5.91,0.31,111.86
108851,1.069,1.031,9.638,0.8191,-0.3845,0.0909,6.21,0.28,111.93
108860,0.995,0.902,9.609,0.5078,0.1587,-0.0060,6.86,-0.19,111.80
108870,1.092,1.006,10.052,0.4496,0.2759,0.0461,6.80,0.48,111.98
108881,1.199,1.428,9.466,1.0202,-0.9940,0.0831,7.35,0.14,111.83
108890,1.427,1.399,9.348,0.6318,0.0562,0.0786,7.98,-0.66,111.88
108901,1.297,1.091,9.289,-0.0060,0.4785,0.0183,8.10,0.18,111.88
108911,0.841,1.820,9.951,0.1411,-0.4281,0.0568,8.00,-0.14,111.86
108921,1.603,1.269,9.696,0.4866,0.0429,-0.0099,8.26,-0.31,111.65
108931,1.437,1.607,9.329,0.4748,0.3263,-0.0723,8.53,-0.08,111.83
108940,1.693,1.297,9.831,1.0177,0.4142,0.0009,8.81,0.07,111.76
108951,1.271,1.934,9.417,0.8466,0.5193,0.0030,9.69,0.39,111.78
108961,1.461,1.812,9.633,-0.0285,-0.2106,0.0162,9.76,0.70,111.79
108971,1.289,1.930,9.935,0.1122,-0.2621,-0.0285,9.71,0.14,111.84
108980,1.691,0.914,9.821,0.4194,-0.0101,-0.0776,9.87,0.39,111.77
108990,1.662,1.722,9.887,0.1664,-0.3028,-0.0031,10.21,0.15,111.76
109001,1.541,1.833,9.228,-0.5207,-0.0363,0.0337,10.05,0.08,111.95
109010,1.174,1.283,9.726,0.2661,-0.2625,0.0285,9.61,0.11,111.80
109020,1.583,2.000,9.326,0.2197,-0.0582,-0.0415,10.32,-0.22,111.83
109030,1.543,1.530,9.767,0.0481,0.1644,0.0738,9.87,0.06,111.90
109040,1.623,1.611,9.687,0.4496,-0.2101,-0.0352,10.37,-0.03,111.82
109050,1.314,1.650,9.517,0.1888,0.3761,0.0486,10.39,-0.20,111.70
109061,1.240,1.661,9.189,-0.3539,0.0843,-0.0193,10.58,0.38,111.89
109070,1.129,2.028,9.338,-0.6513,-0.3970,-0.0159,10.01,-0.07,111.78
109080,1.099,1.732,9.492,0.0397,0.5372,0.0105,9.80,-0.10,111.90
109091,0.763,1.392,9.644,0.4294,-0.1536,-0.0007,10.06,0.57,111.75
109101,1.554,2.170,9.260,-0.7693,-0.6283,-0.0240,10.31,-0.23,111.76
109111,1.209,2.302,10.270,-0.7227,0.0268,-0.0128,9.20,-0.15,111.80
109121,1.188,1.386,9.791,0.3969,0.6129,0.0054,9.45,-0.16,111.83
109130,0.841,1.289,9.602,0.0062,-0.1117,0.0593,9.65,0.55,111.85
109141,1.444,1.573,9.707,-0.4242,-0.5967,0.0118,9.41,-0.28,111.82
109150,0.758,1.919,9.695,-0.4590,0.1983,0.0569,9.14,-0.12,111.73
109161,1.280,1.418,9.255,-0.3533,-0.1716,0.0427,8.88,-0.06,111.76
109170,0.984,1.749,9.874,-0.5709,0.2707,0.0312,8.74,-0.30,111.81
109181,0.701,1.298,9.376,-0.4270,0.2853,-0.0013,8.22,0.23,111.82
109190,0.513,0.999,9.728,-0.5124,0.3141,-0.0118,8.24,0.02,111.81
109201,0.775,1.235,9.847,-0.6153,-0.0621,0.0872,7.59,0.60,111.94
109211,0.271,1.407,9.782,-0.7345,-0.2314,0.0316,7.54,-0.06,111.93
109220,0.719,1.144,10.261,-0.8739,-1.3855,-0.0015,6.74,0.30,111.94
109231,0.312,1.001,10.182,-0.2274,-3.1929,-0.0004,6.54,-1.63,111.79
109240,1.119,1.119,10.764,-0.4108,-2.8315,-0.0089,6.48,-3.34,111.96
109251,1.017,1.153,10.734,-0.8572,-2.7457,-0.0313,6.04,-4.88,111.79
109260,1.293,1.572,11.403,-0.5049,-2.2194,0.0169,5.51,-6.46,112.00
109270,1.696,0.559,11.457,-0.3141,-2.4256,-0.1078,5.41,-7.38,111.82
109280,1.662,0.910,12.198,-0.9238,-3.3918,0.0753,5.19,-9.27,111.78
109290,2.034,0.329,12.407,-0.6901,-2.7133,0.1198,4.35,-11.24,111.92
109301,1.537,0.969,12.910,-0.4416,-2.3837,-0.0948,4.42,-12.36,111.81
109310,1.984,0.423,13.357,-0.6357,-2.5959,0.0308,3.83,-13.96,111.80
109320,2.070,0.491,14.168,-0.8119,-2.7959,-0.0863,3.67,-15.35,111.90
109331,3.146,0.541,14.304,-1.2092,-2.0550,0.0127,2.89,-17.18,111.69
109341,2.652,0.139,14.064,-0.7042,-2.1895,0.1168,2.24,-17.71,111.71
109351,2.299,0.701,13.806,-0.5837,-3.9606,0.0309,2.09,-19.71,111.86
109361,3.132,0.617,13.488,-1.2530,-2.6379,0.0182,1.58,-22.28,111.76
109370,3.441,0.356,12.664,-1.0892,-2.0245,-0.0551,0.68,-22.76,111.88
109380,3.236,0.445,12.093,-0.3265,-2.8285,-0.0624,0.36,-24.61,111.89
109390,3.703,0.448,11.108,-0.6862,-3.0103,0.0360,0.31,-25.97,111.75
109401,3.589,0.069,10.287,-0.6937,-3.3284,-0.0707,-0.45,-28.07,111.97
109410,3.421,0.506,10.120,0.7363,-1.2481,0.0724,-0.49,-29.70,111.81
109421,3.809,-0.201,10.036,0.1097,1.0592,-0.0834,0.38,-29.47,111.81
109430,3.890,-0.233,9.433,-0.4384,2.6569,-0.0110,-0.34,-28.48,111.86
109441,2.993,-0.001,10.023,0.2182,2.4096,-0.0654,-0.11,-26.43,111.95
109451,3.026,0.330,10.610,0.0723,1.7426,-0.0296,-0.12,-25.69,111.89
109461,2.608,-0.077,10.614,-0.3267,2.1688,-0.0524,-0.05,-24.40,111.75
109470,3.063,0.020,10.510,-0.2305,2.1675,-0.0599,-0.46,-23.20,111.82
109481,2.134,-0.580,11.107,0.5937,1.9408,0.0017,-0.31,-21.96,111.75
109490,2.258,-0.048,10.901,0.2465,1.6172,0.0560,0.23,-20.96,111.83
109500,2.306,-0.159,10.818,-0.5046,2.0108,0.0537,-0.04,-20.10,111.90
109510,1.591,0.055,11.417,0.0231,2.3522,-0.0369,-0.30,-18.67,111.90
109521,0.988,0.085,11.435,0.2312,2.0436,0.0043,-0.02,-17.39,111.76
109530,1.130,0.438,11.300,0.2632,1.5970,-0.0266,-0.02,-16.34,111.80
109541,1.286,-0.301,11.815,0.0686,2.1445,0.0595,0.28,-15.56,111.71
109550,0.605,0.204,11.873,-0.2507,2.8172,0.0379,0.08,-13.88,111.96
109560,0.016,0.378,10.747,-0.2691,2.2818,-0.0973,-0.02,-12.34,111.87
109570,0.200,0.116,10.978,0.1930,1.9968,0.0085,-0.20,-11.26,111.85
109581,0.056,0.085,11.249,0.1639,2.3621,0.0107,0.19,-10.06,111.82
109591,-0.168,0.141,10.215,0.0306,2.2442,0.0464,0.01,-8.56,111.84
109600,-0.428,-0.271,10.359,-0.1670,1.5805,0.0231,0.21,-7.46,111.73
109611,-0.221,-0.017,10.396,0.0278,1.8283,0.0304,-0.16,-6.74,111.89
109620,-0.962,-0.184,10.151,0.5039,2.3713,-0.0539,0.21,-5.37,111.85
109630,-0.784,0.302,9.721,-0.1981,1.6829,-0.1143,0.43,-4.01,111.88
109641,-0.732,-0.053,9.797,-0.6936,1.3480,-0.0582,-0.03,-3.44,111.91
109650,-0.728,-0.015,9.386,0.2824,1.3179,-0.0229,-0.36,-2.51,111.92
109661,-1.096,0.398,8.793,0.3239,1.7743,0.1199,0.30,-1.94,111.87
109670,-0.603,-0.173,8.238,-0.3951,2.1470,-0.0861,0.01,-0.45,111.81
109680,-1.379,-0.124,8.785,-0.0262,1.0340,-0.0710,-0.15,0.52,111.88
109691,-1.333,-0.381,8.262,-0.0479,1.5747,-0.0201,-0.00,0.73,111.93
109700,-1.379,-0.052,8.358,-0.7390,1.9821,-0.0507,-0.20,2.34,111.80
109710,-1.595,-0.049,7.836,0.6646,1.2416,-0.0297,-0.85,3.01,111.87
109720,-1.343,0.513,7.982,1.2548,0.8036,-0.0087,0.58,3.77,111.87
109731,-1.333,-0.173,7.933,-0.1232,1.6048,-0.0502,0.58,3.94,111.95
109740,-1.248,-0.375,7.515,-0.3078,2.2006,0.0085,0.44,5.60,111.83
109750,-1.973,0.271,7.853,-0.3528,1.2623,0.0296,0.24,6.48,111.84
109760,-2.429,0.122,8.268,-0.0027,1.7738,-0.0338,0.02,7.06,111.86
109770,-2.088,-0.000,7.823,0.0130,1.5485,-0.0098,0.26,8.51,111.80
109781,-2.326,-0.110,7.866,-0.1262,1.4104,-0.0117,-0.00,8.84,111.79
109791,-2.645,0.156,7.713,-0.0112,1.7179,-0.0743,0.15,10.13,111.94
109801,-1.788,0.108,8.291,-0.5523,1.3489,0.0267,-0.03,10.79,111.78
109810,-2.134,-0.254,8.347,-0.0072,0.9453,0.0176,-0.47,11.69,111.85
109820,-2.483,0.015,8.740,-0.4546,1.4062,-0.0539,-0.04,11.88,111.82
109831,-2.263,-0.032,9.149,0.4755,1.6378,-0.0507,-0.96,13.28,111.98
109841,-2.759,0.171,8.924,1.0825,1.0823,0.0304,0.50,13.74,111.91
109850,-2.768,0.125,9.759,-0.0859,-0.6430,0.0381,0.30,14.49,111.86
109860,-1.657,0.007,23.450,0.0854,-1.7807,-0.0752,0.40,13.00,111.82
109871,-1.750,0.015,19.519,0.7303,-2.2948,-0.0331,0.39,12.48,111.94
109880,-1.692,0.356,15.540,0.9760,-2.3254,-0.0062,1.29,10.39,111.97
109890,-1.874,0.108,11.815,0.5408,-1.4596,-0.0777,1.49,9.84,111.98
109900,-1.383,0.364,10.583,0.3100,-2.8991,0.0404,1.89,8.73,111.88
109910,-0.482,0.574,10.152,1.2543,-2.3226,-0.0221,1.85,6.55,111.87
109921,-0.514,0.497,9.517,1.3067,-1.8013,-0.0587,3.32,6.07,111.99
109931,-0.342,0.733,9.378,0.4615,-3.1669,0.0613,3.33,4.47,111.77
109940,0.323,0.740,9.869,0.7031,-3.0106,0.0340,3.85,2.42,111.89
109950,0.583,0.286,9.602,0.6248,-1.9298,-0.0517,4.14,1.01,111.80
109960,1.206,1.236,9.719,0.9141,-1.0664,0.0671,4.56,0.22,111.87
109970,1.024,1.055,9.762,0.8216,0.0967,0.0376,5.19,-0.24,111.97
109980,1.003,0.863,9.491,-0.0385,0.3463,-0.0310,5.55,0.32,111.97
109990,1.046,0.744,10.048,0.5776,-0.4144,0.0066,5.13,0.17,111.88
110000,0.949,0.928,9.790,1.1230,-0.1633,0.0426,6.17,-0.15,111.72
110010,1.045,1.220,9.575,0.1181,0.0661,0.1455,6.43,-0.03,111.92
110021,1.117,1.262,10.044,0.2840,0.1802,-0.0178,6.33,-0.05,111.69
110030,1.449,1.779,9.757,0.7315,0.5366,-0.0274,6.74,0.21,111.74
110041,1.270,1.398,10.132,0.8113,-0.4159,-0.0434,7.18,0.55,111.87
110051,1.186,1.424,9.412,0.5443,-0.8184,-0.0134,7.67,-0.26,111.85
110060,1.541,0.977,10.287,0.8203,0.3675,0.0675,7.74,-0.38,111.89
110070,1.557,1.491,9.524,0.1767,0.1947,0.0075,8.59,0.14,111.80
110081,1.375,1.275,9.856,-0.1384,-0.6231,-0.0354,7.88,-0.12,111.88
110091,2.072,1.548,10.183,0.6866,0.1778,-0.0760,8.44,-0.57,111.81
110101,1.800,1.574,9.956,0.3478,0.3022,-0.0378,8.68,0.10,111.90
110111,1.509,1.443,10.415,0.4492,-0.3287,-0.0187,8.85,-0.20,111.73
110120,1.320,1.206,9.867,-0.3933,-0.1902,-0.0552,9.17,-0.32,111.89
110131,1.673,1.773,9.813,0.4281,0.2940,0.0375,8.41,-0.39,111.75
110140,1.386,1.594,9.580,0.1653,0.0289,-0.0190,9.65,0.07,111.87
110150,1.577,1.170,9.936,-0.8964,-0.3433,-0.0325,8.60,-0.35,111.95
110161,1.441,1.418,9.825,0.5046,0.2155,0.0207,8.62,-0.31,111.88
110171,1.700,1.721,9.462,0.3650,0.6532,0.0588,9.16,-0.09,111.75
110180,1.437,1.453,9.205,0.3918,0.1498,0.0772,9.02,0.46,111.79
110191,1.626,1.859,9.963,-0.2649,-0.4352,0.0829,9.64,0.08,111.77
110200,1.425,1.168,9.944,-0.3182,0.1407,0.0215,8.72,-0.07,111.87
110211,1.057,1.535,9.781,0.2512,0.4759,-0.0666,9.30,0.28,111.85
110220,1.034,1.201,9.785,-0.2381,-0.6149,0.0006,9.05,0.48,111.82
110230,1.336,1.850,9.534,-0.6515,-0.3238,-0.0129,9.00,-0.41,111.81
110240,0.973,1.743,9.462,-0.5413,0.6263,0.0560,8.31,0.11,111.74
110251,1.388,0.881,9.382,-0.3020,-0.6526,-0.0522,8.40,0.31,111.72
110261,1.337,1.006,9.752,-0.5775,-0.1465,0.1560,7.98,-0.63,111.95
110270,0.966,1.199,9.353,0.1151,0.6062,-0.0043,7.73,0.18,111.86
110280,1.146,0.963,9.448,0.2989,-0.0214,-0.0324,8.12,0.07,111.74
110291,0.943,1.551,10.073,-0.5320,-0.4478,0.0027,8.04,0.16,111.92
110300,1.293,1.420,9.632,-1.0075,-0.4378,-0.0085,7.49,-0.45,111.80
110310,0.651,1.273,10.302,-0.5737,0.3552,0.0185,6.86,-0.35,111.76
110320,0.509,0.818,9.571,0.2294,-0.5529,0.0018,6.85,0.03,111.85
110330,0.811,1.435,10.100,-0.2783,0.1606,0.0243,7.11,-0.98,111.91
110341,0.590,0.971,10.057,-0.6964,-0.2987,0.0505,6.51,0.21,111.87
110351,0.978,0.867,10.523,-0.5969,-3.1737,-0.0412,6.32,-1.33,111.76
110360,0.873,1.152,10.586,-0.4246,-2.5703,0.0047,5.79,-3.44,111.70
110371,1.133,1.161,10.841,-0.5096,-2.5941,0.0459,5.83,-4.30,111.83
110381,1.333,0.936,11.707,-1.0819,-3.4010,-0.0237,5.20,-6.43,111.74
110391,1.576,0.744,11.691,-0.3785,-3.4375,0.0296,4.56,-8.22,111.84
110401,2.052,0.160,12.656,-0.2634,-2.5169,-0.0335,4.78,-10.34,111.66
110411,1.698,0.905,13.108,-0.7048,-2.7720,-0.0369,4.20,-11.10,111.71
110420,2.019,0.899,13.932,-1.0980,-3.0485,0.0107,3.96,-13.47,111.99
110430,1.672,0.314,14.004,-1.2460,-2.4522,0.0517,2.94,-14.61,111.81
110441,2.647,0.282,13.892,-0.5160,-2.1800,-0.0307,2.56,-16.24,111.96
110450,2.297,0.126,14.899,-0.6944,-2.7621,-0.0028,2.32,-17.12,111.75
110460,2.918,0.737,13.680,-0.9419,-3.2778,0.0192,1.75,-19.41,111.75
110470,2.538,0.185,13.738,-0.4667,-2.3413,-0.0159,1.28,-20.89,111.80
110480,3.106,0.229,13.444,-0.5460,-2.8925,-0.0599,1.19,-22.10,112.00
110491,3.043,0.203,12.201,-0.8982,-3.3766,0.0763,0.65,-24.22,112.00
110501,3.630,0.124,12.044,-0.7640,-2.9390,-0.0234,0.17,-25.92,111.80
110510,3.632,0.066,10.868,0.0100,-3.2862,0.0050,-0.24,-27.62,111.96
110520,3.981,0.073,10.419,0.4346,-1.7607,0.0821,0.20,-29.70,111.79
110530,3.386,0.510,9.795,-0.5469,1.6108,0.0968,0.24,-29.65,111.73
110540,3.554,0.039,10.108,-0.3629,2.5371,0.0195,-0.42,-27.84,111.70
110551,3.570,0.307,10.264,0.5121,1.7826,0.0249,-0.16,-26.74,111.98
110560,2.453,0.006,10.001,0.4016,1.9739,-0.0700,0.13,-25.78,111.79
110571,2.871,0.155,10.098,-0.0491,1.9017,-0.0264,0.32,-24.45,111.73
110581,2.636,-0.316,10.500,0.4534,2.6444,0.1016,0.09,-23.57,111.86
110590,2.231,0.070,11.003,-0.4196,2.6445,-0.0047,0.87,-21.38,111.76
110601,2.161,-0.046,10.864,-0.8207,2.1780,0.0290,-0.42,-20.54,111.95
110611,2.063,0.180,11.540,0.0063,2.6890,-0.0372,-0.10,-18.94,111.79
110620,1.675,-0.073,11.193,-0.0632,2.3895,-0.0082,-0.40,-17.48,111.93
110631,1.276,-0.025,11.251,-0.1564,2.2425,-0.0890,-0.19,-16.18,111.73
110640,0.859,-0.175,11.414,-0.0114,1.9149,0.0106,-0.57,-14.86,111.85
110650,0.959,-0.076,11.592,0.2809,1.4068,-0.0299,-0.22,-13.99,111.88
110661,1.040,0.016,11.543,0.4882,2.2649,-0.0200,-0.26,-13.22,111.88
110670,0.047,0.428,10.785,-0.0157,2.9490,-0.0966,0.33,-11.41,111.82
110681,0.211,0.184,11.108,-0.1180,1.7038,-0.0793,-0.27,-9.86,111.85
110690,0.211,-0.172,11.211,0.2308,1.9186,0.0552,0.20,-9.44,112.04
110701,0.149,0.411,10.753,-0.2365,2.5192,0.1254,-0.01,-7.68,111.94
110710,-0.170,-0.132,10.493,-0.4934,2.2889,-0.0188,-0.11,-6.57,111.93
110721,-0.508,0.303,10.097,-0.1602,2.1348,0.0014,-0.57,-5.06,111.90
110730,-0.895,-0.482,9.785,0.6332,1.3697,0.0188,-0.32,-4.12,111.80
110740,-0.620,0.290,9.292,0.7561,1.8848,-0.0879,0.18,-3.50,111.86
110750,-0.979,0.001,9.213,0.0772,1.9622,-0.0167,0.52,-1.95,111.83
110761,-0.992,0.181,9.163,0.0898,1.1177,-0.0498,0.25,-1.24,111.83
110771,-0.819,0.036,8.606,0.1594,1.0339,-0.0093,0.62,-0.68,111.79
110780,-1.222,-0.076,8.640,-0.6826,1.7138,0.0313,0.40,-0.04,111.97
110791,-1.002,0.267,8.228,0.0104,1.6124,0.0316,-0.14,1.27,111.89
110801,-0.962,-0.195,7.789,0.6880,1.7304,-0.0928,0.40,1.83,111.74
110810,-1.336,0.352,8.043,-0.1600,1.6247,0.0235,0.60,3.24,111.73
110820,-1.461,0.393,7.379,-0.7566,1.2615,-0.0468,0.22,3.73,111.99
110830,-1.642,-0.142,7.724,-0.0695,2.0222,-0.0017,-0.25,4.70,111.85
110840,-1.767,-0.045,7.652,0.6652,2.0306,0.0084,0.15,6.04,111.67
110851,-1.746,0.215,7.730,-0.2276,1.6862,-0.0604,0.50,7.02,111.93
110860,-2.082,-0.046,8.080,-0.2665,1.7495,-0.0164,-0.13,7.97,111.72
110870,-2.125,-0.110,7.525,0.4081,1.3094,-0.0888,0.20,9.05,111.85
110880,-2.616,0.361,8.202,0.0657,1.3809,-0.0211,0.34,9.46,111.85
110891,-1.763,0.128,8.400,-0.2561,2.1021,-0.0234,0.29,10.63,111.84
110901,-2.412,0.220,8.869,-0.1351,1.7501,-0.0150,0.07,11.83,111.73
110910,-2.222,-0.047,8.474,0.1770,1.1219,-0.0291,0.11,12.62,111.84
110921,-1.944,-0.164,9.148,-0.0631,1.5132,-0.0249,0.26,13.11,111.87
110930,-2.539,-0.125,8.942,-0.4213,2.1632,-0.0462,0.11,14.34,111.90
110940,-3.023,0.217,25.914,0.5707,-0.6649,-0.0398,-0.19,15.59,111.86
110951,-2.124,0.124,23.431,0.3234,-2.9621,0.0358,0.74,13.57,111.97
110961,-2.055,0.420,18.525,0.2537,-2.5475,-0.0820,0.19,12.19,111.80
110971,-1.625,0.262,14.405,1.7102,-2.5244,0.0257,1.01,10.67,111.91
110981,-1.344,0.210,11.370,0.6174,-2.4778,-0.0416,2.15,9.26,111.87
110990,-1.121,0.436,10.359,-0.0161,-2.5780,-0.0020,1.74,7.86,111.73
111001,-0.018,0.127,9.755,0.8665,-2.0624,-0.0385,2.15,6.31,111.96
111011,-0.261,0.193,9.633,0.8012,-2.1533,0.0219,2.73,5.53,111.74
111021,0.163,1.119,9.317,1.1476,-2.6876,-0.0268,3.09,3.86,111.86
111031,0.230,0.892,10.083,0.6056,-2.8430,0.0950,4.04,2.43,111.83
111040,0.531,1.157,9.648,0.1321,-2.4413,0.0123,3.76,0.56,111.85
111050,1.257,0.798,9.786,0.8053,-0.1409,0.0746,4.20,-0.35,111.79
111060,1.126,1.036,9.659,1.1071,0.6227,-0.0169,4.69,0.39,111.78
111070,0.730,0.929,9.945,0.7926,-0.9309,0.0256,5.48,0.37,111.78
111081,1.222,0.515,9.722,0.3531,-0.0279,0.0025,5.59,-0.66,111.87
111090,0.936,1.233,9.537,0.0499,0.6630,-0.0399,5.84,0.31,111.95
111101,1.216,-0.030,9.942,0.0341,-0.7153,0.0493,5.65,0.07,111.81
111110,1.475,0.929,10.058,0.3219,0.1449,0.0141,5.90,-0.54,111.96
111121,0.966,0.761,10.074,0.8682,0.5523,0.0014,6.04,0.26,111.87
111131,1.234,0.955,10.186,0.5682,-0.2915,0.0068,6.85,0.07,111.84
111140,0.971,1.127,9.390,0.1620,-0.2581,0.0219,6.68,-0.05,111.76
111151,1.303,0.712,9.607,0.6024,0.3295,-0.0232,7.03,-0.23,111.89
111161,1.572,1.321,9.947,0.8498,-0.4631,0.0018,7.39,0.34,111.93
111171,1.732,1.115,9.671,0.6910,-0.6202,0.0199,8.06,-0.75,111.95
111181,1.688,1.180,9.731,-0.1904,1.3148,0.1190,8.17,-0.36,111.77
111190,0.954,0.974,9.469,0.0810,0.0973,0.0168,7.87,0.72,111.87
111200,1.504,1.496,9.641,-0.2848,-0.8853,0.0155,8.26,-0.23,112.01
111211,1.706,1.149,9.593,0.0514,0.1003,0.1074,7.53,-0.29,111.91
111220,1.063,0.783,9.675,0.3412,0.2553,0.0273,8.31,-0.09,111.83
111230,1.542,1.389,9.862,-0.1793,0.3450,0.0142,7.95,-0.02,111.82
111240,1.677,1.303,9.954,0.0249,-0.3709,0.0768,8.10,0.31,111.80
111250,1.524,1.082,9.675,0.4429,-0.4562,0.0149,7.98,-0.44,111.81
111261,1.256,1.431,9.631,0.7685,0.1694,0.0911,8.59,-0.22,111.98
111271,1.887,1.420,10.141,0.1244,0.7000,-0.0213,8.87,-0.25,111.85
111281,1.114,1.047,9.683,-0.8432,0.4765,0.0533,8.72,0.58,111.82
111291,1.408,1.363,9.928,-0.5481,-0.1602,0.0720,7.93,0.27,111.82
111300,1.466,1.175,9.859,0.3182,-0.7279,-0.0714,8.08,0.38,111.96
111310,1.402,0.979,9.574,0.0715,-0.5623,-0.0117,8.28,-0.57,111.93
111320,1.343,1.405,9.514,-0.1938,0.6960,-0.0091,8.16,-0.26,112.01
111331,0.587,1.629,9.932,-0.2578,-0.1407,0.0057,8.04,0.26,111.92
111340,0.942,1.522,9.751,-0.5124,-0.3807,0.0407,7.81,-0.37,111.78
111350,1.171,1.324,9.871,0.0913,0.2748,0.0530,7.47,-0.12,111.77
111360,1.145,1.796,10.048,-0.3009,0.1568,-0.0025,7.92,-0.04,111.90
111371,0.766,1.116,9.795,-0.2968,-0.2776,0.0617,7.13,0.03,111.78
111381,0.966,1.008,9.526,-0.0074,-0.0983,0.0304,7.55,-0.40,111.87
111391,0.384,1.378,10.114,-0.6705,0.0542,0.0146,7.09,-0.09,112.05
111401,0.845,1.370,9.693,-0.2309,0.2221,0.0416,6.79,-0.34,111.98
111410,0.557,1.411,9.622,-0.0814,0.6083,-0.1345,6.81,0.14,111.98
111420,0.431,0.925,9.884,-0.5650,0.2713,-0.0103,6.73,0.37,111.79
111431,0.660,1.261,9.789,-1.0835,-0.9094,0.0342,6.21,0.43,111.81
111441,0.488,1.277,10.469,-0.7309,-3.0236,0.0545,5.47,-0.70,111.78
111450,0.699,0.833,10.874,-0.3716,-3.2216,0.0628,5.38,-3.01,111.84
111460,0.792,1.206,11.062,-0.6858,-2.2298,0.0283,5.05,-4.40,111.80
111471,1.097,0.877,10.826,-0.5232,-3.6411,0.0708,4.59,-5.57,112.05
111480,1.240,0.773,12.146,-0.4858,-3.2277,0.0237,4.44,-8.57,111.83
111491,2.004,0.629,11.789,-0.3741,-2.3423,0.0086,4.02,-9.28,111.83
111501,1.651,-0.099,13.138,-0.8322,-2.7878,0.0683,3.99,-11.29,111.87
111511,1.581,0.704,13.294,-1.2447,-2.6101,0.0574,3.07,-12.50,111.85
111520,1.620,0.230,13.648,-0.3146,-2.8733,-0.0876,2.58,-14.27,112.00
111530,2.107,0.246,13.692,-0.2013,-2.7387,0.0275,2.69,-15.82,111.88
111541,2.508,0.038,14.225,-0.4151,-2.5587,0.0032,2.35,-17.43,111.84
111550,3.227,0.390,14.048,-0.8970,-2.7831,-0.0755,2.21,-18.75,111.91
111560,2.934,0.174,13.967,-0.6594,-2.8343,0.0203,1.32,-20.64,111.90
111571,3.150,-0.179,13.250,-0.4561,-2.8288,0.0210,1.43,-22.00,111.94
111580,3.205,0.020,12.585,-0.8980,-3.0871,-0.0215,0.79,-23.85,111.94
111591,3.821,0.386,11.966,-0.8192,-2.6068,-0.0205,0.37,-25.53,111.85
111601,3.187,-0.336,10.908,-0.5500,-2.5443,-0.1346,-0.16,-26.85,111.92
111610,4.039,0.077,10.423,0.2941,-2.7193,0.0256,-0.28,-28.45,111.87
111620,3.982,-0.125,9.759,-0.0484,0.0579,0.0572,0.17,-29.95,111.89
111630,3.868,0.069,10.031,0.2533,2.5637,-0.0190,-0.27,-28.37,112.00
111640,3.631,0.136,9.558,-0.0981,2.1716,0.0081,0.42,-27.03,111.90
111651,3.291,-0.125,10.306,-0.6235,1.8689,-0.0394,-0.38,-25.91,111.93
111661,2.791,0.052,10.292,0.3535,1.6992,0.0052,-0.29,-24.92,111.82
111671,2.459,-0.316,11.028,0.2564,2.6509,-0.0477,0.03,-23.91,111.80
111681,2.122,-0.279,10.703,0.1170,2.4850,0.0093,-0.02,-21.88,111.83
111691,1.815,0.238,10.648,0.2757,1.8617,0.0086,0.16,-21.06,111.85
111700,2.173,0.153,11.300,0.4295,2.2274,-0.0282,0.30,-19.76,111.84
111711,1.721,0.031,11.425,0.1537,1.9303,0.1296,0.65,-18.50,111.96
111721,1.354,0.322,10.996,-0.7427,2.3687,0.0116,0.49,-17.55,111.84
111730,1.401,0.028,11.618,-0.4935,2.4808,0.0264,-0.22,-15.79,111.98
111741,0.950,-0.022,11.449,0.0883,2.6887,0.1003,-0.09,-14.68,111.73
111751,0.634,0.199,11.641,0.1454,2.3284,0.0481,-0.16,-12.71,111.92
111760,0.791,0.156,11.361,-0.1663,1.5940,0.0045,0.05,-12.02,111.77
111771,0.428,0.095,11.459,-0.3131,2.2810,0.0514,-0.35,-10.89,111.97
111781,-0.307,-0.115,10.658,0.3430,2.0993,0.0293,-0.35,-9.42,111.85
111790,-0.157,0.100,10.667,0.2322,2.0666,-0.0923,0.01,-8.49,111.75
111800,-0.353,-0.035,10.740,0.0919,2.2914,-0.0259,-0.06,-7.08,111.79
111810,-0.865,0.396,10.257,0.1982,2.5235,0.0478,0.11,-5.85,111.82
111820,-0.975,-0.235,9.728,-0.5692,1.6055,-0.0236,0.17,-4.19,111.85
111830,-0.753,-0.011,9.733,-0.1073,1.5045,0.1147,-0.53,-4.01,111.83
111841,-0.821,0.394,9.458,0.4594,2.5680,-0.0713,0.03,-2.46,112.05
111850,-0.509,0.350,8.903,0.1920,1.2994,-0.0046,-0.02,-1.08,111.85
111860,-1.470,-0.599,8.744,0.0228,0.9328,0.0263,0.24,-0.98,111.93
111871,-1.039,0.128,8.527,-0.3863,1.4647,-0.0119,0.03,-0.03,111.79
111880,-1.007,-0.202,7.987,-0.1470,1.7242,-0.0357,-0.21,0.72,111.81
111891,-1.735,-0.006,8.082,0.1577,1.8241,-0.0686,-0.17,1.93,111.85
111900,-1.388,-0.083,8.076,0.1351,1.3186,0.0415,-0.06,2.83,111.94
111911,-1.781,0.172,7.988,-0.0553,1.6558,0.0543,-0.01,3.43,111.87
111920,-1.740,0.005,7.470,-0.1104,1.9123,0.0155,-0.10,4.72,111.88
111930,-1.830,-0.119,7.711,0.1122,1.3186,-0.0253,-0.10,5.59,111.87
111940,-1.726,0.369,7.779,0.0317,1.6508,0.0272,0.01,6.25,111.92
111951,-1.661,0.091,7.887,-0.1030,1.6304,0.0304,-0.05,7.44,111.88
111961,-1.644,-0.003,8.111,0.6310,1.5520,-0.0467,-0.11,8.15,111.79
111971,-2.026,-0.275,7.554,0.3504,1.4874,-0.0437,0.67,9.24,111.92
111980,-1.776,0.002,8.074,-0.6007,1.4708,-0.0592,0.27,9.86,111.76
111990,-2.407,0.117,7.926,-0.2207,1.6808,0.0315,-0.02,10.92,111.85
112001,-2.316,0.342,8.872,0.0670,1.6410,-0.0762,0.03,11.79,111.77
112011,-2.703,0.099,8.800,-0.2632,1.4076,0.0238,0.07,12.78,111.93
112021,-2.755,0.519,8.903,-0.2110,1.3981,-0.0149,-0.25,13.38,111.90
112031,-2.202,0.123,9.125,-0.0042,0.6746,0.0365,-0.17,14.35,111.74
112041,-2.378,-0.118,22.664,0.4462,-0.5300,0.0338,-0.24,14.19,111.90
112051,-2.415,0.177,20.013,1.1985,-2.0095,-0.0626,0.35,13.77,111.99
112060,-1.995,0.489,16.102,0.4958,-3.0935,0.0269,1.16,11.88,112.01
112071,-1.663,-0.351,12.450,0.6006,-2.5581,-0.0381,0.90,10.20,111.85
112081,-0.867,0.208,10.196,1.1041,-2.6198,-0.0490,1.87,8.99,111.93
112090,-0.680,0.339,9.610,0.3788,-2.5523,-0.0705,2.17,7.20,111.71
112101,-0.482,-0.055,10.040,0.9901,-2.6229,0.1496,2.35,6.08,111.94
112111,0.004,0.150,10.082,0.9494,-2.6587,0.1597,3.31,4.21,111.87
112120,-0.149,0.114,9.959,0.2953,-2.0189,0.0923,3.45,3.03,111.96
112131,1.045,0.358,9.835,0.8307,-2.2748,0.0057,3.64,1.89,111.93
112140,0.501,1.062,9.774,0.8617,-1.6105,-0.0289,4.42,0.45,111.79
112151,1.038,0.740,9.931,0.2183,-0.2724,0.1186,4.66,0.04,111.79
112161,0.739,0.855,9.721,-0.0367,-0.2650,0.0270,4.69,0.13,111.76
112171,0.963,1.169,9.835,0.6227,-0.0324,-0.0433,4.65,-0.29,111.83
112180,1.146,1.090,9.930,0.6859,0.4009,0.0734,5.38,0.07,111.81
112190,1.069,0.833,9.874,0.7115,0.1834,-0.0711,5.43,0.16,111.93
112201,1.084,0.579,9.922,1.0825,-0.5657,0.0533,6.19,0.25,111.76
112210,1.897,0.488,9.383,0.8162,0.0692,0.0045,6.69,-0.50,111.92
112220,1.223,1.551,10.086,0.0283,0.2733,-0.0250,7.09,0.33,111.81
112230,1.821,1.193,9.833,0.2382,0.0525,0.0490,6.74,-0.17,111.89
112241,0.981,1.585,9.951,0.3703,0.5023,-0.0506,7.36,0.39,111.86
112250,1.315,1.399,9.887,0.1231,-0.4736,0.0378,7.17,0.42,111.76
112261,1.240,1.488,9.452,0.7737,-0.1160,-0.0109,7.53,-0.17,111.89
112271,1.151,1.253,9.206,0.3453,0.3121,0.0237,8.04,0.28,111.91
112281,1.482,1.446,10.072,0.1512,-0.2364,-0.0376,7.90,0.20,111.92
112291,0.967,1.393,9.453,0.5310,-0.4620,0.0084,8.18,0.03,111.97
112300,1.671,1.804,9.909,0.0075,-0.0795,-0.0141,8.48,-0.38,111.77
112310,1.386,1.278,9.692,0.0543,0.2146,0.0241,8.17,-0.07,111.74
112321,1.089,1.285,9.726,0.8927,-0.1052,-0.0755,8.57,-0.10,111.82
112330,1.582,1.618,9.390,-0.0359,0.0693,0.0444,9.18,-0.20,111.67
112340,1.485,1.363,9.922,-0.5807,0.4313,-0.0714,8.52,-0.02,111.88
112351,1.658,1.310,9.349,0.2331,0.2677,0.0104,8.49,0.31,111.88
112361,0.954,1.101,9.365,-0.0472,-0.5969,-0.1555,8.76,0.27,111.92
112371,1.429,1.597,9.837,-0.0567,-0.3616,0.0644,8.45,-0.37,111.95
112381,1.446,1.687,9.802,0.1844,0.2204,-0.0260,8.72,-0.18,111.75
112391,1.596,1.711,9.918,-0.4025,0.1530,0.1128,8.63,-0.09,111.90
112401,1.387,1.612,9.982,-0.3012,-0.6098,-0.0162,8.26,-0.02,111.87
112411,1.534,1.288,9.786,0.1943,0.5137,-0.0900,8.27,-0.81,111.97
112421,0.938,1.430,9.704,-0.3432,0.6642,-0.0614,8.47,0.57,111.86
112430,1.118,1.224,9.158,-0.9180,-0.5228,0.0671,7.91,-0.05,111.74
112441,0.932,1.830,10.109,-0.6276,0.4021,0.0129,7.42,-0.01,111.88
112451,1.096,0.810,9.410,0.2043,0.1044,0.0821,7.19,0.45,111.74
112460,0.912,1.281,9.850,-0.0864,-0.7774,0.0194,7.67,0.11,111.90
112471,0.414,1.488,9.600,-0.7325,-0.5601,-0.0481,7.14,-0.43,111.85
112481,0.565,1.385,9.923,-0.5778,0.9483,0.0236,6.79,-0.54,111.82
112490,0.419,1.103,9.570,-0.1404,0.2710,0.0292,6.49,0.68,111.97
112501,0.659,1.047,9.953,-0.0812,-0.6430,0.0271,6.65,-0.23,111.94
112510,0.490,0.821,10.070,-0.2772,0.1243,-0.0240,6.42,-0.05,111.85
112520,0.770,0.922,10.271,-0.4387,-0.1937,0.0615,6.34,-0.05,111.94
112530,0.317,0.817,10.366,-0.1594,-1.7504,-0.0155,5.96,-0.24,111.87
112540,0.794,1.197,10.257,-0.3475,-3.2663,0.0718,6.13,-2.08,111.85
112550,0.915,0.741,11.012,-1.0288,-2.7786,-0.0307,5.57,-3.97,111.68
112561,0.836,0.750,10.851,-0.5871,-2.6788,-0.0948,4.94,-5.25,111.83
112571,1.348,0.926,12.075,-0.5163,-3.3056,0.0028,4.93,-7.03,111.86
112580,1.146,0.672,12.384,-1.2604,-3.1655,0.0471,4.37,-9.04,111.89
112591,1.842,0.722,12.559,-0.5762,-2.3645,0.0450,3.51,-10.64,112.08
112601,2.132,0.311,12.700,0.0278,-2.2958,0.0154,3.72,-11.74,111.89
112611,1.888,0.853,13.307,-0.9102,-2.6571,0.0395,3.52,-13.27,111.82
112621,1.918,0.257,13.523,-0.8857,-3.1075,-0.0487,2.65,-14.78,111.82
112631,2.556,0.081,13.540,-0.6274,-3.1042,-0.0429,2.49,-16.82,111.69
112641,2.484,0.401,13.955,-0.5752,-3.1076,0.0336,1.95,-18.32,111.82
112650,2.318,0.217,12.761,-0.5959,-2.8726,0.0090,1.82,-20.36,111.71
112661,2.746,0.563,12.749,-0.5580,-2.5450,0.0066,1.30,-21.64,111.85
112671,2.853,-0.004,12.500,-1.1800,-2.9461,0.0101,1.24,-23.31,111.90
112680,3.561,0.154,11.357,-0.5739,-2.8889,0.0240,-0.04,-25.01,111.72
112691,3.283,0.118,11.118,0.0725,-2.8598,0.0346,0.58,-26.66,111.97
112700,3.551,-0.146,10.143,-0.4870,-2.7046,-0.1054,0.02,-28.26,112.02
112710,3.733,-0.386,9.708,-0.1869,-0.6514,-0.0576,-0.05,-29.75,111.86
112721,3.719,-0.042,9.501,0.1585,2.0304,0.0116,-0.20,-28.96,111.87
112730,2.929,0.133,9.803,0.3919,2.1121,0.0262,0.12,-27.41,111.83
112741,3.170,0.136,10.495,0.0570,2.6464,0.0669,0.25,-26.47,111.69
112751,2.668,-0.352,10.375,-0.2647,2.4237,0.0246,0.19,-24.39,111.95
112760,2.392,0.150,10.534,-0.6299,1.8845,-0.0115,-0.03,-23.70,111.78
112770,2.514,-0.241,11.129,-0.0014,2.2914,-0.0259,-0.53,-22.27,111.86
112781,2.396,0.297,10.934,0.3529,2.7109,-0.0097,-0.02,-21.09,111.82
112791,1.966,0.229,11.190,0.0049,2.0564,-0.0675,-0.14,-19.21,111.80
112801,1.756,0.078,11.243,-0.2032,1.2036,0.1448,-0.01,-18.75,111.82
112811,1.885,-0.078,11.472,0.0199,2.1517,0.0684,-0.33,-17.85,111.74
112821,1.396,-0.196,11.476,-0.0396,2.7546,0.0234,0.01,-16.25,111.91
112831,1.389,-0.221,11.482,-0.0408,2.4223,-0.0173,-0.36,-14.73,111.92
112840,0.865,0.052,10.937,0.3498,1.6117,-0.0716,-0.08,-13.44,111.85
112851,0.519,-0.494,11.147,0.1286,2.4548,0.0500,0.02,-12.87,111.83
112860,0.555,-0.039,11.255,0.1453,2.5576,-0.0229,0.11,-10.66,111.86
112870,0.459,-0.076,11.485,-0.1568,1.7397,0.0630,0.20,-9.94,111.77
112881,-0.106,0.209,10.635,-0.9301,2.5655,0.0648,-0.05,-8.61,111.81
112890,0.189,-0.006,10.840,0.0072,2.5910,-0.0354,-0.89,-7.03,111.76
112901,-0.625,-0.002,10.284,0.5508,1.9814,0.0616,-0.08,-5.61,111.88
112911,-0.611,0.250,10.299,-0.0965,1.5884,0.0534,-0.25,-4.80,111.85
112921,-0.667,0.241,9.851,0.3479,1.3977,-0.0069,-0.18,-3.81,111.80
112930,-0.998,-0.538,10.097,0.4329,1.2972,-0.0135,0.14,-3.16,111.87
112941,-0.949,-0.113,9.101,0.3147,1.6435,-0.0082,0.34,-2.33,111.79
112951,-1.357,0.002,8.500,-0.2125,2.5015,-0.0522,0.52,-1.25,111.89
112961,-1.057,-0.206,8.335,-0.4116,1.7842,0.1458,0.08,0.51,111.65
112971,-1.339,-0.002,8.486,0.4621,1.2526,-0.0716,0.07,0.77,111.61
112981,-1.390,-0.090,8.351,-0.2527,1.5302,0.0408,0.63,1.97,111.81
112991,-1.453,-0.567,8.251,-0.4290,1.3421,0.0375,-0.20,2.54,111.88
113000,-1.415,0.143,8.118,0.5832,1.3160,0.0612,0.12,3.50,111.81
113011,-1.592,-0.052,7.669,-0.1915,1.7194,-0.0289,0.45,4.05,111.85
113021,-1.920,0.114,7.744,-0.3730,1.8724,-0.0272,-0.11,5.46,111.82
113031,-1.745,-0.278,7.872,-0.1262,1.1391,0.0128,-0.03,6.19,112.00
113041,-1.822,-0.034,7.821,-0.1889,1.9730,-0.1150,-0.26,6.80,111.88
113051,-1.927,-0.103,8.516,0.6069,1.8564,-0.0261,-0.20,8.40,111.77
113060,-2.470,-0.218,8.174,0.5512,1.0577,0.1302,0.40,8.97,111.72
113070,-2.188,0.110,7.961,-0.6259,1.4685,0.0611,0.40,9.63,111.83
113080,-2.428,0.416,8.458,-0.2839,2.0222,-0.0227,-0.29,10.62,111.77
113091,-2.203,0.027,8.176,0.0626,1.6940,0.0383,0.08,11.96,111.72
113100,-2.211,-0.466,8.233,-0.4927,0.8923,0.0906,-0.19,12.52,111.88
113110,-2.296,-0.437,8.705,0.2392,2.1941,0.1083,-0.48,12.97,111.91
113120,-2.893,0.234,9.254,0.4478,0.7717,-0.0578,0.06,15.08,111.85
113131,-2.593,0.346,25.008,0.8710,-1.7084,0.0614,-0.01,13.84,111.92
113140,-2.091,0.204,22.021,1.0448,-1.7743,-0.0400,1.07,13.10,111.88
113151,-1.964,-0.075,17.336,0.5165,-2.1292,-0.0494,1.19,11.77,111.84
113161,-1.222,0.060,13.773,0.9951,-2.6481,-0.0239,1.66,10.67,111.70
113171,-1.701,0.017,13.624,0.4304,-2.8339,0.0258,2.35,8.74,111.62
113180,-0.690,0.848,16.028,0.7083,-1.8878,0.0084,2.17,7.44,111.75
113190,-1.286,0.521,19.060,0.1337,-1.9429,0.0206,3.13,6.57,111.81
113201,-0.147,0.625,18.809,0.4220,-2.3738,0.0402,2.27,5.19,111.91
113210,-0.318,0.498,16.035,1.7717,-2.5936,-0.0214,3.61,3.86,111.81
113220,0.359,1.206,12.034,0.8374,-2.5852,-0.0112,4.27,2.24,111.80
113230,0.587,0.598,10.029,0.7949,-1.8539,-0.1086,4.55,0.86,111.88
113240,0.987,0.933,10.212,0.1167,-0.3618,-0.0591,5.22,0.08,111.88
113251,1.168,0.807,9.702,-0.0579,-0.2822,0.0171,4.67,0.44,111.70
113261,1.395,0.413,9.893,1.1593,-0.6691,0.0521,5.16,-0.26,111.79
113270,1.519,0.509,9.576,0.7732,0.5554,-0.0520,5.97,-0.30,111.90
113280,0.930,0.996,9.813,-0.5045,0.3270,0.0263,6.06,0.33,111.70
113290,1.361,0.794,9.649,0.3275,-0.4490,-0.0047,5.42,0.04,111.82
113300,0.886,1.087,9.959,1.5882,0.0127,-0.0089,6.42,-0.15,111.84
113310,1.177,0.904,9.774,0.2735,0.2231,-0.0300,7.23,0.10,111.92
113321,1.535,1.324,9.805,0.8593,0.1945,-0.0039,6.73,0.13,111.81
113330,1.174,1.235,9.661,0.5778,-0.0625,-0.0528,8.23,0.30,111.79
113341,1.550,0.978,9.925,-0.1489,-0.1904,0.0228,7.40,0.12,111.78
113351,1.671,1.791,9.651,0.7438,0.7077,0.0021,8.07,0.09,111.84
113360,1.065,1.473,9.898,0.1061,-0.0741,-0.0466,8.25,0.92,111.73
113371,1.284,0.752,9.563,0.0432,-1.2422,-0.0644,8.21,-0.04,111.90
113381,1.514,1.375,9.748,0.3624,0.0091,-0.0399,8.28,-0.50,111.81
113390,1.728,1.335,9.745,-0.0584,0.4776,-0.0073,8.62,-0.05,111.80
113401,1.605,0.934,9.634,0.2914,0.1038,0.0601,8.24,0.02,111.90
113411,1.248,1.405,9.389,0.4774,0.0358,0.0382,8.97,0.12,111.73
113421,1.439,1.581,9.479,-0.4054,0.0778,0.0033,8.80,0.05,111.69
113430,1.550,1.324,9.417,0.5211,0.0957,-0.0176,8.53,0.25,112.02
113441,0.986,1.839,9.792,0.5391,-0.0366,-0.0410,9.41,0.12,111.61
113450,1.842,1.288,10.014,-0.0239,-0.2146,0.0267,9.14,0.19,111.70
113460,1.354,1.577,9.379,-0.2167,0.0245,0.0106,9.41,-0.11,111.99
113471,0.965,1.470,9.843,-0.8153,0.1895,-0.0996,8.94,0.18,111.80
113480,0.854,1.741,9.829,0.3673,-0.2610,-0.0008,8.46,0.10,111.76
113491,1.500,1.527,10.074,0.3030,-0.1568,-0.0104,9.32,-0.10,111.83
113500,1.335,1.513,9.681,-0.5393,0.4640,0.0267,8.79,-0.05,111.71
113510,1.275,1.906,9.448,-0.2643,0.1605,-0.0189,8.71,0.44,111.93
113521,0.976,1.723,9.649,0.3666,-0.4294,-0.0576,8.48,0.14,111.93
113530,1.502,1.665,10.142,-0.0681,-0.3010,-0.0150,9.13,-0.06,111.94
113541,0.963,1.272,9.764,-0.7651,0.0770,-0.0401,8.39,-0.20,111.96
113550,1.029,1.528,9.486,0.4729,-0.2042,0.0645,8.29,0.02,111.68
113560,1.059,1.451,9.749,-0.3509,0.1493,0.1081,8.92,-0.41,111.82
113571,1.051,1.130,9.215,-1.1062,-0.0518,0.0391,7.89,0.19,111.92
113581,0.785,1.313,10.088,-0.6083,-0.3764,0.1052,7.65,-0.46,111.88
113590,0.550,1.704,9.732,-0.9988,-0.0115,-0.1187,7.24,-0.24,111.84
113601,1.154,1.133,9.692,-0.2874,0.4831,0.0230,6.52,-0.48,111.90
113611,0.533,1.214,9.745,0.5665,-0.3212,0.0152,6.88,0.33,111.75
113620,0.489,1.629,9.699,-0.6205,-1.3745,-0.0177,7.13,-0.85,111.88
113630,0.177,1.425,10.399,-0.5195,-1.2347,0.0051,6.19,-1.23,111.89
113640,0.522,1.268,9.929,-0.4961,-2.2020,0.0373,6.54,-2.27,111.86
113651,0.561,0.804,11.207,-1.0525,-2.8468,0.0669,5.62,-3.77,111.80
113660,1.064,0.898,11.328,-0.7801,-2.5249,0.0518,5.35,-5.55,111.62
113671,0.907,0.698,11.562,-0.4353,-2.4307,-0.0288,4.76,-6.68,111.99
113680,1.847,0.726,12.695,-0.1077,-2.8822,-0.0164,4.82,-8.34,111.75
113691,1.941,0.790,12.538,-0.7295,-2.8092,-0.1927,4.63,-9.96,111.82
113701,1.532,0.628,13.382,-0.8674,-3.0105,0.0681,4.02,-11.51,111.66
113710,2.288,0.491,13.850,-0.8105,-2.9767,0.0171,3.62,-13.40,111.68
113720,2.418,0.709,13.483,-0.6781,-2.2852,0.0427,3.07,-14.90,111.71
113731,2.191,0.663,14.186,-0.8944,-2.4688,0.0144,2.79,-16.03,111.84
113740,2.789,0.257,14.260,-0.6502,-3.0160,-0.0154,1.97,-17.72,111.80
113750,3.041,0.218,13.792,-0.4609,-3.1770,-0.0715,2.06,-19.49,111.82
113760,3.572,0.465,13.614,-1.0847,-2.5844,-0.0804,1.44,-21.39,111.75
113771,3.170,0.012,13.649,-1.1633,-2.7025,0.0356,0.79,-22.47,111.84
113780,3.108,0.109,12.367,-0.5157,-3.3410,-0.0269,0.08,-24.48,111.80
113791,3.477,0.366,11.330,0.0860,-2.5806,-0.0171,0.23,-26.32,111.74
113800,3.564,-0.397,11.009,-0.1841,-1.8934,0.1047,0.16,-27.47,111.77
113811,3.616,0.306,10.181,-0.2362,-0.9650,0.0023,0.02,-28.49,112.00
113820,3.769,0.389,9.987,-0.1027,0.2684,0.0244,-0.12,-28.60,111.98
113830,3.458,0.266,10.257,0.2996,1.6083,0.0355,-0.08,-28.18,111.78
113840,3.064,-0.043,10.443,-0.2255,1.8726,-0.0044,0.19,-26.71,111.84
113851,3.468,0.147,10.516,-0.4240,2.3367,0.0217,-0.34,-26.04,111.90
113860,2.431,-0.290,10.107,0.5045,2.7841,-0.0509,-0.30,-24.05,111.69
113871,2.865,0.164,10.565,0.2257,1.4652,0.0050,0.24,-22.88,111.80
113880,2.654,-0.261,10.737,-0.2505,1.9577,0.0422,-0.08,-22.34,111.75
113891,2.245,-0.196,11.037,0.4292,2.7191,0.0901,-0.02,-20.66,111.85
113901,1.393,0.565,11.387,0.3033,2.3625,0.0404,0.43,-19.26,111.86
113910,1.515,0.277,11.050,-0.5834,1.9974,0.0212,0.31,-17.99,111.77
113921,1.596,-0.199,11.296,-0.3836,2.0117,0.0359,-0.17,-16.98,111.68
113930,1.507,-0.111,11.397,0.3850,2.6941,0.0211,-0.10,-15.68,111.88
113941,1.334,0.214,11.648,-0.0016,2.0998,-0.0158,0.29,-13.85,111.79
113951,0.279,-0.145,11.355,-0.3754,1.8879,-0.0317,-0.07,-13.25,111.75
113960,0.374,-0.019,11.745,0.4010,2.4018,-0.0811,-0.16,-11.70,111.81
113970,-0.113,0.370,11.377,-0.1166,1.8157,0.0073,0.39,-10.50,111.83
113981,0.318,-0.296,11.471,-0.1335,1.8412,0.0885,-0.27,-9.58,111.80
113990,0.110,-0.265,10.763,-0.3140,2.0856,0.0010,0.27,-8.36,111.84
114000,-0.051,0.025,10.259,-0.3492,2.3340,-0.0041,-0.65,-7.17,111.75
114010,-0.632,-0.244,10.000,0.6046,2.6288,-0.0190,-0.12,-5.69,111.82
114020,-0.878,0.086,10.270,0.2427,1.5947,-0.0208,0.03,-4.17,111.79
114030,-0.798,-0.095,9.366,-0.4795,0.9964,0.1259,0.15,-3.88,111.89
114040,-1.078,0.120,9.182,-0.4468,1.6828,-0.0422,-0.54,-3.02,111.77
114051,-0.790,0.103,8.886,0.6692,1.6019,-0.0242,-0.32,-1.95,111.75
114061,-0.877,-0.390,8.510,0.2271,1.4896,0.0273,0.19,-1.12,111.83
114071,-1.010,0.044,8.901,-0.4773,2.0796,-0.0146,-0.03,-0.25,111.67
114080,-1.396,0.043,8.582,0.0069,1.9998,-0.0059,-0.34,1.27,111.75
114091,-1.391,-0.242,8.262,0.6209,0.9198,0.0530,-0.02,2.08,111.96
114100,-1.105,0.238,8.634,0.1182,1.6565,-0.0297,0.40,2.35,111.83
114110,-2.214,0.362,7.752,-0.6839,2.2511,0.0662,0.11,4.00,111.88
114120,-2.128,-0.638,7.898,0.2496,0.7645,0.0025,-0.39,4.93,111.65
114130,-1.617,-0.229,7.615,0.4936,1.3757,0.0095,0.42,4.85,111.86
114141,-1.835,-0.053,7.306,-0.1968,2.0595,-0.0112,0.18,6.49,111.80
114150,-2.157,0.121,7.734,-0.0685,1.4322,0.0560,0.16,7.21,111.68
114160,-1.967,-0.339,7.757,-0.0993,1.3287,-0.0179,0.11,8.14,111.83
114171,-2.353,-0.088,7.834,-0.0504,1.0672,-0.0215,0.03,8.73,111.74
114180,-2.194,0.331,7.879,-0.0250,1.6714,0.0072,0.07,9.36,111.71
114190,-2.095,-0.051,8.020,-0.2972,2.2466,0.0304,0.00,10.63,111.96
114201,-2.745,-0.109,8.222,0.0461,1.2515,-0.0455,-0.29,11.90,111.82
114210,-2.940,0.105,8.438,-0.1338,1.3657,0.0366,0.05,12.07,111.82
114221,-2.411,-0.544,8.488,0.2992,1.9363,-0.0247,-0.45,13.48,111.84
114231,-2.272,-0.004,9.211,0.9753,0.6397,-0.0836,0.40,14.31,111.99
114240,-2.401,-0.082,25.992,0.1088,-0.4557,0.0004,0.68,14.25,111.86
114250,-2.661,-0.086,23.457,0.4842,-1.9957,0.0905,0.53,13.79,111.77
114260,-1.581,-0.009,18.754,0.5198,-3.0335,0.1391,1.22,11.94,111.76
114271,-1.301,0.357,14.737,0.7213,-1.5783,0.0764,1.13,10.29,111.73
114281,-1.330,0.271,11.507,0.9299,-1.5928,0.0251,2.10,10.10,111.88
114290,-0.970,0.013,10.429,-0.2627,-2.1163,0.0655,2.22,8.43,111.83
114300,-0.731,0.362,9.638,0.1213,-2.5230,-0.0032,1.80,7.65,111.97
114311,-0.391,0.217,9.820,1.2660,-2.9294,0.0282,2.38,5.52,111.86
114320,-0.210,0.742,9.624,0.9312,-2.2688,0.0801,3.26,4.33,111.89
114331,0.165,0.345,9.498,1.1528,-2.4519,-0.0475,3.46,2.92,111.81
114340,0.608,0.934,9.636,0.9732,-1.8885,0.0549,4.55,1.53,111.86
114351,0.505,0.775,9.941,0.3639,-1.4089,-0.0415,4.56,0.74,111.71
114360,0.704,0.934,9.552,0.0497,-0.4232,-0.0015,4.98,-0.11,111.74
114371,0.827,0.720,9.819,0.7632,0.1609,-0.0316,4.62,0.28,111.82
114381,1.127,1.157,9.284,0.9603,0.0312,-0.0165,5.86,0.09,111.92
114391,0.988,1.232,9.950,0.2340,0.3149,-0.0498,5.69,0.31,111.73
114400,1.366,0.965,9.579,0.4739,-0.0646,0.0497,6.13,0.47,111.71
114410,1.170,0.788,9.508,0.5899,-0.2280,-0.0202,6.22,0.20,111.96
114420,0.944,1.164,10.091,1.0366,-0.1860,0.0483,6.80,0.19,111.86
114431,1.493,1.301,9.846,0.1106,-0.2588,-0.0238,7.36,-0.00,111.80
114440,1.250,1.104,9.657,0.3693,-0.1994,0.0326,6.91,-0.13,111.72
114451,1.406,1.665,9.889,0.7826,0.3169,-0.0677,7.82,-0.23,111.77
114461,1.813,1.242,9.574,0.3302,0.4928,-0.0030,7.78,0.28,111.74
114470,1.480,1.518,9.871,0.4817,-0.3862,0.0330,8.23,0.36,111.82
114480,1.684,1.299,9.483,0.5536,0.0936,0.0297,8.34,-0.15,111.90
114491,1.456,1.456,10.050,0.4960,0.2995,-0.0380,8.86,0.49,111.83
114501,1.349,1.370,9.271,-0.0034,-0.7991,-0.0131,8.90,0.19,111.85
114511,1.618,1.688,9.854,-0.4027,0.1472,-0.0289,8.89,-0.36,111.77
114521,1.219,1.335,9.905,0.1518,0.2288,-0.0041,8.41,0.34,111.84
114531,1.469,1.395,10.096,0.6120,0.1602,-0.0003,9.11,-0.12,111.90
114540,1.193,1.553,9.927,0.5487,0.2041,-0.1474,9.08,0.58,111.85
114550,1.576,1.835,9.856,0.7928,-0.4416,-0.0066,9.76,0.11,111.84
114560,1.401,1.733,9.781,-0.1464,-0.5321,-0.0526,10.01,0.10,111.75
114571,1.461,1.729,9.184,-0.6804,0.2409,-0.1692,9.56,-0.48,111.72
114580,1.292,1.498,9.624,-0.5429,0.8222,0.0019,9.20,0.37,111.79
114591,0.926,1.273,9.846,0.2025,-0.5259,-0.0162,8.93,0.50,111.87
114601,1.445,1.771,9.914,0.1082,-0.2855,-0.0557,9.42,-0.22,111.92
114610,0.981,1.695,9.638,-0.1485,0.3531,0.0672,9.06,0.17,111.71
114621,1.639,1.173,9.632,0.1830,-0.2206,0.0606,9.26,0.21,111.85
114630,1.819,1.483,9.682,-0.1677,-0.3170,-0.0198,9.28,-0.12,111.87
114641,0.558,1.913,9.650,-0.2699,-0.0482,-0.0326,9.07,-0.13,111.89
114651,1.330,1.493,9.772,-0.3714,0.1668,-0.0481,9.00,-0.18,111.61
114660,1.049,1.755,9.760,-0.1322,0.1722,-0.0145,8.62,0.09,111.86
114671,1.442,1.939,10.127,-0.0217,0.1985,-0.0039,8.86,0.01,111.85
114681,1.264,1.222,9.483,-0.1308,0.2703,-0.0020,8.59,0.29,111.70
114690,0.817,1.889,9.802,0.2089,-0.7607,0.0549,8.69,0.32,111.79
114701,1.052,2.238,9.658,-0.7245,-0.3599,-0.0259,8.86,-0.60,111.82
114710,0.956,1.139,9.263,-1.6194,0.4804,-0.0254,7.84,-0.09,111.80
114720,0.574,0.965,9.520,-0.3080,0.3399,0.0054,7.00,-0.04,111.70
114731,0.929,1.732,10.187,0.2900,-0.0173,0.0561,7.52,0.28,111.75
114740,0.443,1.572,10.020,-0.1734,0.0398,-0.0034,7.32,-0.03,111.81
114751,0.687,0.936,9.868,-0.4318,-0.1259,0.0982,7.30,0.32,111.81
114760,0.595,0.671,9.837,-0.7353,-1.2867,-0.0465,6.83,-0.16,111.74
114771,0.257,1.486,10.397,-0.6917,-1.8332,-0.0012,6.44,-1.14,111.89
114780,1.422,0.817,10.632,-0.0038,-2.8155,0.1034,6.04,-2.28,111.78
114790,1.156,1.175,10.338,-0.5222,-2.7019,-0.0677,6.44,-4.32,111.95
114800,1.171,1.225,11.169,-0.8618,-2.3559,-0.0523,5.42,-5.39,111.71
114810,1.245,1.011,11.370,-0.1090,-2.9561,-0.0490,5.43,-7.00,111.80
114820,1.799,0.947,12.031,-0.9603,-2.6841,-0.0064,5.27,-8.74,111.76
114831,1.565,0.602,12.975,-1.0876,-2.0778,-0.0690,4.35,-10.08,111.80
114840,1.806,0.330,13.099,-0.8084,-2.8910,-0.0282,4.06,-11.16,111.81
114851,2.529,0.349,13.227,-0.3911,-2.1256,0.0618,3.42,-13.37,111.87
114860,2.005,0.264,14.402,-0.2177,-2.3856,0.0474,3.62,-13.58,111.82
114870,2.612,1.014,14.454,-0.8960,-3.3912,-0.0284,3.15,-16.10,111.86
114880,2.217,0.323,14.531,-0.8825,-2.2644,-0.0002,2.58,-17.52,111.94
114890,2.787,0.410,14.235,-0.3020,-2.3584,0.1030,2.12,-18.66,111.98
114900,3.025,0.697,13.700,-0.4152,-3.1598,0.0264,2.23,-20.19,112.01
114910,2.913,0.392,13.166,-1.5584,-2.4877,0.0511,1.65,-22.30,111.85
114921,3.192,-0.134,12.338,-1.0879,-2.2315,0.0126,0.47,-23.02,111.76
114930,3.330,-0.097,12.400,-0.1668,-3.0499,-0.0153,0.42,-24.83,111.77
114940,3.827,0.092,11.413,-0.1946,-3.2393,0.0016,0.29,-26.49,111.80
114950,3.907,-0.085,10.690,-0.0217,-2.9395,-0.0113,0.18,-28.54,111.83
114961,4.135,-0.328,9.916,-0.0392,-0.4943,-0.0055,0.24,-29.84,111.77
114970,3.255,0.010,9.743,0.0290,1.5301,-0.0044,0.16,-29.12,111.84
114981,3.614,-0.064,9.746,0.1476,1.8972,0.0145,0.28,-28.14,111.93
114990,3.533,0.339,9.933,0.1042,2.4293,-0.0019,0.33,-26.92,111.72
115001,3.006,0.030,9.979,-0.3648,1.7960,0.0594,0.36,-25.39,111.87
115010,2.833,-0.069,10.403,-0.0133,1.9749,-0.0278,-0.11,-24.86,111.73
115021,2.676,0.324,10.382,0.0340,2.5577,0.0564,0.35,-23.14,111.92
115030,2.268,0.009,10.645,-0.5480,1.9437,0.0518,-0.10,-21.91,111.92
115040,2.207,0.121,10.808,-0.4341,1.8915,0.0309,-0.27,-20.92,111.80
115051,1.717,-0.706,11.151,0.3150,1.9319,0.0182,-0.59,-19.73,111.81
115061,1.972,-0.560,11.752,0.1939,2.3999,-0.0306,0.08,-18.71,111.90
115071,1.298,-0.038,11.472,-0.1999,2.3437,-0.0153,-0.34,-17.00,111.74
115080,1.223,-0.169,11.546,0.4302,1.7437,-0.0054,-0.15,-16.00,111.86
115090,0.993,0.009,11.417,0.3421,1.8849,-0.0470,0.19,-15.06,111.83
115101,0.535,0.102,11.352,-0.6538,2.2047,-0.0030,0.25,-13.81,111.85
115111,0.649,0.070,11.481,-0.0089,2.3825,0.0284,-0.53,-12.52,111.74
115121,0.359,0.052,10.872,0.3942,1.8396,-0.0799,0.26,-11.09,111.83
115130,0.344,-0.110,10.668,-0.0383,2.1409,-0.0568,-0.09,-10.45,111.83
115140,0.344,-0.343,11.244,0.3723,2.6756,-0.0340,0.25,-8.64,111.84
115151,-0.611,0.517,10.397,-0.3535,1.9417,-0.0430,0.36,-7.42,112.01
115161,-0.088,0.185,10.407,-0.1326,2.0238,0.0036,-0.16,-6.43,111.81
115170,-0.140,-0.342,10.438,0.1038,1.7777,-0.0150,0.18,-5.10,111.70
115181,-0.267,0.003,10.019,-0.4369,1.2174,-0.0553,-0.06,-4.37,111.73
115191,-0.965,0.263,9.617,-0.0418,1.2426,0.0119,-0.32,-3.74,111.79
115200,-0.821,0.005,9.242,0.5371,1.2810,-0.0627,-0.08,-2.95,111.94
115210,-0.971,0.649,8.815,0.2942,1.9267,-0.0045,0.28,-2.24,111.88
115220,-0.944,0.072,8.455,-0.0407,1.9946,0.0443,0.24,-0.74,111.90
115230,-0.810,-0.119,9.123,-0.2708,1.3134,-0.1423,0.23,0.07,111.86
115241,-1.301,-0.466,8.203,-0.6634,1.1217,0.0503,-0.09,0.74,111.83
115250,-1.364,-0.209,8.187,0.2796,1.4552,-0.0674,-0.53,1.36,111.74
115261,-1.073,0.374,8.207,0.3878,1.5174,0.0259,0.23,2.43,111.84
115270,-1.158,0.192,7.813,-0.1912,1.2629,-0.0503,-0.09,3.12,111.97
115280,-1.693,0.142,7.920,0.1078,1.6816,0.0118,0.01,3.88,111.73
115290,-1.574,-0.233,7.745,0.0824,1.8202,-0.0797,0.02,5.03,111.62
115301,-1.447,0.337,7.520,-0.0385,1.2413,0.0523,0.08,5.93,111.83
115311,-1.997,-0.386,7.806,0.0586,1.7806,0.0633,-0.01,6.41,111.67
115321,-2.191,-0.145,7.985,-0.0366,2.1092,0.0458,0.09,7.99,111.85
115331,-2.615,-0.595,7.645,-0.3526,0.9152,0.0267,-0.05,8.84,111.73
115341,-2.132,0.062,8.211,-0.0873,0.7783,-0.0360,-0.31,9.02,111.64
115351,-2.227,0.137,8.336,0.5137,1.2807,-0.0706,-0.14,9.72,111.71
115360,-2.281,-0.012,8.646,0.6544,2.1425,-0.0240,0.32,10.47,111.86
115371,-1.919,-0.101,8.403,-0.0080,1.8510,0.0960,0.61,12.22,111.71
115380,-2.260,-0.432,9.039,-0.8603,1.2451,0.1016,0.35,12.61,111.82
115390,-2.745,0.192,9.284,-0.5758,1.7448,0.0470,-0.40,13.67,111.83
115401,-2.566,0.143,9.499,0.3238,0.4540,0.0769,-0.28,14.62,111.74
115410,-2.443,-0.161,25.126,0.7904,-1.1822,0.0678,0.01,14.17,111.76
115421,-1.948,0.338,21.696,0.7951,-1.8667,-0.0564,0.62,13.26,111.68
115430,-2.184,0.141,17.260,1.1161,-2.1821,-0.0107,0.90,12.01,111.89
115441,-1.496,0.440,13.538,1.0735,-2.4689,0.0052,1.94,10.73,111.87
115451,-1.285,-0.029,10.785,0.6052,-2.2409,-0.0906,2.11,9.18,111.70
115461,-0.720,0.258,10.331,1.3156,-2.2422,0.0634,2.68,8.16,111.69
115470,-0.709,0.907,9.786,0.8888,-2.7438,-0.0308,3.57,6.54,111.76
115481,-0.410,0.139,9.844,0.2266,-2.4744,-0.0196,3.71,4.99,111.80
115490,0.176,0.852,9.728,1.1827,-2.2900,0.0148,3.83,3.71,111.77
115501,0.713,0.653,9.930,1.3559,-2.4146,0.0349,5.04,2.37,111.85
115510,0.773,1.013,10.049,0.3984,-2.3668,0.0709,5.37,0.95,111.70
115520,0.666,0.592,9.730,0.5028,-0.7843,0.0054,5.49,-0.33,111.87
115531,0.537,1.176,9.828,0.9822,-0.1085,0.0341,5.95,0.07,111.90
115541,1.263,1.138,9.662,0.3547,0.0552,0.0155,6.61,-0.46,111.86
115551,0.988,1.264,9.681,1.0389,0.2303,0.0050,6.38,0.12,111.94
115560,1.635,1.574,9.773,1.6805,-0.1858,0.1094,7.80,-0.22,111.69
115570,1.271,1.451,9.601,0.0936,-0.0521,0.0012,8.32,-0.12,111.89
115581,1.827,1.169,9.245,-0.3328,0.2176,-0.0303,7.88,-0.29,111.82
115590,1.035,1.902,9.720,0.3892,0.0897,-0.0814,7.95,0.13,111.84
115600,1.185,1.345,9.486,1.2497,-0.0605,0.0498,8.32,-0.17,111.69
115611,1.358,1.731,9.353,1.1526,0.0584,0.0337,9.40,-0.01,111.75
115620,1.492,1.626,9.705,0.6036,-0.6433,-0.0118,9.63,-0.12,111.78
115630,1.965,2.027,9.563,0.1303,0.2239,-0.0359,10.10,-0.73,111.79
115640,0.838,1.584,9.510,0.2735,0.6813,-0.0401,9.80,0.11,111.78
115651,1.275,1.625,9.520,0.2452,-0.3671,0.0190,10.39,0.03,111.87
115661,1.280,1.483,9.308,-0.1000,-0.0947,0.0109,10.10,-0.30,111.71
115670,1.446,2.178,9.790,0.2413,0.1866,-0.0026,10.23,-0.09,111.68
115681,1.990,1.670,9.495,0.1211,0.1514,0.1046,10.38,-0.11,111.77
115690,1.663,2.002,9.697,0.5352,0.5590,0.0166,10.44,0.05,111.90
115701,1.601,1.479,9.921,0.6062,0.1361,0.0431,10.99,0.55,111.63
115711,1.522,2.262,9.703,0.5049,-0.7888,0.0411,11.10,0.25,111.91
115720,1.505,2.126,9.717,0.1356,-0.3986,-0.0126,11.57,-0.35,111.76
115730,1.400,1.867,9.658,-0.3201,-0.0267,-0.0209,11.23,-0.19,111.73
115741,1.520,1.850,9.884,-0.3345,-0.4235,0.0016,11.22,-0.42,111.99
115751,1.637,1.760,9.147,-0.0222,0.5222,-0.0564,10.86,-0.65,111.83
115760,1.381,2.273,9.670,-0.3120,0.5342,-0.0543,11.20,0.18,111.70
115771,1.789,1.948,9.193,-0.5287,0.2823,-0.1322,10.53,-0.03,111.79
115781,1.221,1.998,10.030,-0.1774,0.3118,0.0347,10.59,0.48,111.82
115790,1.014,1.678,9.605,0.3799,-0.2490,-0.0087,10.29,0.33,111.82
115800,0.980,1.833,9.672,0.1186,-0.1187,0.0616,11.03,0.21,111.85
115811,1.008,1.764,9.435,-0.5538,0.1239,-0.0344,10.47,0.22,111.82
115820,1.343,1.560,9.224,-0.0670,-0.4999,0.0118,10.39,0.38,111.81
115831,1.069,1.729,10.270,-0.3276,-0.1440,-0.0643,10.37,-0.33,111.88
115840,0.534,1.728,10.050,-0.7180,0.1755,-0.0110,10.00,0.20,111.76
115850,1.055,1.867,9.579,-1.0700,-0.7221,-0.1019,9.52,-0.10,111.64
115861,0.916,1.666,9.892,-0.4614,0.1013,0.0226,8.82,-0.62,111.81
115870,0.836,1.697,9.759,0.0123,0.5506,-0.0179,9.00,0.03,111.77
115880,0.565,1.449,9.448,-0.1482,-0.0971,-0.0117,8.84,0.03,111.71
115890,0.824,1.671,10.159,-0.4890,0.1657,-0.0044,8.79,-0.10,111.79
115901,0.610,1.493,10.110,-1.2491,-0.3619,0.0208,8.29,0.26,111.60
115910,0.647,1.140,10.396,-0.6893,-2.0866,0.0700,7.35,-0.51,111.71
115921,0.341,1.641,10.561,-0.2179,-3.2759,0.0363,7.50,-2.17,111.80
115930,0.598,1.063,10.829,-1.2280,-2.5357,-0.0720,7.08,-4.24,111.62
115940,0.869,1.410,11.254,-0.9223,-2.4946,-0.0130,6.11,-5.06,111.80
115951,1.592,0.726,11.501,-0.5588,-4.0863,-0.0624,6.00,-7.11,111.85
115960,1.495,0.867,11.603,-0.8448,-3.1255,-0.0192,5.46,-9.73,111.78
115970,1.298,0.920,12.566,-0.5087,-1.7227,0.0642,5.02,-10.71,111.81
115980,1.787,0.948,13.287,-0.4597,-2.1890,0.0766,4.88,-11.73,111.68
115991,2.211,0.742,13.264,-1.2313,-2.8102,0.0281,4.49,-13.21,111.78
116000,2.184,0.798,13.804,-1.2861,-3.0203,0.0543,3.45,-14.97,111.78
116011,2.648,0.407,13.933,-0.9100,-2.4951,0.0203,3.04,-16.66,111.84
116020,1.973,0.677,13.876,-1.1756,-2.6635,0.0475,2.38,-17.86,111.77
116031,2.952,-0.076,13.590,-0.4528,-3.2099,0.0549,1.71,-19.71,111.87
116040,2.703,0.232,13.276,-0.5165,-2.3844,0.0033,1.84,-21.57,111.67
116050,2.684,0.081,13.099,-1.6341,-2.2840,0.0299,1.11,-22.46,111.82
116061,3.414,0.261,11.638,-0.7719,-3.1394,0.0138,-0.01,-24.19,111.79
116071,3.503,0.163,11.110,-0.3395,-3.0594,-0.0085,0.27,-26.05,111.89
116080,3.486,-0.191,10.594,0.0242,-2.8677,0.0167,-0.41,-27.68,111.88
116090,3.813,-0.282,10.102,0.1064,-1.2019,0.0718,0.32,-29.35,111.84
116100,3.825,0.031,9.982,-0.1710,0.9774,-0.0648,-0.33,-29.09,111.67
116111,3.750,0.040,10.401,0.2108,1.3535,-0.0386,0.12,-28.21,111.89
116121,3.867,-0.201,9.846,-0.3775,2.4894,-0.0545,-0.10,-27.55,111.83
116130,2.786,-0.085,9.819,0.0486,2.9229,-0.0166,-0.31,-25.35,111.87
116141,2.903,0.332,10.481,0.3631,2.0829,-0.0136,-0.09,-24.26,111.86
116151,2.971,0.138,10.241,-0.0218,2.3651,-0.0408,0.14,-22.96,111.98
116160,2.255,0.244,11.026,-0.4351,2.0674,-0.0409,-0.09,-21.55,112.01
116170,2.179,0.432,11.249,0.1333,1.9822,0.0067,-0.35,-20.62,111.73
116181,2.130,-0.221,11.392,0.2548,2.4684,0.0098,0.06,-19.24,111.89
116190,1.325,0.046,11.558,-0.1971,1.9008,-0.0000,-0.04,-17.77,111.90
116200,1.630,-0.195,11.367,0.1631,1.4497,-0.0060,-0.22,-17.06,111.97
116210,1.225,-0.334,10.905,0.0232,2.3302,-0.0245,0.14,-16.14,111.83
116220,0.652,0.403,11.435,-0.3096,2.5895,-0.0158,-0.18,-14.39,111.83
116231,0.730,0.374,11.132,0.3071,1.9125,0.0260,-0.20,-13.17,111.73
116240,0.725,-0.014,11.119,0.4185,2.1351,0.0765,0.15,-12.17,111.83
116251,0.238,0.197,11.154,0.2178,2.6225,0.0071,0.29,-10.72,111.81
116261,-0.025,-0.073,10.790,-0.1422,2.1704,0.0332,0.37,-9.18,111.82
116270,0.385,0.007,10.453,-0.3660,1.8419,-0.0102,0.12,-8.23,111.70
116280,-0.301,-0.087,10.618,-0.1884,2.5969,-0.0313,-0.10,-7.03,111.83
116290,-0.387,0.115,10.012,0.2529,2.6312,0.0133,-0.06,-5.24,111.86
116300,-0.648,-0.193,9.835,-0.1680,1.7494,0.0079,0.21,-4.02,111.77
116311,-0.762,0.536,9.734,0.0533,0.8796,0.0189,-0.29,-3.26,111.85
116321,-0.892,0.056,9.256,0.1958,1.6102,0.0278,0.23,-3.02,111.86
116330,-0.858,-0.030,8.812,0.0254,1.6007,-0.0270,-0.06,-1.42,111.67
116340,-0.950,-0.398,9.001,0.2390,1.3607,-0.0393,0.21,-1.16,111.76
116350,-1.247,0.484,8.545,-0.2040,1.7003,0.0444,0.23,0.13,111.81
116360,-1.228,-0.229,7.913,0.0058,1.8555,0.0068,-0.02,0.73,111.79
116370,-1.421,0.573,7.799,0.0080,2.5074,0.0510,0.23,2.24,111.96
116380,-1.972,-0.748,8.271,-0.3700,1.1849,-0.0229,-0.03,3.60,111.84
116391,-1.534,-0.091,8.165,0.4867,0.9568,-0.0286,-0.12,3.59,111.71
116400,-1.741,-0.120,7.447,0.5726,1.4192,-0.0696,0.54,4.74,111.85
116410,-1.808,-0.012,7.406,-0.6800,1.3078,-0.0139,0.54,5.22,111.84
116420,-1.684,-0.228,7.968,-0.5283,1.3938,-0.0380,-0.23,6.21,111.85
116431,-2.093,0.152,8.010,0.5956,1.7673,0.0382,-0.04,6.80,111.99
116441,-2.213,-0.412,7.682,0.1415,2.2786,0.0073,0.47,8.25,111.98
116451,-1.956,-0.199,7.868,-0.5004,1.6303,-0.0816,0.11,9.39,111.77
116461,-2.242,-0.200,8.483,-0.3174,1.6144,0.0208,-0.11,10.14,111.96
116470,-2.303,-0.351,8.646,0.1903,1.5814,0.0324,-0.27,11.22,111.87
116480,-2.781,-0.049,8.865,0.4031,1.0825,-0.0303,0.10,11.94,111.70
116491,-2.490,-0.049,8.426,0.0598,1.2285,-0.0120,0.14,12.47,111.98
116501,-2.207,0.067,9.184,-0.1706,1.5266,-0.0416,0.15,13.34,111.64
116511,-2.175,-0.094,9.048,0.0697,0.7729,-0.0063,-0.06,14.24,111.67
116520,-2.480,0.573,24.634,0.6286,-1.4018,-0.0010,0.27,14.20,111.73
116531,-2.435,-0.061,21.467,0.6396,-2.2584,0.0161,0.66,12.64,111.87
116540,-1.480,0.699,16.747,0.8671,-2.0345,0.0425,0.97,11.62,111.74
116550,-1.429,0.317,13.159,1.0027,-2.1605,0.0217,1.65,10.29,111.79
116561,-0.934,-0.019,11.052,1.0209,-3.0731,0.0246,2.16,9.13,111.98
116570,-0.731,0.819,9.855,0.5179,-3.0919,-0.0114,2.81,6.79,111.95
116581,-0.509,0.332,9.180,0.2673,-2.0381,0.0483,2.78,5.56,111.83
116590,0.240,0.485,10.175,1.0435,-1.7210,-0.0148,3.12,4.46,111.85
116600,0.273,0.697,9.388,1.1429,-2.4269,-0.0363,3.93,3.57,111.84
116610,0.873,0.813,9.460,0.8044,-3.0597,0.0668,4.43,1.69,111.73
116620,0.850,0.782,9.969,1.3089,-1.2543,-0.0042,4.88,0.09,111.71
116630,0.466,1.025,9.721,1.0873,0.0952,-0.0544,5.94,0.30,111.72
116641,0.780,0.862,10.036,-0.0167,0.1266,0.0832,6.12,0.22,111.82
116650,0.979,1.249,9.590,0.2715,0.1117,-0.0471,5.91,0.42,111.83
116660,1.065,1.291,9.785,0.7206,-0.3336,0.0684,6.44,0.39,111.86
116671,1.510,1.237,9.965,1.3461,-0.0220,0.0785,6.76,0.06,111.91
116680,1.278,1.520,9.298,0.5840,0.1972,0.0210,7.95,0.33,111.87
116690,1.315,0.943,10.133,0.0904,-0.1478,0.0601,7.44,0.29,111.71
116700,1.502,1.559,9.802,0.6534,-0.2642,0.0829,8.06,0.13,111.68
116711,1.115,1.434,9.601,0.0642,0.0172,-0.0640,8.24,0.02,111.73
116720,1.393,1.286,9.243,0.6595,0.3500,-0.0712,8.12,0.16,111.86
116740,1.549,1.588,9.533,0.2883,-0.0467,-0.0055,9.17,-0.22,111.86
116750,1.195,1.798,9.378,0.3213,-0.1834,0.0304,9.34,0.34,111.81
116760,2.146,1.788,9.461,-0.2897,-0.4178,0.0517,9.52,-0.43,111.82
116770,1.740,1.577,9.829,0.4741,0.6361,-0.0187,9.01,-0.14,111.95
116781,1.387,2.198,9.195,0.4704,0.0726,0.0970,10.02,0.30,111.84
116791,1.462,1.259,9.763,0.3843,-0.2524,-0.0785,9.57,-0.09,111.69
116801,0.949,1.714,9.524,0.2751,-0.2556,0.0017,10.48,0.01,111.76
116810,1.118,1.580,9.455,-0.4070,-0.5333,0.0229,9.90,-0.33,111.86
116820,1.683,1.550,9.404,0.1807,0.3737,0.0503,10.01,-0.59,111.93
116831,1.440,2.007,9.577,-0.0781,0.6868,-0.0037,10.11,0.11,111.85
116841,1.241,2.050,9.273,-0.2663,-0.3548,-0.0365,9.95,0.17,111.71
116850,1.205,1.752,9.890,0.2432,0.2379,0.0201,9.78,-0.32,111.83
116861,1.785,1.611,9.506,-0.0459,0.5201,-0.0187,10.21,0.49,111.69
116870,1.029,1.734,9.666,-0.0090,-0.3878,-0.0136,9.68,0.23,111.81
116881,1.389,1.795,9.587,-0.0733,-0.2010,-0.0651,10.21,-0.00,111.88
116890,1.106,1.723,10.083,-0.2541,-0.2313,-0.0037,9.56,0.01,111.90
116901,1.157,1.249,10.250,0.0026,-0.3618,0.0280,9.91,-0.29,111.76
116910,1.294,1.561,9.865,-0.1411,0.4891,-0.0014,9.59,-0.40,111.78
116920,0.832,1.714,9.431,-0.0548,0.0793,0.0555,9.80,0.31,111.85
116931,1.225,1.657,9.409,-0.4153,0.0864,-0.0122,9.56,-0.32,111.79
116940,1.083,1.465,9.384,-1.1270,0.8516,-0.0156,9.35,0.39,111.88
116951,0.665,1.581,9.916,-0.4984,-0.5126,-0.0534,8.30,0.64,111.76
116960,1.146,1.636,9.958,-0.0006,-0.2974,-0.0708,8.74,-0.18,111.91
116971,0.646,1.093,9.915,-0.2316,0.0849,0.0116,8.32,0.29,111.70
116980,0.631,1.421,10.266,-0.6480,-0.1133,-0.0287,8.48,-0.08,111.82
116990,0.880,1.117,10.427,-0.9495,-0.3981,0.0208,7.56,0.14,111.83
117000,0.254,1.280,10.236,-0.6842,-1.4282,0.0846,7.39,-0.53,112.00
117011,0.649,1.842,10.637,-0.7863,-2.0481,0.0269,6.76,-1.52,111.95
117020,1.037,1.299,10.925,-0.4683,-2.6336,0.0215,6.49,-2.89,111.70
117030,1.397,1.111,10.846,-0.4552,-3.3619,-0.0484,6.20,-4.55,111.90
117040,1.135,1.030,11.246,-1.0930,-3.1714,0.0281,5.95,-6.73,111.79
117050,1.446,0.842,11.943,-0.6821,-2.4150,0.0063,4.93,-8.20,111.82
117060,1.584,0.920,12.424,-0.8193,-2.6847,-0.0290,5.19,-9.45,111.96
117070,1.571,0.534,13.225,-0.7400,-3.2179,-0.0133,4.01,-11.30,111.93
117080,2.265,0.459,13.469,-0.3230,-2.9446,-0.0279,4.38,-13.12,111.69
117090,2.279,0.902,14.044,-0.7608,-2.8268,-0.0046,3.64,-14.65,111.88
117100,2.637,0.582,13.857,-1.6475,-2.5586,-0.0074,3.49,-16.35,111.75
117111,2.598,0.481,13.917,-0.7874,-2.5979,-0.0079,1.77,-17.61,111.81
117120,2.676,0.149,13.590,-0.1585,-2.8443,0.0233,2.60,-19.32,111.70
117131,2.651,0.549,13.235,-1.1362,-2.7797,0.0503,1.60,-20.85,111.84
117141,2.902,0.122,12.553,-0.8072,-2.5779,0.0240,1.29,-22.52,111.56
117150,3.623,0.050,12.221,-0.8247,-2.8586,-0.0758,0.63,-23.83,111.73
117161,3.379,0.348,11.738,-0.6454,-3.3552,-0.0321,0.35,-25.82,111.82
117170,3.473,-0.348,10.516,-0.5921,-2.3961,-0.0504,-0.12,-27.69,111.79
117180,3.325,0.102,10.404,0.1845,-1.3888,0.0079,-0.31,-28.56,111.74
117190,4.122,-0.139,9.521,0.0690,0.6743,0.0569,0.12,-29.30,111.84
117201,3.318,0.072,10.070,-0.3509,1.6357,-0.0609,-0.24,-27.77,111.69
117211,3.430,0.066,10.383,-0.0440,2.0199,0.0617,-0.27,-27.44,111.78
117220,3.189,-0.106,10.305,0.6164,2.9540,0.0162,-0.29,-25.45,111.97
117230,2.867,-0.334,10.444,0.0604,1.7479,0.0587,0.43,-24.04,111.78
117240,2.786,0.190,10.557,0.0456,2.1308,-0.0640,-0.20,-23.46,111.81
117251,2.456,-0.159,11.444,0.0934,2.8863,-0.0335,0.48,-21.60,111.84
117261,1.874,-0.256,11.040,-0.6235,2.3206,-0.0410,-0.12,-20.19,111.76
117271,1.627,0.231,11.168,-0.0545,1.4695,-0.0798,-0.26,-18.96,111.83
117280,1.412,0.202,11.296,-0.0601,2.2350,0.0711,-0.16,-18.48,111.79
117291,1.283,0.409,11.111,-0.1303,3.0765,-0.0819,-0.31,-16.42,111.95
117300,1.503,-0.306,11.039,0.2137,2.4860,0.0349,-0.30,-15.00,111.80
117310,1.108,0.099,11.656,-0.4362,1.9088,0.0521,-0.11,-13.58,111.79
117321,1.194,-0.485,11.255,0.4489,1.9687,0.0019,-0.79,-12.84,111.80
117330,-0.177,0.183,10.922,0.5361,2.6088,0.0203,0.43,-11.30,111.72
117340,0.002,-0.029,10.986,-0.0751,2.4930,-0.0206,-0.17,-9.80,111.83
117350,0.021,0.360,10.973,-0.2608,2.3647,-0.0223,0.33,-8.47,111.95
117360,0.003,0.027,10.315,-0.3950,2.0221,-0.1038,-0.46,-7.08,111.73
117371,-0.585,-0.032,10.480,-0.0036,2.0083,-0.0654,-0.13,-6.10,111.78
117381,-0.604,0.104,9.734,0.1038,1.5966,-0.0005,-0.42,-4.75,111.72
117390,-0.978,-0.181,9.971,0.4053,1.5305,0.0185,0.01,-4.29,111.79
117401,-0.865,-0.233,9.470,0.3911,1.7042,0.0060,0.02,-3.00,111.73
117411,-0.889,-0.211,9.606,0.0735,1.7333,0.0738,0.47,-2.35,111.85
117421,-1.472,0.171,9.124,-0.1707,1.7990,0.0712,0.11,-1.01,111.69
117430,-1.543,0.188,8.483,-0.0338,1.4025,-0.0931,0.34,-0.29,111.68
117441,-0.907,-0.374,8.532,0.2543,1.6664,-0.0399,0.06,0.62,111.79
117451,-1.103,-0.105,8.323,-0.2870,1.4858,0.0723,0.62,1.63,111.74
117460,-1.520,0.127,7.851,-0.0594,1.6258,-0.0023,-0.27,2.33,111.69
117470,-1.550,0.340,8.059,0.2233,2.1220,0.0068,0.55,3.52,111.81
117480,-1.660,0.186,7.756,-0.2908,1.4452,0.0612,-0.01,4.75,111.84
117491,-1.562,-0.053,7.798,0.0234,1.5556,0.0087,0.22,5.20,111.96
117501,-1.994,0.108,8.103,0.1100,1.5893,0.0280,-0.01,6.53,111.71
117510,-2.406,0.023,7.076,-0.1408,1.1053,0.0113,0.36,7.02,111.71
117520,-2.154,0.024,7.774,-0.3307,1.6754,-0.0385,-0.16,7.79,111.76
117531,-2.034,0.211,8.453,0.6395,2.3002,0.0597,0.03,8.92,111.89
117541,-2.426,0.139,8.150,0.1559,1.3388,-0.0546,0.56,10.42,111.67
117550,-1.989,-0.054,8.400,-0.4106,0.9857,-0.0064,0.22,10.46,111.74
117560,-2.514,0.077,8.624,-0.1761,2.4491,-0.0183,0.11,11.62,111.82
117570,-2.452,0.004,8.591,-0.4015,1.2908,0.0061,0.01,13.30,111.75
117580,-2.576,0.141,9.167,0.2178,1.2242,0.0541,-0.34,13.11,111.76
117591,-2.115,-0.068,9.672,0.7564,1.0873,-0.0999,0.27,14.69,111.65
117600,-2.355,-0.065,25.274,0.6278,-1.2324,-0.0734,0.52,14.36,111.89
117610,-1.932,-0.207,22.338,0.5742,-2.6378,-0.0006,1.02,13.28,111.81
117620,-1.753,0.208,17.250,0.7953,-2.1646,0.0214,1.19,11.32,111.76
117630,-1.641,0.307,13.474,0.7816,-2.2285,0.0271,1.93,10.82,111.75
117640,-1.429,-0.016,11.265,0.4624,-3.5296,0.0280,2.12,8.78,111.82
117650,-0.687,0.430,10.192,0.9857,-2.2704,0.0395,2.43,6.81,111.81
117660,-0.199,0.959,10.149,0.9389,-1.6611,0.0500,3.24,6.17,111.80
117670,0.035,0.816,9.851,0.6277,-2.3547,-0.0751,3.52,4.92,111.54
117680,-0.173,0.767,9.673,1.1033,-1.9611,0.0303,4.00,3.48,111.79
117691,0.107,0.817,9.777,0.7938,-2.3458,-0.0049,4.81,2.63,111.68
117701,0.995,1.357,10.010,0.6394,-2.2662,0.0121,4.89,0.81,111.86
117711,0.918,0.846,9.920,0.9408,-1.2160,0.0112,5.57,0.01,111.78
117721,1.500,0.857,9.940,0.0782,-0.0700,0.0209,5.94,-0.62,111.86
117731,1.062,0.725,9.829,0.5562,0.6123,-0.0312,5.67,-0.09,111.90
117741,1.139,0.933,9.367,0.9607,0.0431,-0.0069,6.61,0.07,111.81
117750,1.036,1.235,10.035,0.5534,-0.3046,0.0771,6.75,-0.04,111.74
117760,1.391,1.436,9.712,0.4015,-0.1956,-0.0308,7.23,-0.28,111.63
117771,1.140,1.670,9.909,0.5839,0.3120,-0.0075,7.20,-0.26,111.86
117781,1.482,1.599,10.104,1.0557,0.7175,-0.0705,7.90,0.08,111.85
117790,1.192,1.177,9.538,0.2000,-0.0597,0.0180,8.43,0.54,111.77
117800,1.146,0.950,10.100,0.2467,-0.3877,0.0448,8.16,0.02,111.67
117811,1.313,1.689,9.658,0.7593,0.0916,0.1124,8.73,0.10,111.80
117821,1.380,1.434,9.329,0.1656,-0.0989,-0.0293,9.02,0.14,111.88
117830,1.353,1.049,10.274,0.3802,-0.1529,0.0302,8.90,-0.02,111.90
117841,1.346,1.652,9.769,0.6308,-0.1655,-0.0062,9.44,0.03,111.75
117850,1.407,2.009,9.610,0.0433,-0.2418,-0.0209,9.60,-0.24,111.72
117861,1.804,1.662,9.917,-0.0371,0.3492,-0.0185,9.51,-0.24,111.80
117871,1.269,1.711,9.549,0.4988,0.1155,0.0498,9.58,0.18,111.61
117881,1.769,1.739,9.820,0.1237,-0.1376,-0.0407,10.09,-0.09,111.92
117890,1.143,1.672,9.438,-0.3070,-0.4033,0.1056,9.73,0.03,111.75
117901,1.503,1.537,9.778,0.4874,0.0058,-0.0473,9.75,-0.53,111.83
117911,1.497,1.874,9.280,0.1646,0.8327,-0.0192,10.29,0.01,111.74
117920,1.165,1.224,9.885,-0.2655,0.2844,0.0432,9.92,0.43,111.75
117931,1.224,1.571,9.683,0.2538,-0.6200,0.0536,10.05,0.28,111.77
117941,1.931,1.735,9.553,0.1507,-0.0544,-0.0529,10.22,-0.27,111.71
117951,1.067,2.040,9.921,0.1317,0.3135,0.0658,10.22,0.20,111.99
117960,1.053,2.232,9.686,-0.1885,0.0690,0.0106,10.39,0.11,111.80
117970,1.369,1.111,9.329,-0.5659,-0.3468,-0.0424,9.99,0.24,111.90
117980,1.095,1.768,10.130,-0.4542,-0.5105,0.0318,9.72,-0.26,111.74
117991,1.035,1.482,10.096,-0.5493,0.4187,-0.1501,9.47,-0.32,111.69
118000,1.416,1.748,9.814,0.1655,0.5460,0.0393,9.11,0.14,111.84
118011,0.693,1.685,9.438,0.0258,-0.0129,0.0438,9.68,0.31,111.70
118021,0.954,1.548,9.595,-0.4477,-0.7160,-0.0283,9.14,0.11,111.74
118031,0.939,1.351,10.045,-0.2768,0.1723,0.0602,9.18,-0.52,111.73
118041,1.105,1.265,9.647,-0.6236,0.8551,-0.0134,8.82,0.34,111.80
118051,0.648,1.255,9.808,-1.1265,0.0212,0.0053,8.44,0.46,111.76
118061,0.308,1.434,9.783,-0.6430,-0.7714,0.0243,7.56,0.36,111.78
118071,0.925,1.233,9.609,0.0969,-0.5149,0.0113,7.70,-0.37,111.68
118081,0.735,1.133,9.699,-0.0757,-0.0388,-0.0843,7.66,-0.22,111.83
118091,0.345,1.178,9.989,-0.3791,-0.4936,-0.0023,7.64,-0.40,111.89
118101,0.732,1.551,9.942,-0.7217,-1.8602,0.0210,7.22,-0.78,111.77
118111,0.733,0.821,10.870,-0.8672,-2.9146,-0.0142,6.83,-2.53,111.87
118121,0.752,1.706,10.789,-0.9969,-2.6203,-0.0173,6.25,-4.09,111.67
118130,1.189,0.952,11.154,-0.9406,-2.7298,0.1016,5.72,-5.55,111.75
118141,1.194,0.487,11.885,-0.4441,-2.8404,0.0028,5.21,-7.20,111.57
118150,1.248,1.018,12.378,-0.3865,-2.5163,-0.0027,5.21,-8.81,111.82
118161,1.348,0.587,13.157,-0.9910,-2.7373,-0.0401,4.74,-10.06,111.67
118170,1.491,0.714,13.021,-0.7110,-2.8659,0.0681,4.07,-11.95,111.80
118180,2.164,0.538,13.453,-1.1498,-2.9409,0.0162,3.91,-13.31,111.74
118191,2.059,0.303,14.316,-0.8386,-2.9765,0.1078,2.75,-15.32,111.81
118200,2.054,0.462,14.105,-0.6189,-2.8098,-0.0192,2.95,-16.73,111.66
118210,2.871,0.512,13.750,-0.7721,-2.7259,-0.0219,2.06,-18.53,111.82
118220,3.012,0.524,13.776,-0.7562,-2.4351,-0.0125,2.07,-19.83,111.79
118230,2.267,0.335,13.552,-1.1050,-2.8144,-0.0793,1.18,-21.33,111.66
118241,2.951,0.423,12.695,-0.8307,-2.9045,0.0892,0.79,-23.05,111.73
118250,2.916,0.389,12.024,-0.6493,-3.0792,-0.0385,0.23,-24.64,111.69
118260,3.422,0.209,11.436,0.0562,-2.7945,-0.0502,0.03,-26.59,111.80
118271,3.394,0.011,10.625,-0.0820,-2.2561,-0.0997,0.30,-27.88,111.84
118281,3.867,-0.115,10.167,-0.1944,-1.3355,-0.0244,-0.06,-29.14,111.73
118290,3.846,-0.427,10.290,0.2871,1.3412,0.0411,0.09,-29.44,111.74
118301,3.519,-0.138,9.992,-0.3700,2.5309,0.0036,0.24,-27.61,111.81
118311,2.863,0.055,9.887,0.1316,2.3253,0.0070,-0.32,-26.53,111.75
118321,3.015,0.011,10.566,0.5926,2.3096,-0.0143,0.38,-24.95,111.87
118331,2.963,-0.030,10.973,-0.3775,1.9610,-0.0498,0.35,-23.89,111.65
118340,2.490,0.110,10.552,-0.2835,2.2732,0.0795,-0.04,-22.68,111.76
118350,2.477,-0.509,11.106,-0.2457,2.1045,-0.0186,0.03,-21.34,111.81
118360,2.029,-0.190,11.043,-0.1480,2.0177,0.0380,-0.32,-20.29,111.80
118370,1.400,-0.603,11.348,0.0462,2.4105,-0.0228,-0.15,-19.07,111.77
118381,1.891,-0.018,11.112,0.4778,2.4167,0.0195,-0.22,-17.50,111.85
118390,1.410,-0.437,11.654,0.1013,1.8070,0.0020,0.41,-16.27,111.69
118401,1.014,-0.265,11.483,-0.5027,2.5613,0.0053,-0.07,-15.44,111.64
118410,0.385,0.259,11.432,0.0528,2.4603,0.0406,-0.21,-13.34,111.69
118421,0.951,0.097,10.995,0.0023,1.1612,-0.0063,0.00,-12.59,111.85
118431,0.795,-0.424,10.833,-0.6267,1.7582,-0.0010,-0.27,-11.99,111.84
118440,0.607,-0.111,11.287,0.0671,2.5788,0.0502,-0.70,-10.59,111.79
118450,0.097,0.438,10.851,1.0133,2.4640,0.0223,-0.18,-9.09,111.66
118460,-0.248,-0.130,10.535,0.7025,2.6582,0.0263,0.52,-7.76,111.70
118470,-0.387,0.074,10.354,-0.4744,2.1135,-0.0083,0.56,-6.04,111.81
118481,-0.307,-0.026,10.246,-0.2248,2.0897,0.0203,-0.02,-5.31,111.88
118490,-0.914,-0.083,9.927,0.0666,1.6554,-0.0160,0.28,-3.66,111.86
118500,-0.399,-0.270,9.739,-0.5501,1.5886,-0.0037,0.01,-3.34,111.77
118510,-1.578,0.125,9.615,0.1003,1.4577,-0.0461,-0.39,-1.85,111.85
118520,-0.935,0.235,9.262,0.7807,1.2257,-0.0431,0.16,-1.67,111.80
118530,-1.447,0.057,8.741,-0.1509,0.9700,0.0090,0.54,-0.47,111.80
118541,-0.965,0.031,8.572,-0.8688,1.1102,-0.0904,0.00,-0.55,111.80
118551,-1.705,-0.034,8.209,0.3267,2.0708,-0.0315,-0.47,0.80,111.86
118561,-1.151,-0.211,8.606,0.1768,1.9437,0.0210,0.37,1.83,111.81
118571,-1.291,0.065,7.784,-0.6712,1.9165,0.0290,-0.26,3.05,111.88
118581,-1.394,0.100,8.061,0.0682,1.5426,0.0155,-0.38,4.01,111.78
118591,-1.483,-0.422,7.761,0.0369,1.7445,-0.0171,-0.18,4.80,111.71
118600,-2.013,-0.018,7.325,0.3490,1.5087,-0.0136,-0.32,5.97,111.79
118610,-1.518,-0.391,7.735,0.6008,1.2457,-0.0108,0.21,6.51,111.78
118620,-1.960,0.256,7.913,-0.6379,2.0863,-0.0268,0.35,7.39,111.90
118631,-1.727,0.287,8.027,-0.3946,1.5618,0.0178,-0.47,8.90,111.71
118640,-1.718,-0.493,8.205,0.6561,1.1721,-0.0070,-0.10,9.17,111.81
118651,-2.153,0.302,8.254,0.0442,1.4293,0.0120,0.29,10.23,111.74
118661,-2.238,-0.071,8.581,0.1955,1.3968,0.0308,-0.05,10.78,111.80
118671,-2.313,0.162,8.139,0.1666,1.5084,0.0112,0.52,11.84,111.76
118681,-2.480,0.214,8.294,-0.4948,1.8546,0.0698,0.14,12.50,111.66
118691,-2.816,-0.174,9.001,-0.0544,1.4241,0.0751,-0.04,13.94,111.74
118701,-2.672,-0.374,10.131,0.5278,-0.1890,0.0361,0.07,14.13,111.92
118711,-2.030,0.238,23.604,0.5883,-1.2151,-0.0304,0.54,13.70,111.68
118721,-1.744,0.472,20.040,0.1931,-1.6131,-0.0185,0.73,12.77,111.79
118731,-1.558,0.398,15.241,0.6587,-2.4341,0.0355,0.79,11.86,111.69
118741,-1.177,0.309,12.137,0.9230,-2.8332,-0.0268,1.40,9.98,111.81
118750,-0.460,0.071,10.685,1.3263,-2.0500,-0.0328,1.85,8.66,111.81
118760,-0.865,0.480,9.931,0.7118,-2.5848,0.0395,2.91,7.63,111.89
118770,0.001,0.600,9.818,-0.0358,-2.2248,-0.0511,2.65,5.68,111.88
118780,-0.096,0.539,9.739,0.9215,-1.9016,-0.0045,2.83,5.06,111.75
118790,0.049,0.659,9.495,1.0304,-3.0558,0.0211,3.68,3.49,111.83
118800,0.574,0.178,10.033,0.5299,-2.6482,-0.0330,4.02,1.58,111.78
118811,0.757,0.641,9.812,0.7572,-1.3449,-0.0624,4.33,0.45,111.87
118821,0.713,0.566,9.777,0.6239,0.2394,-0.0953,4.87,0.03,111.71
118830,1.180,1.013,10.114,0.5241,-0.2157,0.0378,5.06,0.72,111.67
118840,0.959,1.208,9.640,0.8736,-0.5645,-0.0884,5.45,-0.22,111.86
118850,1.305,0.414,10.067,0.9833,-0.0400,-0.0396,6.09,0.10,111.77
118861,1.245,1.437,9.726,0.4174,-0.4048,0.0896,6.62,-0.27,111.70
118870,1.330,1.338,10.213,0.1520,0.0815,0.0992,6.56,-0.32,111.77
118880,1.373,1.426,10.432,0.4360,0.1812,-0.0200,6.77,-0.18,111.72
118890,1.237,1.323,10.033,0.3162,-0.1667,0.0029,7.05,-0.08,111.92
118901,1.518,1.614,9.549,0.3635,0.1126,0.0688,7.14,-0.38,111.75
118911,1.723,1.587,9.421,0.2483,0.5597,0.0323,7.49,0.03,111.81
118921,1.321,1.475,9.565,0.5159,0.1734,0.1151,7.40,0.28,111.84
118930,1.153,1.630,9.602,0.7161,-0.1034,-0.1011,8.08,0.24,111.76
118940,1.308,1.488,9.352,0.6156,0.5941,0.0050,8.21,0.15,111.80
118950,1.472,1.983,9.359,-0.2035,0.1681,-0.0223,8.79,0.88,111.88
118961,1.426,0.925,9.847,0.3978,-0.4695,0.1117,7.98,0.36,111.79
118970,1.523,1.465,9.572,0.8931,-0.1675,0.0487,9.22,0.34,111.91
118981,1.548,1.782,10.029,-0.1722,-0.5749,-0.0327,9.01,0.12,111.89
118990,1.675,1.427,9.808,-0.0520,-0.0380,0.1169,9.07,-0.34,111.80
119000,1.821,1.624,9.743,-0.1893,-0.4093,0.0004,8.96,0.06,111.77
119011,1.595,1.783,9.576,-0.2328,0.3614,-0.0290,8.87,-0.83,111.78
119020,1.550,1.368,9.868,0.3860,0.9840,0.0312,8.68,0.49,111.74
119031,1.390,1.832,9.870,0.0326,-0.6365,0.0459,9.27,0.33,111.76
119041,1.386,1.431,9.406,0.4799,0.1546,0.0396,8.73,-0.22,111.83
119051,1.063,1.633,9.666,0.4752,0.1875,-0.0158,9.83,0.50,111.75
119060,1.403,1.605,9.782,-0.9695,-0.6058,0.0561,9.30,0.03,111.76
119071,1.406,1.429,9.726,-0.1537,0.0519,0.0296,8.72,-0.24,111.71
119080,1.186,1.230,9.886,-0.0312,0.1455,0.0213,9.09,0.06,111.69
119090,0.911,1.325,9.661,-0.5672,-0.3016,0.0480,8.68,-0.06,111.99
119100,1.480,1.355,9.842,-0.0224,0.4345,0.0255,8.47,-0.31,111.69
119111,1.087,1.443,9.845,-0.3686,0.8925,-0.0596,8.63,0.40,111.91
119121,1.100,0.910,9.610,-0.1507,-0.8249,0.0559,8.05,0.71,111.79
119130,1.071,1.387,9.898,0.3500,-0.5592,0.0121,8.44,-0.53,111.77
119141,0.464,1.332,10.057,-0.3052,0.8144,0.0571,8.48,0.07,111.71
119150,1.307,1.446,9.234,-0.8903,-0.1532,0.0068,8.11,0.42,111.82
119160,0.897,0.738,10.035,-0.7142,-0.4945,-0.0937,7.46,-0.09,111.84
119170,0.703,1.547,9.577,-0.1863,0.0825,0.0388,7.29,-0.12,111.88
119180,0.717,1.284,10.179,-0.2048,-0.3327,-0.0095,7.22,-0.04,111.77
119191,0.549,1.256,9.647,-0.2818,-0.3853,0.0264,7.04,-0.54,111.93
119200,0.555,1.567,9.972,-0.4566,-0.0087,-0.0788,6.85,-0.50,111.76
119211,0.298,1.060,10.139,-0.7956,-2.0848,-0.0707,6.54,-0.55,111.78
119220,0.351,1.479,10.560,-0.8269,-2.8723,-0.0342,5.94,-2.88,111.74
119230,0.981,0.779,11.306,-0.3164,-3.0663,-0.0505,5.61,-3.81,111.84
119240,1.116,0.807,11.098,-0.8663,-2.9916,-0.0169,5.60,-6.40,111.75
119250,1.562,0.573,11.805,-0.9721,-2.3629,0.0509,4.68,-7.24,111.86
119260,1.285,0.866,11.810,-0.6979,-2.9096,0.0603,4.44,-9.10,111.71
119271,1.449,0.903,12.097,-0.8654,-2.6367,-0.0841,3.89,-10.58,111.72
119280,1.628,0.572,13.197,-0.4594,-2.7269,0.0505,3.44,-12.13,111.59
119291,1.865,0.516,12.977,-0.4272,-2.7294,0.0574,3.36,-13.70,111.93
119301,2.020,0.128,14.006,-1.0038,-2.8878,0.1060,2.93,-15.24,111.83
119310,2.405,0.001,13.482,-0.3828,-3.0071,-0.0631,2.23,-16.98,111.68
119321,2.470,0.282,13.178,-0.5948,-2.7257,0.0298,2.45,-18.67,111.86
119330,2.904,0.299,13.443,-1.1640,-2.5929,-0.0071,1.57,-20.11,111.76
119341,2.805,0.479,12.712,-0.7810,-3.0702,0.0461,1.11,-21.61,111.78
119350,3.435,0.030,12.534,-0.7884,-3.1177,0.0885,0.70,-23.65,111.75
119360,3.178,-0.588,11.566,-0.7740,-2.5389,-0.0374,0.18,-25.19,111.81
119370,3.441,0.001,11.162,0.0692,-2.3963,-0.0704,-0.16,-26.55,111.82
119380,3.729,0.157,10.610,0.4855,-2.3172,0.0217,0.24,-27.90,111.76
119390,4.037,0.244,9.957,0.1169,-0.3487,-0.0438,0.37,-29.20,111.78
119400,4.188,0.121,9.684,-0.1297,1.2913,-0.0344,0.33,-28.29,111.85
119411,3.175,0.119,9.325,-0.1975,1.3400,-0.0129,0.20,-27.70,111.84
119420,3.415,0.115,10.007,-0.1098,1.6765,-0.0310,0.10,-26.78,111.77
119430,2.766,-0.167,10.467,0.1019,2.4719,-0.0509,0.07,-25.80,111.84
119441,2.905,0.181,10.492,-0.0283,2.7188,0.0468,0.23,-23.98,111.86
119451,2.571,0.414,10.796,-0.0843,1.7619,0.0194,0.07,-22.62,111.73
119461,2.574,0.351,10.827,-0.0807,1.9185,-0.0100,0.18,-21.97,111.78
119470,1.641,-0.490,11.035,-0.1854,2.3342,0.0660,-0.02,-20.42,111.68
119481,1.255,-0.059,10.502,0.1696,2.3687,-0.0088,-0.04,-19.27,111.80
119491,1.825,-0.302,10.583,-0.1666,2.1411,0.0317,0.20,-17.72,111.74
119501,1.419,-0.294,11.289,0.3571,2.4275,0.0005,-0.20,-16.80,111.75
119511,1.171,0.409,11.472,-0.3851,2.1743,0.0608,0.62,-14.93,111.81
119521,0.773,-0.037,11.411,-1.1204,1.9058,0.0239,-0.64,-14.29,111.87
119531,0.719,0.108,11.222,0.3571,2.3232,-0.0009,-0.66,-12.77,111.72
119541,0.038,-0.253,10.869,0.6920,2.5326,-0.0004,-0.25,-11.63,111.88
119551,0.556,0.168,11.074,-0.0991,2.0774,0.0392,0.14,-9.92,111.80
119561,0.308,-0.349,11.134,0.1940,2.1123,0.0486,-0.34,-9.21,111.81
119571,-0.318,-0.114,10.509,0.3503,2.5490,-0.0044,0.33,-7.45,111.78
119581,0.043,-0.605,10.708,-0.3622,1.8661,-0.0258,0.10,-6.30,111.77
119590,-0.892,-0.192,10.222,-0.4678,1.8469,-0.0787,-0.08,-5.32,112.07
119601,-0.563,-0.008,9.872,0.5016,1.8213,0.0282,-0.44,-4.16,111.78
119610,-0.769,0.230,9.824,0.6063,1.8002,-0.0228,0.50,-3.27,111.73
119621,-0.972,-0.115,9.088,-0.5384,1.3545,-0.0119,0.26,-2.11,111.75
119631,-0.481,-0.131,8.988,0.0835,1.1939,-0.0496,-0.07,-1.73,111.87
119640,-1.354,0.421,8.780,-0.1163,1.7427,0.0373,0.38,-0.77,111.81
119650,-1.339,0.144,8.376,-0.4386,1.4988,0.1069,-0.23,0.28,111.91
119660,-1.416,0.287,8.247,0.0422,1.5448,-0.0375,-0.16,0.92,111.87
119670,-1.411,0.091,8.146,0.5321,1.4910,0.0188,-0.20,2.06,111.82
119681,-1.838,0.072,8.017,0.5236,1.7253,0.0019,0.46,2.61,111.75
119690,-1.545,0.141,8.064,-0.5038,1.7144,-0.0191,0.44,4.03,111.82
119700,-1.480,-0.003,8.003,-0.2648,1.8066,0.0314,-0.12,4.57,111.82
119711,-1.355,0.006,7.920,0.2876,1.7290,-0.0138,0.15,6.11,111.81
119721,-1.749,0.181,7.285,-0.2562,1.1898,-0.0240,0.20,6.52,111.83
119730,-1.826,-0.370,7.720,-0.1112,1.6450,-0.0434,-0.15,7.48,111.80
119741,-2.250,0.145,7.808,0.3683,1.1856,-0.0398,0.05,8.40,111.76
119751,-2.162,0.079,8.130,-0.2331,1.2977,-0.0136,0.28,8.88,111.77
119760,-1.819,0.141,8.167,-0.0994,1.7316,-0.0594,-0.22,9.90,111.83
119770,-2.284,-0.145,8.454,-0.1488,1.8119,-0.0120,0.13,10.87,112.07
119780,-2.370,-0.075,8.715,-0.2405,1.7519,0.0250,-0.33,12.02,111.80
119790,-2.555,-0.040,9.364,0.4592,1.5793,0.0316,-0.12,12.89,111.83
119801,-2.635,-0.444,9.290,-0.1513,1.3294,0.0355,0.20,13.85,111.89
119810,-2.309,-0.477,9.293,0.2725,0.0718,0.0511,-0.28,14.40,111.67
119821,-2.085,0.415,24.267,0.8670,-1.4394,0.0991,0.49,13.92,111.71
119830,-2.300,0.076,20.018,0.4340,-1.8643,-0.0488,0.72,12.77,112.00
119841,-1.684,0.177,16.603,0.5718,-2.2507,-0.0178,0.99,11.78,111.92
119850,-1.747,0.303,12.809,1.0167,-2.5516,0.0098,1.36,10.18,111.71
119861,-1.167,0.727,10.793,1.0828,-2.4536,0.0137,2.08,8.89,111.83
119871,-0.875,0.434,10.383,0.6593,-2.4614,-0.0576,2.62,7.39,111.86
119881,-0.941,0.470,10.193,0.2375,-2.7388,-0.0166,2.87,6.08,111.79
119891,0.113,0.255,9.546,0.5799,-2.2055,-0.0578,2.93,4.23,111.84
119900,-0.038,0.663,10.017,1.3836,-2.0536,0.0071,3.54,3.53,111.74
119911,0.256,0.893,9.882,0.3723,-2.4732,0.0301,4.53,1.84,111.76
119920,0.836,0.695,9.662,0.0668,-1.3821,0.0056,3.98,0.74,111.96
119930,1.011,0.554,9.603,1.2898,-0.5418,0.0404,4.60,0.27,111.99
119940,1.171,0.585,9.548,0.4087,-0.2377,-0.0544,5.43,0.12,111.78
119950,0.685,0.934,9.687,-0.4246,0.0004,0.0083,5.10,-0.06,111.87
119960,1.168,1.024,9.362,0.7241,0.1628,-0.0569,4.91,0.14,111.71
119970,1.119,1.239,9.501,1.3021,0.1245,0.0350,5.89,0.12,111.82
119980,1.146,1.366,9.638,0.6317,-0.2013,0.0484,6.38,0.30,111.86
119990,1.149,1.200,9.761,0.2243,-0.5772,-0.0137,6.62,-0.11,111.72
120000,1.444,1.157,9.676,0.3535,0.2410,-0.0613,6.65,-0.36,111.85
120010,1.391,0.957,9.918,0.8155,-0.3059,0.0274,7.04,0.19,111.97
120021,1.280,1.132,10.129,0.4434,0.1837,0.0113,7.58,-0.72,111.79
120031,1.304,1.568,9.675,0.1497,0.2284,-0.0685,7.54,0.38,111.81
120040,1.550,1.220,9.224,0.2883,-0.6428,0.0468,7.75,-0.43,111.73
120050,1.845,1.321,9.564,0.3987,0.7165,0.1025,7.83,-0.34,111.80
120060,1.405,1.502,9.546,0.5413,0.5018,-0.0052,8.21,0.38,111.86
120070,1.591,0.904,9.553,0.1212,-0.4717,-0.0163,8.42,0.25,111.70
120081,1.393,1.695,9.670,-0.1882,-0.0406,0.0717,8.35,-0.14,111.78
120091,1.561,1.567,9.582,0.1944,0.3344,-0.0346,8.27,0.20,111.82
120101,1.203,2.015,9.675,0.1104,0.0035,-0.0329,8.59,0.25,111.86
120110,1.272,1.470,9.389,0.2918,0.1727,0.0641,8.41,0.19,111.74
120120,1.558,2.047,9.198,0.4780,-0.2052,0.0308,8.92,0.45,111.95
120131,1.035,1.690,9.444,-0.1934,-0.7224,-0.0022,8.97,-0.03,111.93
120140,1.596,1.241,9.616,-0.0589,0.2955,0.0356,8.72,-0.37,111.94
120150,1.476,1.706,9.372,-0.0874,-0.0960,0.0763,8.88,0.31,111.77
120161,1.627,1.401,9.394,-0.4533,0.1487,0.0005,8.66,-0.51,111.64
120170,1.073,1.561,9.718,0.1296,0.2049,-0.0344,8.39,0.51,111.88
120181,1.453,0.969,9.511,0.8435,-0.2706,-0.1556,8.81,-0.26,111.63
120190,1.377,1.962,9.981,-0.4994,0.3094,-0.0180,9.35,0.22,111.89
120200,1.116,1.459,9.642,-0.7776,-0.2692,-0.0346,8.23,0.12,111.77
120211,1.251,1.560,9.873,0.3292,-0.0483,-0.0509,8.47,-0.06,111.78
120221,0.988,1.674,9.786,-0.2453,0.5810,0.0237,8.61,0.05,111.77
120230,1.231,0.920,9.630,0.1203,-0.2603,0.0339,8.19,0.61,111.83
120240,0.436,1.156,9.671,-0.1151,-0.5677,-0.0023,8.74,-0.24,111.71
120251,0.457,1.080,9.579,-1.1132,0.0032,-0.0067,8.02,-0.04,111.74
120261,1.207,1.291,9.454,0.1244,-0.2385,-0.0159,7.48,-0.23,111.94
120270,0.319,1.385,9.691,-0.3813,0.2818,-0.0246,8.19,-0.32,111.73
120280,0.938,1.237,9.859,-1.3136,0.2296,-0.0133,7.02,0.09,111.67
120291,0.275,1.553,9.687,-0.0122,-0.2333,-0.0076,6.72,-0.07,111.86
120300,0.893,1.697,10.092,-0.1743,0.2516,-0.0309,6.97,-0.19,111.94
120311,0.590,1.041,10.445,-0.6849,-1.5676,0.1278,6.53,0.23,111.72
120320,1.329,0.953,10.217,-0.9050,-2.6108,-0.0244,6.18,-1.94,111.87
120330,0.823,1.048,10.452,-0.4118,-2.0946,-0.0323,5.47,-2.77,111.77
120340,0.912,1.378,10.764,-0.3913,-3.1464,0.0450,5.72,-4.34,111.82
120351,1.631,0.921,11.463,-0.6307,-2.9350,-0.0516,4.99,-6.38,111.71
120360,1.436,0.746,11.382,-0.6980,-2.7348,0.0119,4.99,-7.66,111.92
120371,1.587,0.674,12.200,-1.0066,-3.0754,0.0325,4.18,-9.50,111.71
120380,1.485,0.804,12.712,-0.2994,-2.6891,-0.0167,3.84,-11.20,111.86
120390,2.071,0.762,13.006,-0.4846,-1.9636,-0.0140,3.82,-12.60,111.67
120401,1.667,0.729,14.067,-0.8413,-2.2168,0.0503,3.26,-13.50,111.70
120410,1.769,0.297,13.499,-0.7593,-3.1738,0.0095,2.83,-15.11,111.68
120420,2.394,0.432,13.806,-0.8602,-3.0933,0.0324,2.42,-17.10,111.94
120430,2.662,-0.083,13.565,-0.7049,-2.8011,0.0126,1.83,-18.63,111.72
120440,2.988,0.132,13.709,-0.2259,-2.8731,0.0460,1.60,-20.31,111.75
120450,3.115,0.545,13.318,-0.3497,-2.4997,-0.0282,1.59,-21.94,111.83
120460,3.382,0.074,12.234,-0.9288,-2.6982,0.0154,1.21,-23.16,111.75
120471,3.309,0.047,11.629,-1.1065,-2.9138,-0.0527,0.52,-25.04,111.82
120481,3.604,-0.116,11.188,-0.4382,-2.7658,0.0516,-0.03,-26.53,111.88
120491,3.602,-0.012,11.064,-0.1713,-3.1519,0.0384,0.02,-28.25,111.80
120500,3.080,0.424,10.116,0.1493,-0.1829,0.0438,-0.20,-30.19,112.11
120510,3.494,-0.023,9.883,0.3770,2.2389,0.0302,0.23,-28.44,111.91
120521,2.845,-0.257,10.187,0.1011,1.2808,0.0044,0.25,-27.63,111.74
120531,3.111,0.163,10.291,-0.1337,2.1741,-0.0562,0.33,-26.96,111.86
120541,2.755,-0.040,10.136,-0.1366,2.9823,-0.0755,0.14,-25.12,111.90
120551,2.922,0.022,10.777,-0.1204,2.1289,0.0295,0.17,-23.54,111.62
120561,2.654,-0.231,10.650,0.3127,2.4148,0.0210,-0.05,-22.69,111.81
120571,2.067,-0.013,11.215,-0.0309,2.6862,0.0256,0.51,-20.79,111.89
120580,1.674,-0.008,11.509,-0.0364,2.0840,0.0447,-0.10,-19.62,111.83
120590,0.931,0.056,11.495,-0.3011,1.3779,-0.0408,0.49,-18.35,111.85
120601,1.484,-0.545,11.410,-0.5923,2.3258,-0.0592,-0.45,-18.02,111.84
120610,0.964,-0.059,11.291,0.5683,2.7453,-0.0755,-0.19,-15.66,111.74
120620,0.749,0.146,11.017,0.4521,1.2626,-0.0086,0.17,-14.86,111.66
120631,0.548,0.209,11.457,0.0151,2.1556,0.0447,0.34,-14.20,111.87
120641,0.855,0.072,11.251,-0.3220,3.0895,0.0075,0.19,-12.42,111.87
120651,0.375,-0.247,10.956,-0.2686,2.3291,-0.0425,-0.01,-10.68,111.78
120661,0.313,-0.060,11.529,-0.1127,1.9212,-0.0448,-0.11,-9.73,111.84
120671,0.283,0.037,10.262,0.0356,1.9133,-0.0030,-0.18,-8.48,111.85
120681,-0.510,0.087,10.480,0.2003,1.4196,0.0535,-0.07,-7.54,111.84
120691,-0.165,-0.006,10.513,-0.0908,2.6097,-0.0458,0.06,-6.80,111.77
120700,-0.949,-0.328,9.938,-0.2288,2.2378,-0.1157,-0.17,-4.53,111.75
120711,-0.659,-0.044,9.669,0.0458,0.9220,-0.0000,-0.19,-4.25,111.82
120721,-0.939,-0.185,9.347,0.3316,1.5467,-0.0548,-0.14,-3.48,111.90
120730,-0.395,-0.007,9.381,0.1454,2.0408,-0.0248,0.19,-2.48,111.89
120740,-1.403,0.187,8.885,-0.5062,1.7009,0.0588,0.03,-1.17,111.94
120751,-1.168,-0.324,8.818,-0.5291,1.4445,-0.0108,-0.42,-0.59,111.73
120760,-1.281,-0.329,8.631,-0.0643,1.5803,-0.0077,-0.56,0.47,111.84
120770,-1.568,-0.064,7.986,0.7051,1.6288,-0.0269,-0.50,1.24,111.75
120780,-1.196,-0.174,8.184,0.1542,1.5258,0.0101,0.25,2.38,111.89
120790,-1.290,0.098,8.016,-0.3490,1.8503,-0.1221,-0.31,3.03,111.74
120801,-1.890,0.060,7.596,0.1174,1.4464,-0.0154,-0.14,4.47,111.75
120811,-1.467,0.014,7.858,0.6127,1.0571,-0.0043,-0.16,4.70,111.84
120820,-1.814,0.019,7.863,0.1472,1.6432,-0.0808,0.56,5.67,111.74
120831,-2.132,-0.091,7.804,-0.8981,1.6022,0.0092,-0.02,6.59,111.80
120841,-1.670,-0.352,7.475,-0.2513,2.0609,0.0306,-0.47,7.48,111.91
120851,-2.101,0.205,8.401,0.2391,1.6357,-0.0068,-0.29,8.95,111.60
120861,-2.458,-0.055,8.443,0.0792,1.3854,-0.0319,-0.16,9.34,111.78
120871,-2.061,0.100,8.320,0.4291,1.8268,-0.0634,-0.16,10.52,111.78
120880,-2.534,-0.020,8.232,0.4569,1.6349,-0.0008,0.31,11.43,111.73
120890,-2.564,0.111,8.423,-0.3956,1.5713,-0.0628,0.35,12.42,111.85
120901,-2.258,0.264,8.530,-0.4130,1.2012,0.0382,-0.15,13.21,111.74
120911,-2.652,-0.368,9.125,-0.1975,1.6704,-0.0409,-0.14,13.76,111.74
120920,-2.414,0.068,9.166,0.8365,0.1744,-0.0236,-0.36,15.10,111.70
120930,-2.359,0.475,23.294,1.3754,-2.1879,-0.0098,0.83,14.03,111.80
120941,-1.508,0.377,19.068,0.5291,-2.8869,0.0423,1.21,12.58,111.75
120950,-1.515,0.188,14.916,0.2947,-2.2287,0.0052,1.45,10.69,111.81
120960,-1.453,0.299,11.706,0.7866,-2.2652,0.0055,1.56,10.03,111.68
120971,-1.045,0.494,10.103,0.4213,-3.0231,-0.0010,2.33,8.09,111.75
120981,-0.914,0.217,9.703,0.9719,-2.3908,0.0182,2.10,6.53,111.90
120990,-0.523,0.589,9.738,1.7384,-2.1509,0.0693,3.46,5.32,111.73
121000,0.321,0.524,9.757,1.0347,-2.3698,-0.0737,4.08,4.03,111.72
121010,-0.254,0.815,9.764,0.6494,-2.4214,-0.0156,4.64,2.57,111.78
121020,0.780,1.024,9.731,0.8201,-2.1894,-0.0418,4.86,1.27,111.88
121031,1.309,1.231,9.735,1.0887,-0.6382,0.0085,5.58,0.08,111.70
121040,0.808,0.633,9.546,0.0109,-0.1616,-0.0898,6.13,0.56,111.69
121050,1.465,1.138,9.864,0.5779,-0.7262,0.0832,5.59,-0.11,111.97
121061,1.114,1.049,9.875,1.6256,0.2444,-0.0065,6.76,-0.30,111.83
121071,1.477,1.247,9.524,-0.0737,-0.0290,0.0296,7.43,0.13,111.88
121080,1.302,0.935,9.870,0.5808,-0.8313,-0.0084,6.66,-0.33,111.91
121091,1.258,1.597,9.827,0.7491,0.6324,0.0228,8.07,-0.78,111.68
121101,1.145,1.509,9.322,0.0194,0.1121,0.0295,7.52,0.38,111.67
121110,1.373,1.053,9.254,0.6495,-0.3874,-0.0601,8.07,-0.64,111.77
121121,1.366,1.560,9.671,0.2086,0.6725,-0.0016,8.26,-0.09,111.89
121130,1.204,1.382,9.464,0.5233,-0.0411,-0.0020,8.30,0.12,111.83
121140,1.796,1.061,9.815,1.0890,-0.2463,-0.0067,8.91,-0.12,111.76
121151,2.072,1.427,9.705,0.8720,0.3191,0.0295,9.51,-0.16,111.82
121161,1.644,2.031,9.037,-0.0756,-0.2212,0.0253,9.94,0.26,111.87
121171,1.415,1.581,10.023,0.5266,-0.1976,-0.0095,9.42,-0.40,111.76
121180,1.572,1.913,9.755,0.7258,0.1491,-0.0314,10.56,0.00,111.81
121190,1.706,1.403,9.930,-0.2334,0.2456,0.0637,10.25,-0.20,111.88
121201,1.411,1.803,9.673,-0.2021,0.1008,0.0269,10.31,0.30,111.92
121211,1.396,2.350,9.556,-0.2206,0.0659,0.0557,10.03,-0.04,111.76
121221,1.668,1.923,9.179,-0.0295,0.0720,0.0090,10.08,0.38,111.77
121230,1.250,1.957,9.918,0.1475,0.1150,0.0017,10.00,0.01,111.72
121240,2.029,1.533,9.447,0.0795,0.2403,0.0126,10.24,0.50,111.79
121251,1.411,1.689,9.558,-0.4685,-0.6286,-0.0178,10.07,0.30,111.75
121261,1.015,1.885,9.515,0.3517,-0.4852,-0.0352,9.68,-0.22,111.84
121271,1.532,1.588,9.466,0.4469,0.0744,0.0140,10.47,-0.28,111.76
121281,1.490,1.738,9.543,-0.3464,0.7674,-0.0914,10.21,-0.14,111.95
121291,1.364,1.437,9.585,-0.1904,0.1887,0.0259,10.05,0.62,111.78
121300,1.227,1.476,9.508,-0.1172,-0.7356,0.0087,9.99,0.09,111.81
121311,1.215,1.615,9.772,-0.4524,-0.3361,-0.0274,9.88,-0.19,111.79
121320,1.279,1.617,9.711,0.0503,0.1338,-0.0076,9.42,-0.31,111.66
121330,0.971,1.812,9.392,0.0124,0.6935,0.0554,9.91,-0.01,111.91
121340,0.828,1.563,9.615,-0.7518,-0.0938,0.0483,9.43,0.49,111.76
121350,0.936,1.005,9.646,-0.6326,-0.3396,0.0003,9.05,-0.13,111.68
121361,1.273,1.264,9.483,-0.8311,0.0598,0.0316,8.71,0.09,111.92
121371,0.501,1.672,9.677,-0.4123,0.4137,-0.0582,8.11,-0.11,111.84
121381,1.191,1.786,9.655,0.0589,-0.0366,-0.0192,8.26,0.53,111.79
121391,0.617,1.445,9.696,-0.2542,-0.3135,0.0409,8.17,-0.16,111.85
121401,0.660,1.960,10.136,-0.9113,-0.7213,0.0802,7.98,0.15,111.89
121411,0.364,1.277,10.276,-0.7987,-2.6327,-0.0324,7.14,-1.00,111.77
121420,0.938,1.306,10.593,-0.8849,-2.7617,0.0524,7.07,-2.87,111.85
121430,0.771,0.969,10.996,-1.0203,-2.8784,-0.0258,6.17,-4.14,111.88
121440,1.550,1.361,11.367,-0.6143,-2.3203,0.0638,5.87,-6.16,111.80
121451,1.041,0.879,11.788,-0.4187,-2.4974,0.0361,5.45,-6.80,111.78
121460,1.234,0.908,12.417,-0.3676,-3.5798,0.0466,5.37,-9.02,111.77
121470,2.137,0.846,12.751,-1.1216,-2.9252,0.0107,5.01,-10.94,111.82
121480,1.793,0.723,13.154,-1.0746,-2.7529,0.0211,4.14,-12.38,111.79
121490,2.144,0.806,14.256,-0.1994,-2.5009,-0.0023,3.74,-14.08,111.81
121501,2.161,0.902,14.493,-0.9883,-3.0558,0.0030,3.96,-15.28,111.79
121510,2.455,0.193,13.633,-1.8169,-2.7280,-0.0071,2.64,-17.60,111.81
121521,2.404,0.540,13.808,-0.7251,-3.1111,-0.0051,1.90,-18.40,111.75
121530,3.034,0.302,13.306,-0.5931,-3.6443,0.0033,1.81,-21.20,111.88
121541,2.727,-0.023,12.999,-0.7647,-1.6603,-0.0794,1.22,-22.51,111.66
121550,3.363,-0.153,12.442,-0.7213,-2.3383,0.1022,0.94,-23.13,111.89
121561,3.507,0.051,11.365,-0.8733,-3.3089,0.0515,0.44,-25.23,111.93
121570,3.196,0.439,11.252,-0.2848,-2.8427,0.0158,-0.06,-26.94,111.85
121581,3.969,0.119,10.654,0.1855,-2.5685,0.0446,0.12,-28.54,111.81
121590,3.577,-0.091,10.027,-0.2476,0.4302,-0.1042,0.17,-29.87,111.81
121601,3.056,0.143,10.177,-0.4635,2.4622,-0.0211,-0.14,-28.10,111.70
121610,3.368,0.113,10.645,-0.1822,2.2536,0.0396,-0.36,-27.06,111.68
121620,2.628,-0.007,10.164,0.7749,2.5773,0.0368,-0.32,-25.54,111.76
121631,2.889,0.316,10.568,0.8449,2.6279,-0.0254,0.51,-24.12,111.85
121641,2.125,-0.037,10.758,-0.2726,1.7604,-0.1037,0.63,-22.53,111.79
121650,2.569,-0.136,10.594,-0.0933,1.6941,-0.1175,0.15,-22.11,111.89
121660,2.213,0.274,11.136,-0.2951,2.5785,-0.0676,0.51,-20.58,111.70
121671,1.701,0.036,11.094,-0.6015,2.2913,0.0436,-0.19,-19.15,111.87
121680,1.735,-0.352,11.748,0.3412,1.9149,0.0043,-0.16,-17.94,111.78
121691,1.402,0.462,11.397,0.0262,1.9267,0.0221,0.20,-16.98,111.74
121701,1.263,-0.080,11.405,-0.3747,2.4946,0.0183,-0.14,-15.68,111.78
121710,0.896,0.099,11.934,-0.0402,2.2119,-0.0049,-0.23,-14.08,111.95
121720,0.682,0.073,11.138,0.0887,1.9547,-0.0938,-0.24,-13.16,111.78
121731,0.591,0.020,11.386,0.0872,2.5232,0.0024,-0.13,-11.81,111.73
121740,0.521,-0.338,10.776,0.3696,3.0020,0.0222,-0.14,-10.30,111.76
121750,-0.165,0.027,11.273,-0.3694,2.5923,-0.0126,0.27,-8.35,111.79
121760,0.133,0.059,11.263,-0.5780,1.5743,-0.0212,-0.56,-7.38,111.84
121771,-1.073,-0.265,10.239,-0.3129,2.5474,-0.0582,-0.38,-6.57,111.82
121780,-0.304,-0.487,10.413,0.2623,2.3610,0.0007,-0.91,-4.48,111.71
121790,-0.822,0.045,10.028,0.6696,0.9792,-0.0609,-0.10,-3.89,111.77
121801,-0.947,0.183,8.957,0.1460,1.5963,0.0306,-0.17,-3.37,111.80
121811,-1.103,0.189,8.997,0.1325,1.4112,0.0313,0.09,-2.07,111.78
121820,-0.676,0.384,8.504,0.1089,1.5034,-0.0780,-0.05,-1.75,111.85
121830,-1.196,0.483,8.602,-0.0076,2.0993,-0.0357,0.20,-0.37,111.82
121840,-1.044,0.060,7.887,-0.4294,1.6072,-0.0123,-0.07,0.64,111.90
121851,-1.204,-0.091,8.261,-0.0535,1.4854,-0.0800,-0.27,1.47,111.80
121860,-1.620,0.052,8.540,0.3691,1.9532,-0.0635,-0.10,2.32,111.89
121871,-1.197,-0.055,8.120,0.3491,1.4940,0.0008,0.17,3.72,111.76
121880,-1.616,-0.039,7.664,-0.7218,1.5564,-0.0002,0.29,4.02,111.81
121891,-1.532,-0.144,7.621,-0.5222,1.6938,-0.0257,-0.67,5.49,111.78
121901,-1.841,-0.399,8.146,0.7097,1.4788,0.0775,-0.28,6.00,111.66
121910,-1.823,0.166,7.898,0.3821,1.6151,0.0770,0.16,7.18,111.85
121921,-1.639,0.008,7.951,-0.1118,1.6188,0.0032,0.20,7.87,111.79
121931,-2.183,-0.032,7.999,-0.2292,1.7401,0.0153,0.02,9.02,111.87
121941,-2.203,-0.156,8.412,0.1312,1.3984,-0.0675,-0.08,9.87,111.83
121951,-2.369,-0.380,8.192,-0.0284,1.4001,-0.0228,0.19,10.63,111.77
121961,-2.371,-0.134,8.760,-0.3511,1.5979,0.0536,-0.10,11.47,111.81
121971,-2.191,0.251,9.090,0.1307,1.9255,-0.0073,-0.18,12.45,111.83
121981,-2.369,-0.229,8.971,0.5562,1.7866,0.0523,0.08,13.67,111.88
121990,-2.922,-0.234,9.125,0.5136,0.9157,0.0182,0.41,14.49,111.92
122000,-2.763,0.209,25.099,0.4902,-1.3415,0.1062,0.62,14.74,111.78
122010,-2.071,0.153,21.439,0.3634,-1.9902,0.0133,0.98,12.97,111.85
122021,-1.620,0.283,17.075,-0.2691,-2.1880,-0.0013,1.04,12.38,111.76
122030,-0.920,-0.183,12.934,0.6263,-3.0207,-0.0095,0.69,10.45,111.60
122041,-1.019,0.260,10.885,1.3222,-1.8547,-0.0053,1.73,8.91,111.77
122051,-0.777,-0.057,10.189,0.2799,-1.7283,-0.0927,2.26,8.28,111.81
122061,-0.893,0.199,9.734,0.2254,-2.5659,-0.0301,2.04,6.92,111.77
122071,-0.530,0.370,9.771,1.3672,-2.2470,0.0992,2.52,5.34,111.93
122081,0.182,0.297,9.769,0.7978,-2.6201,-0.0218,3.60,4.36,111.85
122090,0.326,0.899,10.015,0.4340,-2.5457,-0.0402,3.45,2.34,111.64
122100,0.384,0.695,10.057,0.9800,-1.9444,-0.0005,4.13,1.45,111.73
122111,0.898,1.131,10.058,0.3757,-1.6072,-0.0407,4.58,0.09,111.85
122121,0.721,1.014,9.507,0.6381,0.2246,0.0394,4.55,-0.38,111.85
122130,0.748,0.983,9.698,0.5159,0.2469,-0.0064,5.35,0.36,111.80
122141,1.155,0.992,10.083,0.0558,-0.6104,-0.0214,5.12,-0.09,111.68
122150,1.211,0.873,9.597,0.3655,-0.0197,0.0021,5.41,-0.37,111.78
122161,1.035,1.045,9.952,0.5479,0.5189,-0.0111,5.51,-0.08,111.86
122170,1.084,1.026,9.744,0.7262,0.2446,-0.1188,6.10,0.24,111.72
122180,1.191,0.614,10.143,0.4391,-0.1351,0.0532,6.35,0.22,111.76
122190,1.079,1.299,9.389,0.5960,-0.5010,0.0707,6.64,0.08,111.75
122201,1.286,1.053,9.265,0.3724,-0.4647,0.0121,7.02,-0.37,111.74
122211,1.989,0.838,9.669,0.5728,0.6665,0.0298,7.03,-0.43,111.85
122221,1.846,1.132,9.599,0.3548,0.2910,0.0751,7.63,0.38,111.80
122231,1.757,1.192,9.593,-0.3063,-0.4571,0.0149,7.42,-0.12,111.73
122240,1.207,1.240,9.713,0.6955,0.1219,0.0636,7.25,-0.10,111.79
122251,1.019,1.465,9.554,0.9056,0.2220,0.0251,8.22,0.00,111.72
122260,1.391,1.461,9.396,-0.4019,-0.2509,-0.0371,8.30,0.14,111.82
122271,1.348,1.334,10.182,-0.3339,-0.2039,0.0729,7.77,-0.26,111.75
122280,1.323,1.232,9.592,0.9372,0.2287,-0.1275,7.92,-0.09,111.70
122290,1.516,1.356,9.488,0.5369,0.6486,-0.0618,8.85,-0.02,111.80
122300,0.614,1.359,9.522,-0.4712,-0.0539,0.0621,8.51,0.66,111.88
122311,1.543,1.763,9.947,-0.2751,-1.0224,0.0933,8.32,-0.06,111.75
122320,1.742,1.299,9.719,0.2632,0.0678,-0.0173,8.18,-0.53,111.85
122330,1.625,1.236,9.988,0.3271,0.9642,0.0480,8.64,0.03,111.86
122341,1.529,1.718,9.647,0.1964,0.3208,0.0518,8.56,0.62,111.87
122351,1.264,1.442,9.708,0.0125,-0.4731,0.0114,8.86,0.38,111.64
122361,1.599,1.597,9.661,-0.3020,-0.5768,-0.0131,8.57,0.08,111.81
122371,1.980,1.766,10.074,-0.4261,-0.1568,0.0659,8.48,-0.30,111.63
122380,1.125,1.180,9.771,-0.5357,0.1783,0.0805,8.09,-0.10,111.67
122391,1.649,1.501,9.648,0.3136,-0.3192,0.0134,7.90,-0.10,111.83
122400,2.085,1.148,9.576,0.2096,-0.2175,0.0589,8.48,-0.45,111.65
122410,0.903,0.951,9.967,0.0820,0.8460,-0.0071,8.14,-0.37,111.98
122420,0.952,1.467,9.638,-0.1380,-0.2314,-0.0029,8.57,0.45,111.85
122430,1.445,1.656,9.957,-1.0722,-0.4687,0.0063,7.96,-0.58,111.75
122441,1.504,1.245,9.218,-0.5657,0.3228,0.0381,7.34,-0.11,111.80
122450,0.705,1.087,9.699,0.2374,0.1932,-0.0195,7.29,-0.21,111.70
122460,1.422,1.319,9.798,-0.3353,0.4867,-0.0569,7.62,0.14,111.86
122471,0.558,1.496,9.963,-0.5833,-0.2241,-0.0284,6.91,0.40,111.91
122480,1.294,1.290,9.736,-0.2118,-0.0807,-0.0851,6.97,-0.13,111.71
122491,0.467,1.256,9.604,-0.1493,0.1065,0.0336,6.68,0.33,111.88
122501,0.347,1.212,10.043,-0.5342,-0.6789,-0.0278,6.82,-0.04,111.76
122511,-0.142,0.579,9.852,-0.8122,-0.6815,0.0805,6.07,-0.46,111.85
122521,0.692,0.805,10.487,-0.7600,-1.4767,-0.0310,5.90,-0.79,111.63
122530,0.987,1.246,10.714,-0.4670,-2.6956,0.0138,5.23,-2.14,111.78
122541,0.821,0.869,10.851,0.0387,-2.8358,-0.0180,5.37,-3.88,111.87
122551,1.186,0.931,11.239,-0.5895,-2.5229,-0.0007,5.25,-5.36,111.74
122561,1.393,0.805,11.297,-0.7953,-3.1010,0.0720,4.69,-6.71,111.75
122571,1.674,1.155,11.779,-0.6348,-2.5733,0.0635,4.34,-8.92,111.82
122580,1.156,0.851,12.562,-0.4024,-2.2300,0.0910,3.96,-9.70,111.75
122590,1.796,0.114,12.804,-0.6777,-2.9244,0.0049,3.89,-11.48,111.82
122600,2.009,0.091,13.468,-1.1090,-2.9259,0.0653,3.17,-13.08,111.68
122610,1.959,0.459,13.607,-1.0468,-2.7745,0.0486,2.60,-14.88,111.80
122621,2.348,0.533,14.300,-0.5742,-2.4747,-0.0445,1.97,-16.30,111.76
122631,2.354,0.377,13.899,-0.5074,-2.3512,-0.0613,1.95,-17.71,111.77
122640,3.016,-0.064,14.252,-0.2520,-2.4437,0.0855,1.38,-19.00,111.82
122650,2.878,0.194,13.203,-0.6305,-2.9910,0.0500,1.67,-20.54,111.71
122661,2.853,-0.022,12.667,-0.9426,-3.1375,0.0704,0.68,-22.42,111.75
122670,2.594,0.355,12.092,-0.2681,-2.5041,0.0285,0.56,-24.13,111.72
122681,3.414,-0.136,11.670,-0.6827,-2.7610,-0.0391,0.37,-25.31,111.93
122691,3.388,-0.080,10.576,-0.2555,-2.9603,-0.0498,-0.23,-27.26,111.83
122701,4.062,-0.469,10.871,0.2099,-2.0780,-0.0963,0.09,-28.69,111.94
122710,4.013,0.108,10.182,-0.0832,-0.3800,0.0175,0.03,-29.64,111.80
122720,3.852,0.224,9.604,-0.1249,1.9054,0.0422,-0.04,-29.09,111.69
122730,2.873,0.213,9.629,-0.2922,2.1531,-0.0784,-0.16,-27.47,111.88
122741,3.440,-0.407,9.990,-0.5106,1.8702,-0.0032,-0.37,-26.63,111.76
122751,3.036,-0.282,10.252,0.0451,1.6977,-0.0477,-0.76,-25.31,111.82
122761,2.836,0.046,10.076,0.7834,2.0727,-0.0813,-0.30,-24.68,111.71
122771,2.385,-0.608,10.330,-0.2398,2.8559,-0.0111,0.11,-22.96,111.75
122781,2.397,-0.218,10.591,-0.2737,2.4541,-0.0697,-0.58,-21.42,111.85
122791,2.163,-0.150,11.379,0.4340,1.5415,0.0102,-0.17,-20.16,111.67
122800,2.086,-0.098,11.348,0.1765,2.2699,0.0173,-0.09,-19.65,111.93
122810,1.328,0.059,11.691,0.0618,2.4881,-0.0264,-0.01,-17.54,111.80
122820,1.026,0.253,11.451,0.0963,1.6304,0.0153,-0.03,-16.82,111.73
122831,1.322,0.132,11.438,-0.3623,2.1694,-0.0035,0.11,-15.66,111.83
122841,0.858,-0.248,11.970,0.2483,1.9566,0.0003,-0.40,-14.33,111.82
122850,0.739,-0.054,11.893,0.6679,1.7297,0.0705,0.42,-13.37,111.75
122861,0.268,0.406,11.419,-0.0700,2.3914,-0.0069,0.35,-12.36,111.85
122870,0.205,-0.378,11.037,-0.2834,2.2514,0.0152,0.31,-10.60,111.81
122880,0.773,0.014,10.945,-0.1777,1.9199,-0.0140,0.06,-9.74,111.80
122891,0.266,-0.080,10.535,-0.5633,1.9582,0.0271,0.09,-8.43,111.77
122900,-0.297,0.114,10.435,-0.3438,2.5368,0.0306,-0.57,-7.46,111.74
122910,-0.470,0.382,10.567,0.0278,1.8804,-0.0176,-0.27,-5.54,111.69
122920,-0.543,-0.226,9.646,0.2162,1.1437,0.0792,-0.55,-5.28,111.80
122930,-0.488,-0.537,9.849,0.2471,1.4706,0.0545,-0.00,-4.24,111.62
122940,-0.391,-0.137,9.308,-0.1304,1.6488,-0.0311,-0.26,-3.61,111.84
122951,-0.934,0.308,9.259,0.4821,1.8058,0.0040,-0.15,-2.36,111.82
122961,-1.106,-0.070,8.984,0.0593,1.4007,-0.0811,0.29,-1.50,111.67
122971,-1.153,-0.421,8.232,-0.1052,1.5716,0.0281,-0.06,-0.76,111.72
122980,-0.772,-0.118,8.264,-0.0313,2.1903,-0.0553,0.18,0.28,111.74
122990,-1.271,-0.060,8.448,0.2152,1.5094,0.0218,-0.12,1.76,111.81
123000,-1.402,0.009,7.690,-0.0298,1.1838,-0.0697,0.44,1.99,111.66
123010,-1.674,0.186,7.996,-0.5353,1.3445,-0.0333,-0.14,3.08,111.72
123021,-1.352,-0.221,7.967,-0.1145,1.4155,-0.0112,-0.18,3.55,111.89
123031,-1.899,-0.055,7.680,0.3391,2.4052,-0.0165,-0.26,4.71,111.89
123041,-1.971,0.026,7.280,0.3822,1.8790,0.0223,0.16,6.31,111.82
123050,-1.832,-0.084,7.845,0.1961,0.9184,-0.0603,0.17,6.87,111.75
123061,-2.289,-0.143,7.875,-0.5220,1.0638,-0.0307,0.42,7.36,111.89
123071,-2.441,0.178,8.000,-0.3969,1.6628,-0.0306,-0.41,8.09,111.79
123080,-2.282,-0.031,7.851,0.1886,1.6528,-0.0084,-0.02,9.22,111.80
123090,-2.928,0.048,8.505,0.2593,1.7136,0.0359,-0.19,9.98,111.65
123101,-2.251,-0.124,8.541,0.3228,1.4849,-0.0149,0.25,11.20,111.72
123110,-2.302,0.091,8.515,-0.4509,0.9376,0.0062,0.17,11.67,111.72
123120,-2.469,0.069,9.114,-0.0889,1.2805,0.0367,-0.25,12.27,111.62
123131,-2.741,0.356,8.890,0.1003,1.5749,-0.0037,0.06,13.10,111.78
123140,-2.262,0.023,9.399,-0.4604,-11.5522,0.0521,-0.13,14.08,111.61
123150,0.239,-0.030,10.038,0.2046,-12.6278,0.0702,-0.47,-0.16,111.78
123160,0.006,0.219,9.853,0.1158,0.3392,-0.0516,0.07,-0.42,111.76
123170,-0.163,-0.056,9.848,0.2769,0.3247,0.0978,-0.36,0.23,111.58
123180,0.558,0.498,9.687,0.5691,-0.7563,-0.0168,0.36,-0.09,111.91
123190,0.212,0.191,10.412,-0.2946,-0.0456,0.0279,0.28,-0.59,111.81
123201,0.308,0.120,9.579,-0.2472,0.3861,-0.0480,0.02,-0.15,111.83
123210,0.098,0.382,9.381,0.2464,0.1499,0.0403,-0.02,-0.12,111.77
123220,0.014,-0.102,9.537,0.1599,0.0164,-0.0335,0.30,0.01,111.67
123230,0.151,-0.010,9.863,-0.5297,-0.1415,0.0644,0.14,-0.06,111.76
123241,-0.018,-0.194,10.196,-0.2327,-0.2116,-0.0515,-0.30,-0.15,111.87
123251,0.467,0.203,9.524,0.2638,0.4139,-0.0013,-0.11,-0.35,111.66
123261,-0.359,0.075,9.952,-0.0066,0.3943,0.0363,0.05,0.35,111.77
123270,-0.211,-0.224,9.958,0.0192,-0.3623,0.0146,-0.14,0.09,111.89
123281,-0.192,-0.225,9.805,0.0274,-0.1211,0.0544,0.07,-0.06,111.79
123290,0.103,0.232,10.015,0.0898,-0.0339,0.0462,-0.08,-0.06,111.77
123300,0.147,0.201,9.544,0.3402,-0.3035,-0.0256,0.18,-0.04,111.71
123310,-0.021,-0.547,9.261,-0.3055,0.2287,0.0214,0.32,-0.40,111.81
123321,0.351,-0.285,9.548,-0.1133,0.2443,0.0531,-0.20,0.21,111.86
123330,-0.025,0.042,9.309,-0.0588,-0.1330,0.0226,0.19,-0.11,111.67
123341,0.058,0.193,9.755,0.0777,0.1813,0.0453,-0.27,0.10,111.61
123350,-0.334,-0.331,9.915,0.0202,0.3712,0.0097,0.21,0.10,111.74
123360,-0.592,0.077,10.330,-0.1254,-0.1718,0.0336,-0.26,0.55,111.76
123371,-0.061,0.460,10.147,0.0621,-0.0316,-0.0159,0.10,-0.07,111.81
123380,0.277,-0.021,9.667,-0.3831,-0.1323,0.0250,-0.22,0.51,111.84
123390,0.252,-0.243,9.469,0.2704,-0.0156,0.0641,-0.31,-0.24,111.82
123401,0.536,0.006,9.867,0.2046,0.1730,0.0046,0.12,0.52,111.75
123411,-0.274,-0.189,9.619,0.1717,-0.0279,-0.0581,-0.07,-0.03,111.83
123421,-0.053,-0.014,9.952,-0.3715,0.0374,-0.0543,0.31,0.47,111.76
123431,0.001,-0.297,9.551,-0.4036,-0.3687,-0.0990,-0.49,0.01,111.78
123441,0.211,0.265,9.922,0.2478,0.3474,-0.0738,-0.19,0.05,111.77
123450,-0.297,-0.227,9.790,0.2545,-0.4187,-0.0332,-0.20,0.43,111.83
123460,0.103,-0.276,9.543,-0.3418,-0.5043,0.1179,0.09,-0.44,111.95
123471,0.324,0.034,9.876,-0.1695,0.1564,0.0541,-0.65,-0.16,111.77
123480,0.424,0.382,9.648,0.9127,0.0942,0.0141,-0.11,-0.30,111.87
123491,0.111,-0.268,9.573,0.0663,0.2354,0.0031,0.41,-0.03,111.76
123501,-0.094,0.358,9.480,-0.3741,0.0300,-0.0115,-0.04,-0.05,111.83
123511,0.202,0.080,9.664,0.0767,0.2809,0.0323,-0.04,0.02,111.75
123521,0.010,0.006,10.151,-0.0069,-0.4247,-0.0058,0.03,0.26,111.80
123531,-0.314,-0.034,9.917,0.0822,-0.2106,0.0749,-0.06,-0.45,111.86
123541,-0.488,-0.205,9.753,-0.2550,0.1831,0.0609,0.14,0.04,111.58
123550,0.004,-0.066,9.468,-0.2833,-0.2727,-0.0713,-0.40,-0.23,111.81
123561,-0.083,-0.198,10.143,0.4393,0.1511,-0.0233,-0.19,-0.30,111.63
123571,0.333,0.094,9.990,0.0969,0.3298,0.0243,0.06,-0.06,111.65
123581,0.199,0.370,9.946,-0.4361,0.0095,0.0739,-0.09,0.08,111.73
123590,-0.355,-0.062,9.415,0.5942,-0.3649,0.0714,-0.44,-0.02,111.86
123601,0.061,0.100,9.758,0.6184,-0.3217,0.0255,0.55,-0.30,111.87
123610,0.294,0.581,9.763,-0.5922,0.4230,-0.0405,0.25,-0.37,111.78
123621,0.176,-0.111,10.284,-0.0595,0.1855,0.0673,-0.09,0.14,111.74
123630,0.372,-0.093,9.689,-0.1035,0.1712,-0.0629,0.20,-0.17,111.75
123641,-0.138,-0.008,9.814,0.1510,-0.0434,0.1367,-0.17,0.30,111.73
123650,-0.378,0.055,9.933,-0.0467,0.0014,0.0078,0.39,-0.21,111.77
123661,-0.194,0.278,9.756,-0.5390,0.2094,0.0356,-0.23,0.29,111.81
123670,0.414,-0.143,10.077,-0.2959,-0.3630,0.0243,-0.24,0.00,111.69
123680,0.314,0.215,10.025,0.3801,-0.0404,-0.0548,-0.54,-0.12,111.68
123691,-0.569,-0.111,10.071,0.5752,0.0626,0.0614,0.22,-0.06,111.76
123701,-0.142,-0.148,9.951,-0.0404,0.5975,0.0645,0.12,-0.03,111.70
123710,-0.202,-0.104,9.944,-0.2660,0.0678,0.0789,0.19,0.61,111.73
123720,-0.247,0.251,9.965,-0.5068,-0.9353,-0.0043,-0.16,0.05,111.68
123730,0.452,-0.245,10.192,0.6488,-0.4992,0.1129,-0.41,-0.48,111.78
123741,-0.161,-0.011,9.134,0.3212,0.2674,0.0556,0.57,-0.52,111.71
123751,0.250,0.278,10.029,-0.6155,0.5635,-0.0495,-0.01,-0.15,111.68
123761,-0.053,0.129,9.215,0.1500,0.2640,0.0428,-0.16,0.14,111.83
123771,-0.083,0.081,9.274,0.1064,0.2181,-0.0579,0.18,0.16,111.69
123781,-0.186,-0.390,9.641,-0.2501,-0.0715,-0.0085,-0.04,0.39,111.82
123791,-0.018,-0.252,9.564,-0.3227,-0.3698,0.0134,-0.13,0.07,111.79
123800,-0.124,-0.055,10.044,0.5209,0.0847,-0.0893,-0.38,-0.04,111.87
123810,-0.286,0.207,10.161,0.6153,0.4539,-0.0187,0.47,0.15,111.95
123821,-0.423,-0.050,9.635,-0.1131,-0.2953,0.0264,0.29,0.49,111.79
123830,-0.127,-0.088,9.409,-0.4692,0.0673,0.0054,0.32,-0.18,111.83
123841,0.125,0.246,9.950,-0.2727,-0.4424,-0.0168,-0.27,0.54,111.73
123851,0.174,-0.048,9.521,0.2779,-1.1233,0.0386,0.01,-0.71,111.77
123861,0.088,-0.416,9.679,-0.3295,1.0021,0.0162,0.06,-0.73,111.80
123870,-0.096,0.329,10.172,0.2450,0.6510,0.0292,-0.39,0.45,111.82
123880,-0.000,0.243,9.805,0.5759,-0.2027,-0.0529,0.37,0.02,111.72
123891,0.328,0.018,9.531,-0.3128,-0.1476,0.0587,0.36,0.22,111.88
123900,0.071,0.354,9.761,-0.2392,0.0207,0.0223,0.02,-0.15,111.70
123911,-0.265,-0.288,9.997,-0.3206,0.0649,0.0675,0.10,0.22,111.65
123921,0.246,0.227,9.891,-0.5530,0.0326,-0.0200,-0.36,-0.06,111.80
123930,-0.308,-0.482,9.510,0.5720,-0.3281,-0.0157,-0.53,0.27,111.64
123941,0.308,0.197,9.556,0.6965,0.0225,0.0112,0.30,-0.42,111.80
123950,0.075,0.162,10.301,-0.3745,0.5734,0.0595,0.27,0.30,111.76
123960,0.319,-0.292,10.153,-0.3820,-0.0740,0.0481,-0.11,0.26,111.62
123971,-0.094,-0.028,9.666,0.2664,-0.2378,-0.0239,-0.19,0.21,111.76
123981,0.367,-0.285,9.943,0.0573,0.1399,0.0880,0.19,-0.04,111.72
123991,0.008,0.204,9.572,-0.4148,0.2071,-0.0162,-0.15,0.38,111.80
124000,-0.084,0.176,9.820,-0.2160,-0.2711,-0.0996,-0.27,0.19,111.79
124011,-0.149,-0.236,10.086,0.4605,-0.0493,0.0618,-0.41,0.06,111.69
124020,-0.285,0.203,10.070,0.2248,-0.4743,-0.0898,0.24,0.14,111.90
124030,0.406,0.455,9.699,-0.3505,0.0484,-0.0290,-0.16,-0.50,111.76
124040,-0.441,0.163,9.294,0.0407,0.4032,0.0685,-0.16,0.15,111.82
124050,0.223,0.045,10.081,-0.4653,-0.4439,0.0211,-0.10,-0.04,111.77
124060,0.031,-0.383,10.093,-0.6220,0.1382,-0.0028,-0.68,-0.38,111.64
124070,-0.233,-0.121,9.501,0.7162,0.2554,-0.0579,-0.80,0.14,111.77
124080,-0.105,0.035,9.837,0.7759,-0.2180,0.0152,0.14,-0.08,111.70
124090,0.145,0.029,10.261,0.2134,-0.1626,-0.0169,0.06,-0.11,111.71
124101,0.168,-0.006,9.900,0.4532,-0.0772,-0.0084,0.37,-0.26,111.89
124110,0.295,0.178,9.912,-0.0695,-0.0358,-0.0124,0.57,-0.20,111.81
124121,-0.064,0.107,10.101,-0.6654,0.2653,-0.0154,0.25,-0.35,111.63
124131,0.015,0.086,9.396,-0.1768,-0.0627,0.0150,-0.20,0.11,111.65
124141,-0.250,0.017,9.345,0.3468,0.4144,0.0551,0.06,-0.37,111.66
124151,0.329,0.018,9.938,0.3135,0.3996,-0.0404,0.19,0.58,111.70
124161,0.148,-0.250,9.649,0.0573,-0.5487,-0.0611,0.44,0.07,111.86
124171,-0.124,0.050,9.778,-0.3057,-0.0765,0.0325,0.22,-0.05,111.86
124180,-0.286,-0.334,9.680,-0.2060,-0.3002,0.0012,0.09,-0.04,111.76
124191,-0.288,0.113,9.931,-0.0289,-0.1866,0.0415,-0.04,-0.35,111.70
124200,-0.335,-0.510,9.927,0.2076,0.7253,-0.0605,0.03,-0.23,111.61
124211,0.043,-0.019,9.711,-0.0453,0.0901,-0.0647,0.21,0.49,111.83
124221,-0.089,-0.346,9.724,-0.0438,-1.0429,0.0690,0.00,-0.12,111.74
124230,0.004,0.394,9.902,0.1121,-0.0430,-0.0433,0.15,-0.69,111.74
124240,0.118,0.092,9.778,0.0856,0.8548,0.0254,0.09,-0.17,111.82
124250,0.135,0.178,9.814,0.0741,0.1205,-0.0261,0.21,0.23,111.72
124261,-0.036,0.166,9.473,-0.2264,-0.0182,0.0047,0.19,-0.02,111.75
124270,-0.202,0.763,9.765,-0.3120,-0.3466,-0.0956,-0.07,0.22,111.83
124281,0.368,0.031,9.964,0.1418,-0.4365,-0.0000,-0.18,-0.38,111.80
124290,-0.179,0.062,10.076,0.4248,0.4921,0.0391,0.09,-0.32,111.66
124301,0.180,-0.232,10.269,-0.0584,0.3681,0.0342,0.30,0.15,111.86
124310,0.256,-0.041,9.395,0.1340,0.2746,0.0163,0.01,0.15,111.69
124321,0.101,0.159,9.721,0.1895,-0.1248,0.0377,0.46,0.48,111.82
124330,0.162,-0.356,9.749,0.0179,-0.1966,0.0733,0.24,-0.01,111.71
124340,-0.136,0.393,9.682,0.0140,-0.0733,0.0359,0.49,0.22,111.62
124350,0.395,0.032,9.645,-0.5329,-0.3190,-0.0444,0.30,-0.07,111.76
124360,-0.041,0.421,10.269,-0.6704,0.3312,-0.0404,-0.14,-0.14,111.85
124370,0.074,-0.040,9.909,0.3102,0.2936,-0.0197,-0.45,0.30,111.63
124380,-0.071,-0.542,9.570,0.7971,-0.1690,-0.0010,0.20,0.16,111.65
124391,-0.072,-0.140,9.586,-0.4224,0.0104,-0.0319,0.44,0.15,111.92
124400,-0.289,0.393,9.532,-0.8510,-0.1932,-0.0464,-0.32,0.19,111.61
124410,-0.001,-0.123,9.489,0.5559,-0.2320,0.0675,-0.57,-0.05,111.77
124420,0.023,0.465,9.899,0.0813,-0.1463,0.0949,0.28,-0.08,111.76
124431,-0.364,-0.566,9.844,0.0439,-0.0195,0.0305,-0.48,-0.21,111.73
124440,0.317,0.214,9.525,0.4628,0.1661,-0.0494,0.35,-0.08,111.74
124450,0.169,-0.144,9.414,-0.3800,-0.1901,-0.0044,0.09,0.02,111.77
124460,0.419,-0.040,9.597,-0.3016,-0.1254,0.0719,-0.10,-0.24,111.75
124471,0.014,-0.365,9.947,0.2198,0.7497,-0.0850,-0.28,-0.09,111.77
124481,-0.121,-0.123,9.846,0.1388,0.3225,-0.0601,0.16,0.60,111.69
124490,0.151,0.150,10.163,0.5163,0.1379,0.0558,-0.11,0.26,111.72
124501,-0.266,-0.136,9.832,0.4429,-0.7073,0.0547,0.76,0.73,111.77
124511,0.048,-0.126,9.623,-0.8548,-0.8081,0.0419,0.42,-0.54,111.69
124520,-0.425,0.182,9.614,-0.6874,0.6980,-0.0181,-0.23,-0.20,111.83
124531,-0.101,-0.142,9.864,-0.0070,0.1808,-0.0338,-0.39,0.28,111.76
124540,-0.267,0.150,9.782,0.6119,-0.6083,-0.0291,-0.23,-0.02,111.69
124551,-0.206,0.175,9.287,0.4103,-0.0043,-0.0680,0.30,-0.39,111.69
124561,-0.092,-0.415,9.762,-0.1581,0.4082,-0.0192,0.25,-0.03,111.84
124570,-0.048,-0.496,9.766,-0.0403,-0.3298,-0.0680,0.07,0.10,111.67
124581,-0.102,-0.380,9.605,-0.1390,-0.0447,0.0687,0.21,-0.41,111.78
124590,-0.210,-0.321,10.004,-0.1729,0.5327,-0.0522,-0.10,0.06,111.89
124600,-0.659,-0.109,9.942,0.4204,0.0016,-0.0155,0.00,0.23,111.73
124610,0.372,0.526,9.355,0.3862,-0.3376,0.0183,0.38,0.10,111.76
124621,-0.019,0.143,10.232,-0.7904,0.0946,-0.0311,0.44,-0.11,111.77
124631,0.392,0.042,10.095,-0.7708,0.1285,0.0709,-0.52,0.25,111.73
124641,-0.404,-0.305,9.654,0.1362,-0.6447,0.0677,-0.43,0.04,111.68
124651,0.188,0.367,9.726,0.3201,-0.4910,0.0064,-0.36,-0.47,111.57
124661,0.325,-0.365,9.658,0.3043,0.2553,-0.0079,-0.08,-0.50,111.86
124670,-0.206,-0.296,9.648,0.4586,0.4829,0.0228,0.01,-0.15,111.77
124680,0.049,-0.362,9.617,0.4103,0.3728,0.0867,0.44,0.03,111.76
124691,0.191,0.268,9.844,-0.2206,-0.0001,0.0020,0.48,0.29,111.71
124700,0.113,-0.299,10.249,-0.1970,-0.0427,-0.0227,0.19,0.06,111.76
124710,-0.191,-0.055,9.736,0.0937,-0.0532,-0.0251,0.25,0.21,111.59
124720,0.382,0.603,9.593,-0.5590,-0.2305,0.0793,0.30,-0.01,111.75
124731,0.122,-0.250,9.570,-0.1286,0.3202,0.0648,-0.38,-0.03,111.70
124741,0.007,0.256,9.439,0.3504,0.1577,-0.0080,0.13,0.38,111.77
124750,-0.585,0.177,9.571,0.2929,-0.7347,0.0531,0.03,0.16,111.65
124761,0.005,-0.146,9.982,0.3721,0.2973,-0.0101,0.46,-0.45,111.73
124770,0.322,-0.186,9.687,-0.7345,0.3882,0.0077,0.46,0.46,111.81
124780,-0.017,0.065,9.775,-0.3739,-0.1944,0.0164,-0.36,0.00,111.87
124791,-0.156,-0.279,10.214,0.1770,-0.0336,-0.0657,0.05,0.24,111.64
124800,-0.095,-0.143,10.149,-0.0314,-0.1974,-0.0477,-0.18,-0.02,111.64
124811,-0.094,-0.040,10.057,0.1628,-0.1095,-0.0642,0.00,0.01,111.65
124820,0.165,0.189,9.939,0.0770,-0.2291,0.0056,0.01,-0.14,111.63
124831,-0.207,-0.219,10.054,-0.2801,0.3543,0.0378,0.05,-0.27,111.65
124840,0.215,-0.372,9.726,0.1591,-0.0519,-0.0082,-0.30,0.30,111.80
124851,0.130,0.480,9.895,0.5123,-0.5152,-0.0214,0.23,-0.34,111.59
124861,0.321,0.257,9.748,0.2537,0.2547,-0.0027,0.30,-0.31,111.85
124870,-0.300,0.454,9.626,-0.2641,0.2389,-0.0453,0.57,-0.04,111.69
124880,0.374,0.104,9.695,-0.3689,-0.2855,-0.0189,0.00,-0.05,111.65
124890,-0.282,0.188,9.640,-0.4005,-0.1708,0.0402,0.15,-0.35,111.73
124900,0.372,-0.415,9.948,0.1252,0.2092,0.0096,-0.51,-0.24,111.80
124910,0.364,0.080,9.615,0.6574,0.2911,0.0358,0.25,-0.11,111.80
124921,-0.096,0.131,9.714,-0.6997,0.2082,0.0264,0.24,0.09,111.80
124931,-0.231,0.056,9.758,-0.1097,-0.1483,-0.0721,-0.54,0.12,111.75
124940,0.261,-0.177,9.423,0.7707,0.2145,-0.0561,0.14,-0.04,111.74
124951,0.164,0.333,9.619,-0.1811,0.1565,0.0581,0.33,0.32,111.62
124960,0.253,-0.278,9.760,-0.4713,-0.0875,0.0557,-0.09,0.09,111.71
124970,-0.174,-0.168,9.761,-0.0474,-0.1658,0.0086,-0.18,0.19,111.72
124981,-0.333,0.183,9.404,0.1705,-0.0353,-0.0475,-0.13,-0.09,111.82
124990,0.021,0.180,9.309,0.2281,0.4617,-0.0125,-0.01,0.17,111.76
